image_id,p_180
test_00000,0.00036
test_00001,1.00000
test_00002,1.00000
test_00003,0.00002
test_00004,1.00000
test_00005,0.03296
test_00006,0.99999
test_00007,1.00000
test_00008,1.00000
test_00009,0.00000
test_00010,1.00000
test_00011,0.00000
test_00012,0.00001
test_00013,1.00000
test_00014,0.70220
test_00015,1.00000
test_00016,1.00000
test_00017,0.00000
test_00018,0.00000
test_00019,0.00000
test_00020,0.00000
test_00021,0.00000
test_00022,0.99931
test_00023,0.19451
test_00024,0.00001
test_00025,1.00000
test_00026,1.00000
test_00027,0.00853
test_00028,0.98209
test_00029,1.00000
test_00030,0.00000
test_00031,0.88975
test_00032,0.60144
test_00033,0.99252
test_00034,0.99794
test_00035,1.00000
test_00036,0.00000
test_00037,0.54883
test_00038,0.51299
test_00039,0.00004
test_00040,0.00000
test_00041,0.00017
test_00042,0.99973
test_00043,0.00000
test_00044,0.32613
test_00045,0.97769
test_00046,0.00000
test_00047,1.00000
test_00048,0.99978
test_00049,0.95302
test_00050,0.99998
test_00051,0.00001
test_00052,0.00000
test_00053,0.76220
test_00054,0.00000
test_00055,0.14295
test_00056,0.00000
test_00057,0.21788
test_00058,0.00000
test_00059,0.00006
test_00060,0.99873
test_00061,0.00005
test_00062,0.00000
test_00063,0.00000
test_00064,0.00001
test_00065,1.00000
test_00066,0.11481
test_00067,0.00000
test_00068,0.00001
test_00069,0.75175
test_00070,0.99736
test_00071,0.99991
test_00072,1.00000
test_00073,0.99831
test_00074,0.99401
test_00075,0.99997
test_00076,0.00000
test_00077,1.00000
test_00078,1.00000
test_00079,0.01809
test_00080,0.00000
test_00081,1.00000
test_00082,0.73907
test_00083,0.00011
test_00084,1.00000
test_00085,1.00000
test_00086,1.00000
test_00087,1.00000
test_00088,0.00000
test_00089,0.99999
test_00090,0.00002
test_00091,0.00000
test_00092,1.00000
test_00093,0.00000
test_00094,1.00000
test_00095,0.99891
test_00096,0.00000
test_00097,0.00000
test_00098,0.00000
test_00099,0.00000
test_00100,0.00000
test_00101,0.00048
test_00102,0.00000
test_00103,1.00000
test_00104,1.00000
test_00105,0.00000
test_00106,0.00003
test_00107,0.97333
test_00108,0.71447
test_00109,0.00001
test_00110,1.00000
test_00111,0.59688
test_00112,1.00000
test_00113,0.00000
test_00114,0.99999
test_00115,0.00054
test_00116,0.00000
test_00117,0.99959
test_00118,1.00000
test_00119,0.03877
test_00120,0.00031
test_00121,1.00000
test_00122,1.00000
test_00123,0.99993
test_00124,0.00001
test_00125,0.46453
test_00126,0.00000
test_00127,1.00000
test_00128,0.00002
test_00129,0.00313
test_00130,1.00000
test_00131,0.00000
test_00132,1.00000
test_00133,1.00000
test_00134,0.00000
test_00135,0.54648
test_00136,0.00000
test_00137,0.99991
test_00138,1.00000
test_00139,0.00000
test_00140,1.00000
test_00141,0.00000
test_00142,0.99999
test_00143,0.95029
test_00144,0.01155
test_00145,0.00000
test_00146,0.00000
test_00147,0.37295
test_00148,1.00000
test_00149,1.00000
test_00150,0.00041
test_00151,1.00000
test_00152,0.00000
test_00153,0.00101
test_00154,0.30695
test_00155,1.00000
test_00156,0.99998
test_00157,0.00126
test_00158,1.00000
test_00159,1.00000
test_00160,1.00000
test_00161,0.00017
test_00162,0.00030
test_00163,1.00000
test_00164,0.01316
test_00165,0.99969
test_00166,0.95190
test_00167,0.99581
test_00168,0.00000
test_00169,0.00000
test_00170,1.00000
test_00171,0.99871
test_00172,0.99999
test_00173,0.00000
test_00174,0.00000
test_00175,0.99528
test_00176,1.00000
test_00177,0.00007
test_00178,0.00000
test_00179,0.99685
test_00180,0.00000
test_00181,1.00000
test_00182,1.00000
test_00183,1.00000
test_00184,0.99971
test_00185,0.99998
test_00186,0.00169
test_00187,1.00000
test_00188,1.00000
test_00189,1.00000
test_00190,0.00000
test_00191,0.99999
test_00192,0.00000
test_00193,0.98996
test_00194,0.00000
test_00195,0.00000
test_00196,0.00021
test_00197,1.00000
test_00198,0.00003
test_00199,0.99967
test_00200,1.00000
test_00201,1.00000
test_00202,1.00000
test_00203,1.00000
test_00204,1.00000
test_00205,0.00000
test_00206,0.00000
test_00207,0.00000
test_00208,0.00012
test_00209,0.00000
test_00210,0.00447
test_00211,1.00000
test_00212,0.99974
test_00213,1.00000
test_00214,1.00000
test_00215,0.00000
test_00216,0.00002
test_00217,0.00000
test_00218,0.00695
test_00219,0.99993
test_00220,1.00000
test_00221,1.00000
test_00222,0.00000
test_00223,0.99825
test_00224,0.01821
test_00225,0.99999
test_00226,0.00000
test_00227,0.00000
test_00228,0.97481
test_00229,0.00000
test_00230,0.00000
test_00231,1.00000
test_00232,0.99999
test_00233,0.99991
test_00234,0.07719
test_00235,0.99883
test_00236,0.00000
test_00237,0.00000
test_00238,1.00000
test_00239,0.09725
test_00240,0.00000
test_00241,0.00000
test_00242,0.00000
test_00243,0.99999
test_00244,1.00000
test_00245,1.00000
test_00246,0.00000
test_00247,0.99999
test_00248,1.00000
test_00249,0.99514
test_00250,0.93842
test_00251,0.00000
test_00252,0.05011
test_00253,1.00000
test_00254,0.00000
test_00255,0.00000
test_00256,0.00000
test_00257,0.00000
test_00258,0.00319
test_00259,0.00032
test_00260,0.00002
test_00261,0.99891
test_00262,1.00000
test_00263,0.99985
test_00264,1.00000
test_00265,0.87877
test_00266,0.00000
test_00267,0.75262
test_00268,0.00000
test_00269,1.00000
test_00270,0.81159
test_00271,0.91666
test_00272,1.00000
test_00273,0.00000
test_00274,0.70922
test_00275,0.00000
test_00276,0.05575
test_00277,0.99999
test_00278,0.00000
test_00279,0.35656
test_00280,0.99997
test_00281,0.99925
test_00282,1.00000
test_00283,0.92512
test_00284,0.06918
test_00285,0.00000
test_00286,0.00000
test_00287,0.99999
test_00288,0.99992
test_00289,1.00000
test_00290,1.00000
test_00291,1.00000
test_00292,0.99710
test_00293,0.00000
test_00294,1.00000
test_00295,1.00000
test_00296,0.00134
test_00297,0.99985
test_00298,0.00032
test_00299,1.00000
test_00300,0.00000
test_00301,1.00000
test_00302,0.00016
test_00303,0.00018
test_00304,0.00020
test_00305,0.99161
test_00306,1.00000
test_00307,0.00000
test_00308,0.00000
test_00309,0.99943
test_00310,1.00000
test_00311,0.99992
test_00312,0.00000
test_00313,1.00000
test_00314,0.00000
test_00315,0.59950
test_00316,1.00000
test_00317,0.00000
test_00318,0.98577
test_00319,1.00000
test_00320,1.00000
test_00321,0.01012
test_00322,1.00000
test_00323,1.00000
test_00324,0.00000
test_00325,0.99972
test_00326,0.00046
test_00327,0.00003
test_00328,0.78664
test_00329,1.00000
test_00330,1.00000
test_00331,1.00000
test_00332,0.99993
test_00333,1.00000
test_00334,1.00000
test_00335,0.13903
test_00336,0.00000
test_00337,1.00000
test_00338,0.02829
test_00339,0.99885
test_00340,0.00131
test_00341,0.00000
test_00342,1.00000
test_00343,0.99980
test_00344,1.00000
test_00345,0.99684
test_00346,0.00000
test_00347,0.00000
test_00348,1.00000
test_00349,0.00000
test_00350,0.92327
test_00351,0.00680
test_00352,1.00000
test_00353,1.00000
test_00354,0.00003
test_00355,0.99969
test_00356,0.00000
test_00357,0.00000
test_00358,1.00000
test_00359,1.00000
test_00360,1.00000
test_00361,1.00000
test_00362,0.94089
test_00363,1.00000
test_00364,1.00000
test_00365,0.99118
test_00366,1.00000
test_00367,0.00000
test_00368,0.00032
test_00369,1.00000
test_00370,0.00000
test_00371,0.00000
test_00372,1.00000
test_00373,0.90068
test_00374,1.00000
test_00375,1.00000
test_00376,0.00000
test_00377,0.00000
test_00378,0.98141
test_00379,0.00000
test_00380,0.00001
test_00381,0.99999
test_00382,0.00027
test_00383,0.00000
test_00384,1.00000
test_00385,0.00000
test_00386,0.99999
test_00387,1.00000
test_00388,0.14005
test_00389,1.00000
test_00390,1.00000
test_00391,0.00000
test_00392,0.97581
test_00393,1.00000
test_00394,0.00000
test_00395,0.00000
test_00396,0.01529
test_00397,0.99901
test_00398,0.00000
test_00399,0.66837
test_00400,1.00000
test_00401,0.67952
test_00402,1.00000
test_00403,0.00002
test_00404,0.00000
test_00405,1.00000
test_00406,0.98838
test_00407,0.00000
test_00408,0.99995
test_00409,0.78156
test_00410,0.00000
test_00411,0.00000
test_00412,0.00000
test_00413,0.01113
test_00414,0.86450
test_00415,0.99989
test_00416,0.00000
test_00417,0.00000
test_00418,0.93425
test_00419,1.00000
test_00420,0.00000
test_00421,0.99931
test_00422,1.00000
test_00423,0.00000
test_00424,0.00008
test_00425,0.00000
test_00426,0.98922
test_00427,0.00001
test_00428,0.00000
test_00429,1.00000
test_00430,1.00000
test_00431,1.00000
test_00432,1.00000
test_00433,0.21128
test_00434,0.00002
test_00435,0.00000
test_00436,1.00000
test_00437,0.01275
test_00438,1.00000
test_00439,0.26204
test_00440,0.96279
test_00441,0.00002
test_00442,0.99999
test_00443,0.99929
test_00444,1.00000
test_00445,0.00000
test_00446,0.00000
test_00447,0.00002
test_00448,1.00000
test_00449,0.00001
test_00450,0.00000
test_00451,1.00000
test_00452,1.00000
test_00453,0.00604
test_00454,0.53023
test_00455,0.99929
test_00456,1.00000
test_00457,0.00001
test_00458,0.99999
test_00459,0.99947
test_00460,0.72036
test_00461,1.00000
test_00462,0.00001
test_00463,0.99984
test_00464,0.00000
test_00465,0.00011
test_00466,1.00000
test_00467,0.75764
test_00468,0.98925
test_00469,0.00000
test_00470,0.03755
test_00471,0.00000
test_00472,0.00007
test_00473,0.00002
test_00474,0.00000
test_00475,0.00000
test_00476,0.16480
test_00477,0.00000
test_00478,0.00000
test_00479,1.00000
test_00480,1.00000
test_00481,0.00000
test_00482,0.00047
test_00483,0.99995
test_00484,0.00000
test_00485,0.00000
test_00486,0.00000
test_00487,0.99999
test_00488,0.00000
test_00489,1.00000
test_00490,1.00000
test_00491,0.84740
test_00492,0.93609
test_00493,1.00000
test_00494,1.00000
test_00495,1.00000
test_00496,0.43403
test_00497,1.00000
test_00498,0.00057
test_00499,0.00000
test_00500,1.00000
test_00501,0.00000
test_00502,0.98719
test_00503,0.00006
test_00504,1.00000
test_00505,0.70054
test_00506,0.99944
test_00507,0.00000
test_00508,0.99982
test_00509,0.00004
test_00510,0.99633
test_00511,0.97320
test_00512,0.99999
test_00513,0.99995
test_00514,0.00000
test_00515,0.00088
test_00516,0.00010
test_00517,0.00000
test_00518,0.00003
test_00519,1.00000
test_00520,0.00000
test_00521,1.00000
test_00522,0.99985
test_00523,0.00001
test_00524,1.00000
test_00525,0.80766
test_00526,0.00007
test_00527,0.00000
test_00528,0.00016
test_00529,0.99998
test_00530,0.00000
test_00531,0.99987
test_00532,0.00034
test_00533,0.00000
test_00534,1.00000
test_00535,0.00005
test_00536,0.00000
test_00537,0.00000
test_00538,1.00000
test_00539,0.00030
test_00540,0.70350
test_00541,0.08338
test_00542,0.00413
test_00543,1.00000
test_00544,1.00000
test_00545,0.00000
test_00546,0.00029
test_00547,1.00000
test_00548,0.00005
test_00549,0.99972
test_00550,0.00576
test_00551,0.00000
test_00552,0.00000
test_00553,0.84906
test_00554,0.84203
test_00555,0.63665
test_00556,1.00000
test_00557,0.99999
test_00558,0.04731
test_00559,0.00000
test_00560,0.99994
test_00561,0.00001
test_00562,0.05086
test_00563,0.00000
test_00564,1.00000
test_00565,1.00000
test_00566,0.00000
test_00567,0.98895
test_00568,0.00000
test_00569,0.15019
test_00570,0.01657
test_00571,0.00000
test_00572,0.00000
test_00573,0.00029
test_00574,0.00001
test_00575,0.56451
test_00576,1.00000
test_00577,1.00000
test_00578,0.00001
test_00579,0.99969
test_00580,1.00000
test_00581,0.99999
test_00582,0.34031
test_00583,0.99950
test_00584,0.00000
test_00585,0.00004
test_00586,0.99994
test_00587,1.00000
test_00588,0.00314
test_00589,0.00000
test_00590,0.00000
test_00591,0.00000
test_00592,0.00000
test_00593,0.82980
test_00594,0.98555
test_00595,0.00000
test_00596,0.00000
test_00597,0.00000
test_00598,1.00000
test_00599,0.00035
test_00600,0.65339
test_00601,1.00000
test_00602,0.99849
test_00603,0.00000
test_00604,0.95721
test_00605,0.99874
test_00606,1.00000
test_00607,0.00612
test_00608,0.00041
test_00609,0.00000
test_00610,1.00000
test_00611,0.61867
test_00612,0.08539
test_00613,0.01965
test_00614,0.99988
test_00615,1.00000
test_00616,0.00018
test_00617,0.99998
test_00618,0.00013
test_00619,0.99996
test_00620,1.00000
test_00621,0.04427
test_00622,1.00000
test_00623,1.00000
test_00624,0.00000
test_00625,0.00405
test_00626,0.59331
test_00627,0.01797
test_00628,0.02525
test_00629,0.00015
test_00630,1.00000
test_00631,0.79281
test_00632,0.99993
test_00633,0.99773
test_00634,1.00000
test_00635,0.00000
test_00636,0.99928
test_00637,0.00936
test_00638,0.00000
test_00639,1.00000
test_00640,0.00000
test_00641,1.00000
test_00642,0.62572
test_00643,0.00000
test_00644,1.00000
test_00645,1.00000
test_00646,0.00000
test_00647,0.00214
test_00648,0.99836
test_00649,1.00000
test_00650,0.00000
test_00651,0.00287
test_00652,0.00000
test_00653,1.00000
test_00654,1.00000
test_00655,0.99210
test_00656,0.00000
test_00657,0.57873
test_00658,0.99955
test_00659,0.92706
test_00660,0.02033
test_00661,0.00000
test_00662,0.00000
test_00663,0.00469
test_00664,0.00000
test_00665,0.00115
test_00666,0.95660
test_00667,0.34679
test_00668,0.00021
test_00669,0.00000
test_00670,1.00000
test_00671,1.00000
test_00672,1.00000
test_00673,1.00000
test_00674,1.00000
test_00675,1.00000
test_00676,0.00000
test_00677,0.00000
test_00678,1.00000
test_00679,0.00000
test_00680,0.00003
test_00681,1.00000
test_00682,0.99987
test_00683,0.95963
test_00684,0.98767
test_00685,1.00000
test_00686,1.00000
test_00687,0.11946
test_00688,0.00000
test_00689,0.99969
test_00690,0.00000
test_00691,1.00000
test_00692,1.00000
test_00693,1.00000
test_00694,0.00000
test_00695,0.00009
test_00696,0.00934
test_00697,1.00000
test_00698,0.00005
test_00699,0.00000
test_00700,1.00000
test_00701,1.00000
test_00702,0.99994
test_00703,0.00000
test_00704,0.00000
test_00705,0.14083
test_00706,0.00000
test_00707,1.00000
test_00708,0.00000
test_00709,0.14462
test_00710,0.00043
test_00711,0.99998
test_00712,0.99999
test_00713,0.00001
test_00714,0.00000
test_00715,0.99813
test_00716,1.00000
test_00717,0.99729
test_00718,0.00078
test_00719,0.00000
test_00720,1.00000
test_00721,0.00000
test_00722,0.00000
test_00723,1.00000
test_00724,1.00000
test_00725,1.00000
test_00726,0.00000
test_00727,0.00000
test_00728,1.00000
test_00729,1.00000
test_00730,1.00000
test_00731,0.03168
test_00732,0.00000
test_00733,0.00001
test_00734,1.00000
test_00735,0.00000
test_00736,0.99965
test_00737,0.94059
test_00738,0.00004
test_00739,1.00000
test_00740,0.00000
test_00741,1.00000
test_00742,1.00000
test_00743,0.01225
test_00744,0.00054
test_00745,0.94286
test_00746,0.00000
test_00747,0.00010
test_00748,1.00000
test_00749,0.00000
test_00750,0.02298
test_00751,1.00000
test_00752,0.00000
test_00753,0.00000
test_00754,0.39159
test_00755,0.92238
test_00756,0.00000
test_00757,0.00000
test_00758,0.00000
test_00759,0.00000
test_00760,1.00000
test_00761,0.80745
test_00762,0.00000
test_00763,0.99999
test_00764,0.34032
test_00765,0.99999
test_00766,0.00108
test_00767,1.00000
test_00768,0.00000
test_00769,0.00000
test_00770,1.00000
test_00771,0.11159
test_00772,0.00000
test_00773,1.00000
test_00774,0.99810
test_00775,1.00000
test_00776,1.00000
test_00777,0.00136
test_00778,0.00019
test_00779,0.00052
test_00780,0.99947
test_00781,0.00001
test_00782,0.00515
test_00783,0.11012
test_00784,0.99980
test_00785,0.99820
test_00786,0.99999
test_00787,0.00000
test_00788,1.00000
test_00789,0.99903
test_00790,0.99995
test_00791,1.00000
test_00792,0.99962
test_00793,0.00000
test_00794,0.99957
test_00795,0.00000
test_00796,0.00000
test_00797,0.02634
test_00798,0.99997
test_00799,0.99916
test_00800,0.00000
test_00801,0.00000
test_00802,0.00180
test_00803,0.00000
test_00804,0.00066
test_00805,0.00004
test_00806,1.00000
test_00807,1.00000
test_00808,0.00000
test_00809,0.86751
test_00810,0.99996
test_00811,1.00000
test_00812,0.99274
test_00813,0.00005
test_00814,0.98237
test_00815,0.08647
test_00816,0.00007
test_00817,0.00000
test_00818,0.00000
test_00819,0.99908
test_00820,0.00552
test_00821,0.00000
test_00822,0.96364
test_00823,0.00000
test_00824,0.00000
test_00825,1.00000
test_00826,0.97476
test_00827,1.00000
test_00828,1.00000
test_00829,1.00000
test_00830,1.00000
test_00831,0.99999
test_00832,0.00183
test_00833,0.00000
test_00834,0.00000
test_00835,0.54532
test_00836,1.00000
test_00837,1.00000
test_00838,0.00000
test_00839,0.00000
test_00840,0.00000
test_00841,0.00003
test_00842,0.99988
test_00843,1.00000
test_00844,0.00000
test_00845,0.00000
test_00846,0.99999
test_00847,0.02958
test_00848,0.00000
test_00849,0.04207
test_00850,0.00001
test_00851,1.00000
test_00852,0.99998
test_00853,1.00000
test_00854,0.62733
test_00855,0.30333
test_00856,0.85192
test_00857,0.00001
test_00858,0.00000
test_00859,1.00000
test_00860,0.00006
test_00861,1.00000
test_00862,0.00000
test_00863,1.00000
test_00864,0.00000
test_00865,0.00000
test_00866,0.00031
test_00867,0.00000
test_00868,0.99998
test_00869,0.74481
test_00870,0.00000
test_00871,0.00000
test_00872,0.00000
test_00873,1.00000
test_00874,0.00007
test_00875,0.30466
test_00876,0.03169
test_00877,0.00000
test_00878,0.03635
test_00879,1.00000
test_00880,0.00238
test_00881,1.00000
test_00882,0.77936
test_00883,1.00000
test_00884,0.99983
test_00885,0.99579
test_00886,0.00001
test_00887,0.00202
test_00888,0.00000
test_00889,1.00000
test_00890,0.62363
test_00891,1.00000
test_00892,0.00234
test_00893,1.00000
test_00894,1.00000
test_00895,0.99980
test_00896,1.00000
test_00897,0.82891
test_00898,0.46460
test_00899,0.00000
test_00900,0.00000
test_00901,1.00000
test_00902,0.74109
test_00903,1.00000
test_00904,1.00000
test_00905,0.00000
test_00906,0.00015
test_00907,0.99976
test_00908,0.00000
test_00909,1.00000
test_00910,0.00000
test_00911,0.99998
test_00912,0.80920
test_00913,0.00000
test_00914,0.23135
test_00915,0.03464
test_00916,0.00001
test_00917,1.00000
test_00918,0.00000
test_00919,0.00000
test_00920,0.00000
test_00921,0.00000
test_00922,0.99987
test_00923,0.00000
test_00924,0.99999
test_00925,1.00000
test_00926,0.99995
test_00927,0.00000
test_00928,1.00000
test_00929,0.95511
test_00930,0.00000
test_00931,1.00000
test_00932,0.00000
test_00933,1.00000
test_00934,1.00000
test_00935,0.00000
test_00936,0.99999
test_00937,1.00000
test_00938,0.00002
test_00939,1.00000
test_00940,1.00000
test_00941,1.00000
test_00942,1.00000
test_00943,0.00000
test_00944,0.00000
test_00945,0.99998
test_00946,0.99979
test_00947,0.00001
test_00948,0.00000
test_00949,0.00000
test_00950,0.00000
test_00951,0.99945
test_00952,0.98476
test_00953,1.00000
test_00954,0.00136
test_00955,1.00000
test_00956,1.00000
test_00957,0.23271
test_00958,0.00000
test_00959,0.99866
test_00960,0.00001
test_00961,0.99998
test_00962,0.00000
test_00963,1.00000
test_00964,1.00000
test_00965,0.99999
test_00966,0.00877
test_00967,0.00000
test_00968,0.00000
test_00969,0.99734
test_00970,1.00000
test_00971,1.00000
test_00972,0.01647
test_00973,0.00031
test_00974,0.00000
test_00975,1.00000
test_00976,0.00064
test_00977,0.98229
test_00978,0.00000
test_00979,0.31195
test_00980,0.99902
test_00981,1.00000
test_00982,0.01469
test_00983,0.00232
test_00984,0.44715
test_00985,0.99980
test_00986,0.00000
test_00987,0.00000
test_00988,0.00000
test_00989,0.97334
test_00990,0.00001
test_00991,0.99976
test_00992,0.00000
test_00993,0.00000
test_00994,0.00000
test_00995,0.00000
test_00996,1.00000
test_00997,0.99998
test_00998,0.00000
test_00999,0.01530
test_01000,0.00000
test_01001,1.00000
test_01002,0.02823
test_01003,0.98590
test_01004,0.00185
test_01005,0.00000
test_01006,0.00000
test_01007,0.00035
test_01008,0.97352
test_01009,1.00000
test_01010,1.00000
test_01011,0.44767
test_01012,0.00045
test_01013,0.00001
test_01014,0.00000
test_01015,1.00000
test_01016,1.00000
test_01017,0.01100
test_01018,1.00000
test_01019,1.00000
test_01020,1.00000
test_01021,0.99998
test_01022,0.00030
test_01023,1.00000
test_01024,0.00000
test_01025,0.02102
test_01026,1.00000
test_01027,0.00000
test_01028,0.00004
test_01029,1.00000
test_01030,1.00000
test_01031,0.50808
test_01032,0.00000
test_01033,1.00000
test_01034,0.99277
test_01035,0.00000
test_01036,1.00000
test_01037,1.00000
test_01038,0.99994
test_01039,1.00000
test_01040,0.99999
test_01041,1.00000
test_01042,1.00000
test_01043,0.44427
test_01044,1.00000
test_01045,0.02704
test_01046,0.00000
test_01047,0.99984
test_01048,1.00000
test_01049,0.00000
test_01050,0.00000
test_01051,0.99705
test_01052,0.98344
test_01053,0.00000
test_01054,0.81726
test_01055,0.00000
test_01056,0.00000
test_01057,0.00000
test_01058,1.00000
test_01059,0.79676
test_01060,0.99591
test_01061,0.99041
test_01062,0.13745
test_01063,0.00000
test_01064,0.00000
test_01065,0.00000
test_01066,0.94238
test_01067,0.00000
test_01068,1.00000
test_01069,0.00000
test_01070,1.00000
test_01071,1.00000
test_01072,0.99955
test_01073,1.00000
test_01074,1.00000
test_01075,0.00000
test_01076,0.00000
test_01077,0.99951
test_01078,0.00000
test_01079,0.99959
test_01080,0.99736
test_01081,1.00000
test_01082,1.00000
test_01083,0.99999
test_01084,0.00881
test_01085,0.97855
test_01086,0.95748
test_01087,0.00115
test_01088,0.06400
test_01089,1.00000
test_01090,1.00000
test_01091,1.00000
test_01092,0.78273
test_01093,0.00000
test_01094,0.00000
test_01095,1.00000
test_01096,0.00000
test_01097,0.99999
test_01098,1.00000
test_01099,0.00594
test_01100,0.00000
test_01101,0.00000
test_01102,1.00000
test_01103,0.00006
test_01104,0.00012
test_01105,0.78837
test_01106,0.00126
test_01107,1.00000
test_01108,0.99996
test_01109,0.00000
test_01110,1.00000
test_01111,0.00000
test_01112,0.03032
test_01113,0.99872
test_01114,0.00000
test_01115,0.00000
test_01116,0.99986
test_01117,1.00000
test_01118,0.00005
test_01119,0.00050
test_01120,0.00000
test_01121,1.00000
test_01122,0.00836
test_01123,0.93994
test_01124,0.00000
test_01125,0.98833
test_01126,1.00000
test_01127,0.00000
test_01128,0.99992
test_01129,0.96003
test_01130,1.00000
test_01131,0.00142
test_01132,0.00000
test_01133,0.00000
test_01134,0.00027
test_01135,0.99999
test_01136,0.00069
test_01137,0.99999
test_01138,0.97967
test_01139,0.00000
test_01140,0.00002
test_01141,1.00000
test_01142,0.96755
test_01143,1.00000
test_01144,0.99999
test_01145,0.99967
test_01146,0.99999
test_01147,0.00049
test_01148,1.00000
test_01149,0.00921
test_01150,0.99994
test_01151,0.00000
test_01152,0.00254
test_01153,0.99998
test_01154,1.00000
test_01155,0.01230
test_01156,0.00000
test_01157,0.00000
test_01158,0.00000
test_01159,0.00000
test_01160,0.00000
test_01161,0.00536
test_01162,0.00000
test_01163,0.99928
test_01164,0.00000
test_01165,0.00000
test_01166,1.00000
test_01167,0.95633
test_01168,0.76965
test_01169,0.00000
test_01170,0.01700
test_01171,1.00000
test_01172,1.00000
test_01173,0.00000
test_01174,0.17021
test_01175,0.00000
test_01176,0.00000
test_01177,1.00000
test_01178,0.99999
test_01179,0.00000
test_01180,0.00000
test_01181,0.00000
test_01182,0.99896
test_01183,1.00000
test_01184,1.00000
test_01185,0.00000
test_01186,0.41147
test_01187,0.00000
test_01188,0.00000
test_01189,0.00000
test_01190,0.00000
test_01191,0.00001
test_01192,1.00000
test_01193,0.00003
test_01194,1.00000
test_01195,1.00000
test_01196,0.29881
test_01197,0.91969
test_01198,0.00093
test_01199,0.00000
test_01200,1.00000
test_01201,0.02442
test_01202,1.00000
test_01203,0.99922
test_01204,0.00000
test_01205,0.00066
test_01206,0.99946
test_01207,0.00006
test_01208,0.99758
test_01209,0.11480
test_01210,1.00000
test_01211,0.99998
test_01212,0.00034
test_01213,0.99991
test_01214,0.78943
test_01215,0.00000
test_01216,1.00000
test_01217,0.00000
test_01218,0.00443
test_01219,0.00000
test_01220,1.00000
test_01221,1.00000
test_01222,0.00010
test_01223,0.99833
test_01224,1.00000
test_01225,0.99999
test_01226,0.00000
test_01227,1.00000
test_01228,0.00000
test_01229,1.00000
test_01230,1.00000
test_01231,0.99786
test_01232,0.00000
test_01233,0.99986
test_01234,0.00063
test_01235,1.00000
test_01236,1.00000
test_01237,0.00000
test_01238,0.00000
test_01239,1.00000
test_01240,0.99958
test_01241,1.00000
test_01242,0.00000
test_01243,0.00001
test_01244,0.00000
test_01245,1.00000
test_01246,0.99999
test_01247,0.99922
test_01248,0.00000
test_01249,0.96788
test_01250,0.95236
test_01251,0.99952
test_01252,0.51452
test_01253,0.68063
test_01254,1.00000
test_01255,0.99939
test_01256,0.98391
test_01257,0.00344
test_01258,0.00000
test_01259,0.00020
test_01260,0.02426
test_01261,0.99769
test_01262,0.97495
test_01263,0.99995
test_01264,0.00018
test_01265,1.00000
test_01266,0.00000
test_01267,0.00000
test_01268,0.00000
test_01269,0.96632
test_01270,0.99905
test_01271,0.00000
test_01272,0.00000
test_01273,0.00000
test_01274,0.00000
test_01275,1.00000
test_01276,0.00000
test_01277,0.00015
test_01278,0.99878
test_01279,0.00000
test_01280,0.89795
test_01281,0.99992
test_01282,1.00000
test_01283,1.00000
test_01284,0.00000
test_01285,0.51626
test_01286,0.97625
test_01287,0.99982
test_01288,0.03903
test_01289,0.99999
test_01290,0.99997
test_01291,0.00000
test_01292,0.75395
test_01293,0.00000
test_01294,1.00000
test_01295,0.99998
test_01296,0.99974
test_01297,1.00000
test_01298,0.00009
test_01299,1.00000
test_01300,0.00000
test_01301,1.00000
test_01302,0.99994
test_01303,0.00003
test_01304,0.00227
test_01305,0.00000
test_01306,0.00151
test_01307,1.00000
test_01308,1.00000
test_01309,0.00000
test_01310,0.99995
test_01311,0.00000
test_01312,1.00000
test_01313,0.00000
test_01314,1.00000
test_01315,0.00213
test_01316,0.72015
test_01317,1.00000
test_01318,0.00000
test_01319,0.00000
test_01320,0.58353
test_01321,0.01039
test_01322,1.00000
test_01323,0.00004
test_01324,0.00000
test_01325,0.99997
test_01326,0.00024
test_01327,0.99303
test_01328,1.00000
test_01329,1.00000
test_01330,1.00000
test_01331,0.00000
test_01332,0.99999
test_01333,0.84375
test_01334,0.30088
test_01335,1.00000
test_01336,0.93013
test_01337,0.99996
test_01338,1.00000
test_01339,0.99991
test_01340,0.00006
test_01341,1.00000
test_01342,0.90948
test_01343,0.99962
test_01344,1.00000
test_01345,0.97110
test_01346,0.00049
test_01347,0.99998
test_01348,0.00000
test_01349,0.00000
test_01350,0.99999
test_01351,1.00000
test_01352,0.99997
test_01353,0.00000
test_01354,0.99999
test_01355,0.99514
test_01356,0.00058
test_01357,0.00000
test_01358,1.00000
test_01359,0.91160
test_01360,0.00000
test_01361,1.00000
test_01362,0.00000
test_01363,1.00000
test_01364,0.94303
test_01365,0.34861
test_01366,0.00001
test_01367,1.00000
test_01368,0.00239
test_01369,0.00013
test_01370,0.00000
test_01371,0.00000
test_01372,0.92189
test_01373,1.00000
test_01374,0.97007
test_01375,0.00000
test_01376,0.00000
test_01377,0.00001
test_01378,0.00000
test_01379,0.00000
test_01380,0.00000
test_01381,0.00000
test_01382,1.00000
test_01383,0.13772
test_01384,0.99893
test_01385,1.00000
test_01386,0.02483
test_01387,0.00028
test_01388,0.00000
test_01389,0.00003
test_01390,0.00000
test_01391,0.00000
test_01392,1.00000
test_01393,1.00000
test_01394,0.00000
test_01395,1.00000
test_01396,1.00000
test_01397,0.93011
test_01398,0.00000
test_01399,0.00016
test_01400,0.00198
test_01401,0.00000
test_01402,0.00000
test_01403,0.76017
test_01404,0.54506
test_01405,0.99999
test_01406,0.00000
test_01407,0.90963
test_01408,1.00000
test_01409,0.99891
test_01410,1.00000
test_01411,0.00358
test_01412,0.00000
test_01413,0.00000
test_01414,0.00019
test_01415,0.98789
test_01416,1.00000
test_01417,0.00000
test_01418,0.99475
test_01419,0.06113
test_01420,0.00000
test_01421,0.00370
test_01422,0.01258
test_01423,1.00000
test_01424,0.99998
test_01425,1.00000
test_01426,0.99977
test_01427,0.00000
test_01428,1.00000
test_01429,0.99998
test_01430,0.00000
test_01431,0.00000
test_01432,1.00000
test_01433,0.99992
test_01434,0.99993
test_01435,0.00002
test_01436,0.00000
test_01437,0.00000
test_01438,0.00094
test_01439,1.00000
test_01440,0.99999
test_01441,0.75308
test_01442,1.00000
test_01443,0.00000
test_01444,0.00452
test_01445,0.99999
test_01446,0.00001
test_01447,0.89788
test_01448,1.00000
test_01449,0.99812
test_01450,0.93591
test_01451,0.71130
test_01452,1.00000
test_01453,0.99828
test_01454,0.99999
test_01455,0.99999
test_01456,0.07773
test_01457,0.99999
test_01458,0.90762
test_01459,1.00000
test_01460,0.00000
test_01461,0.00000
test_01462,0.00000
test_01463,1.00000
test_01464,0.00000
test_01465,0.99945
test_01466,0.99995
test_01467,1.00000
test_01468,0.99999
test_01469,0.00000
test_01470,0.00011
test_01471,0.72838
test_01472,0.97077
test_01473,0.00000
test_01474,1.00000
test_01475,0.00000
test_01476,0.00004
test_01477,0.00000
test_01478,0.00002
test_01479,0.03107
test_01480,1.00000
test_01481,0.98988
test_01482,0.00000
test_01483,0.81349
test_01484,0.00000
test_01485,0.99990
test_01486,1.00000
test_01487,0.00000
test_01488,1.00000
test_01489,0.99804
test_01490,0.99731
test_01491,0.00000
test_01492,0.00002
test_01493,0.00000
test_01494,0.00000
test_01495,0.00000
test_01496,0.99992
test_01497,0.93727
test_01498,0.72832
test_01499,0.00000
test_01500,0.00041
test_01501,0.09217
test_01502,0.99169
test_01503,0.99238
test_01504,0.99998
test_01505,0.00000
test_01506,0.99932
test_01507,1.00000
test_01508,0.99671
test_01509,1.00000
test_01510,0.85270
test_01511,1.00000
test_01512,1.00000
test_01513,1.00000
test_01514,0.00000
test_01515,1.00000
test_01516,0.00000
test_01517,0.00453
test_01518,0.99850
test_01519,0.21284
test_01520,1.00000
test_01521,1.00000
test_01522,1.00000
test_01523,0.99998
test_01524,1.00000
test_01525,0.99930
test_01526,0.00000
test_01527,1.00000
test_01528,1.00000
test_01529,0.00000
test_01530,1.00000
test_01531,0.00000
test_01532,1.00000
test_01533,0.99984
test_01534,0.00000
test_01535,0.00001
test_01536,0.00000
test_01537,1.00000
test_01538,0.00000
test_01539,1.00000
test_01540,0.95508
test_01541,0.02430
test_01542,0.89602
test_01543,1.00000
test_01544,0.00000
test_01545,1.00000
test_01546,1.00000
test_01547,0.71426
test_01548,0.00000
test_01549,0.99957
test_01550,1.00000
test_01551,0.00000
test_01552,0.60171
test_01553,0.99610
test_01554,0.00000
test_01555,0.81908
test_01556,1.00000
test_01557,1.00000
test_01558,1.00000
test_01559,0.00001
test_01560,0.93037
test_01561,0.03874
test_01562,0.00015
test_01563,1.00000
test_01564,0.00000
test_01565,1.00000
test_01566,1.00000
test_01567,0.00014
test_01568,0.00000
test_01569,0.00000
test_01570,0.99985
test_01571,0.99962
test_01572,1.00000
test_01573,0.63270
test_01574,0.99996
test_01575,0.00258
test_01576,0.99999
test_01577,0.00001
test_01578,1.00000
test_01579,0.64874
test_01580,0.00272
test_01581,1.00000
test_01582,0.00000
test_01583,0.00000
test_01584,0.26344
test_01585,0.00000
test_01586,1.00000
test_01587,0.99968
test_01588,0.00000
test_01589,0.00128
test_01590,1.00000
test_01591,1.00000
test_01592,0.00000
test_01593,0.00001
test_01594,0.99961
test_01595,1.00000
test_01596,0.00000
test_01597,0.00000
test_01598,0.00000
test_01599,0.99891
test_01600,0.00000
test_01601,1.00000
test_01602,0.00125
test_01603,0.99999
test_01604,1.00000
test_01605,0.00000
test_01606,0.00000
test_01607,0.99989
test_01608,0.99997
test_01609,1.00000
test_01610,1.00000
test_01611,0.00029
test_01612,1.00000
test_01613,0.00000
test_01614,0.00000
test_01615,0.99981
test_01616,0.00001
test_01617,0.99877
test_01618,1.00000
test_01619,0.00000
test_01620,0.00000
test_01621,0.52077
test_01622,1.00000
test_01623,0.95837
test_01624,0.45121
test_01625,0.83234
test_01626,1.00000
test_01627,0.96656
test_01628,0.00001
test_01629,1.00000
test_01630,1.00000
test_01631,1.00000
test_01632,0.00000
test_01633,1.00000
test_01634,0.00000
test_01635,0.99709
test_01636,0.99961
test_01637,0.00000
test_01638,0.07051
test_01639,0.00000
test_01640,0.00000
test_01641,0.05634
test_01642,0.99789
test_01643,0.00000
test_01644,0.99493
test_01645,0.99449
test_01646,0.05270
test_01647,1.00000
test_01648,1.00000
test_01649,0.00000
test_01650,0.00082
test_01651,0.00327
test_01652,1.00000
test_01653,0.00000
test_01654,0.99987
test_01655,1.00000
test_01656,1.00000
test_01657,0.00000
test_01658,0.81201
test_01659,0.00087
test_01660,1.00000
test_01661,0.00000
test_01662,0.99999
test_01663,0.00000
test_01664,0.00001
test_01665,0.99756
test_01666,0.00001
test_01667,0.00000
test_01668,1.00000
test_01669,0.00000
test_01670,0.11187
test_01671,1.00000
test_01672,1.00000
test_01673,0.20012
test_01674,0.00001
test_01675,0.00000
test_01676,1.00000
test_01677,0.94025
test_01678,0.99997
test_01679,0.99989
test_01680,0.00000
test_01681,0.93215
test_01682,1.00000
test_01683,0.00000
test_01684,1.00000
test_01685,0.99999
test_01686,0.99855
test_01687,0.98231
test_01688,0.00000
test_01689,0.00000
test_01690,1.00000
test_01691,0.00000
test_01692,0.00000
test_01693,0.75855
test_01694,0.00000
test_01695,0.00241
test_01696,1.00000
test_01697,0.99992
test_01698,1.00000
test_01699,0.00000
test_01700,1.00000
test_01701,0.00000
test_01702,0.00000
test_01703,1.00000
test_01704,0.00000
test_01705,0.63289
test_01706,0.99962
test_01707,1.00000
test_01708,1.00000
test_01709,1.00000
test_01710,0.99999
test_01711,0.00082
test_01712,0.01123
test_01713,0.00005
test_01714,0.00000
test_01715,1.00000
test_01716,0.99954
test_01717,1.00000
test_01718,0.00000
test_01719,0.00000
test_01720,0.99773
test_01721,0.00000
test_01722,1.00000
test_01723,0.00000
test_01724,0.00000
test_01725,0.00000
test_01726,0.00000
test_01727,1.00000
test_01728,0.47290
test_01729,0.99997
test_01730,0.79378
test_01731,0.97891
test_01732,0.00018
test_01733,1.00000
test_01734,1.00000
test_01735,1.00000
test_01736,0.99857
test_01737,1.00000
test_01738,1.00000
test_01739,0.53413
test_01740,0.98107
test_01741,0.00000
test_01742,0.00000
test_01743,0.99998
test_01744,0.99978
test_01745,0.01836
test_01746,0.03865
test_01747,1.00000
test_01748,0.00854
test_01749,0.99752
test_01750,1.00000
test_01751,0.00830
test_01752,0.00000
test_01753,0.91529
test_01754,0.22134
test_01755,0.97983
test_01756,1.00000
test_01757,0.68424
test_01758,0.00000
test_01759,0.00020
test_01760,0.99996
test_01761,0.00000
test_01762,0.00001
test_01763,0.00000
test_01764,0.99961
test_01765,0.87369
test_01766,0.00000
test_01767,0.00000
test_01768,0.13880
test_01769,1.00000
test_01770,0.61600
test_01771,0.00285
test_01772,0.15964
test_01773,0.99995
test_01774,1.00000
test_01775,0.99999
test_01776,0.99999
test_01777,1.00000
test_01778,1.00000
test_01779,0.26899
test_01780,0.00000
test_01781,0.99997
test_01782,0.00000
test_01783,0.97934
test_01784,0.00000
test_01785,0.99945
test_01786,0.96166
test_01787,0.19496
test_01788,1.00000
test_01789,0.09390
test_01790,0.00000
test_01791,0.99993
test_01792,0.70619
test_01793,0.00238
test_01794,1.00000
test_01795,0.00031
test_01796,0.00000
test_01797,0.00000
test_01798,0.99998
test_01799,0.07370
test_01800,1.00000
test_01801,1.00000
test_01802,0.00000
test_01803,1.00000
test_01804,0.11779
test_01805,0.00000
test_01806,0.63207
test_01807,1.00000
test_01808,1.00000
test_01809,1.00000
test_01810,0.87872
test_01811,0.99999
test_01812,1.00000
test_01813,0.02751
test_01814,0.00000
test_01815,1.00000
test_01816,0.60354
test_01817,0.00002
test_01818,1.00000
test_01819,0.99972
test_01820,0.00000
test_01821,1.00000
test_01822,0.75249
test_01823,0.00000
test_01824,0.92267
test_01825,0.16962
test_01826,0.97716
test_01827,0.00000
test_01828,1.00000
test_01829,0.00000
test_01830,1.00000
test_01831,0.00000
test_01832,0.00000
test_01833,0.00001
test_01834,0.39670
test_01835,0.89744
test_01836,0.88685
test_01837,1.00000
test_01838,0.00000
test_01839,0.99998
test_01840,0.00000
test_01841,0.99950
test_01842,0.00002
test_01843,0.00000
test_01844,0.92943
test_01845,0.99999
test_01846,0.99998
test_01847,0.87783
test_01848,0.00000
test_01849,0.99992
test_01850,0.99988
test_01851,1.00000
test_01852,0.00000
test_01853,0.11390
test_01854,0.00000
test_01855,0.00000
test_01856,0.99977
test_01857,0.00000
test_01858,1.00000
test_01859,0.36222
test_01860,1.00000
test_01861,0.00001
test_01862,0.70713
test_01863,0.58778
test_01864,0.00000
test_01865,0.99758
test_01866,0.08189
test_01867,0.00083
test_01868,0.00000
test_01869,1.00000
test_01870,0.00000
test_01871,1.00000
test_01872,0.00004
test_01873,1.00000
test_01874,0.98340
test_01875,0.00180
test_01876,0.99999
test_01877,1.00000
test_01878,0.00041
test_01879,0.99999
test_01880,1.00000
test_01881,0.99468
test_01882,0.00000
test_01883,0.00001
test_01884,0.00000
test_01885,0.01634
test_01886,0.00000
test_01887,0.82879
test_01888,0.00007
test_01889,0.00040
test_01890,1.00000
test_01891,0.42234
test_01892,0.00071
test_01893,1.00000
test_01894,0.03011
test_01895,0.00000
test_01896,0.96938
test_01897,0.00000
test_01898,0.99840
test_01899,0.98762
test_01900,1.00000
test_01901,0.99498
test_01902,1.00000
test_01903,0.00000
test_01904,0.00000
test_01905,0.99999
test_01906,0.00000
test_01907,1.00000
test_01908,0.99999
test_01909,0.00006
test_01910,0.00000
test_01911,0.00000
test_01912,1.00000
test_01913,0.00000
test_01914,1.00000
test_01915,0.00000
test_01916,1.00000
test_01917,1.00000
test_01918,1.00000
test_01919,0.00181
test_01920,1.00000
test_01921,0.00000
test_01922,1.00000
test_01923,0.61041
test_01924,1.00000
test_01925,1.00000
test_01926,0.00000
test_01927,1.00000
test_01928,0.00000
test_01929,1.00000
test_01930,1.00000
test_01931,0.00000
test_01932,1.00000
test_01933,1.00000
test_01934,0.99454
test_01935,0.00000
test_01936,0.00003
test_01937,1.00000
test_01938,0.00013
test_01939,1.00000
test_01940,0.00000
test_01941,1.00000
test_01942,1.00000
test_01943,0.00001
test_01944,1.00000
test_01945,0.00000
test_01946,0.97749
test_01947,0.00004
test_01948,0.00773
test_01949,0.00008
test_01950,0.87514
test_01951,0.56102
test_01952,1.00000
test_01953,0.00000
test_01954,1.00000
test_01955,0.59451
test_01956,1.00000
test_01957,1.00000
test_01958,0.01390
test_01959,0.00000
test_01960,1.00000
test_01961,1.00000
test_01962,0.00000
test_01963,0.04717
test_01964,0.00000
test_01965,0.99981
test_01966,0.00000
test_01967,0.37385
test_01968,1.00000
test_01969,0.00000
test_01970,0.02573
test_01971,1.00000
test_01972,0.99989
test_01973,0.00000
test_01974,0.62941
test_01975,1.00000
test_01976,1.00000
test_01977,0.00000
test_01978,1.00000
test_01979,0.05822
test_01980,0.00000
test_01981,0.00437
test_01982,0.00000
test_01983,0.00138
test_01984,0.97013
test_01985,1.00000
test_01986,0.42338
test_01987,0.00093
test_01988,0.00000
test_01989,0.19912
test_01990,0.00005
test_01991,1.00000
test_01992,0.00217
test_01993,1.00000
test_01994,0.00000
test_01995,1.00000
test_01996,1.00000
test_01997,0.99979
test_01998,0.00012
test_01999,0.00006
test_02000,1.00000
test_02001,0.00000
test_02002,0.00000
test_02003,0.99977
test_02004,0.00000
test_02005,0.99997
test_02006,0.00000
test_02007,0.07230
test_02008,0.00122
test_02009,0.59736
test_02010,0.99997
test_02011,1.00000
test_02012,0.92211
test_02013,1.00000
test_02014,0.00000
test_02015,0.00000
test_02016,1.00000
test_02017,0.00000
test_02018,1.00000
test_02019,0.99995
test_02020,0.00000
test_02021,1.00000
test_02022,0.30319
test_02023,0.18844
test_02024,0.00000
test_02025,1.00000
test_02026,1.00000
test_02027,0.00051
test_02028,1.00000
test_02029,0.99997
test_02030,1.00000
test_02031,0.99070
test_02032,0.00020
test_02033,0.00000
test_02034,0.28824
test_02035,0.99999
test_02036,0.00000
test_02037,0.00000
test_02038,0.75013
test_02039,1.00000
test_02040,0.69363
test_02041,1.00000
test_02042,0.00000
test_02043,0.00000
test_02044,0.08641
test_02045,1.00000
test_02046,0.00000
test_02047,0.18461
test_02048,1.00000
test_02049,0.00000
test_02050,0.98837
test_02051,1.00000
test_02052,0.00569
test_02053,0.99834
test_02054,0.80136
test_02055,0.99972
test_02056,0.99999
test_02057,1.00000
test_02058,0.14741
test_02059,1.00000
test_02060,1.00000
test_02061,0.97959
test_02062,0.00000
test_02063,0.00000
test_02064,0.99993
test_02065,1.00000
test_02066,1.00000
test_02067,0.00000
test_02068,0.00002
test_02069,1.00000
test_02070,0.00000
test_02071,0.00000
test_02072,1.00000
test_02073,0.00134
test_02074,1.00000
test_02075,0.99343
test_02076,0.00392
test_02077,0.00002
test_02078,1.00000
test_02079,0.00244
test_02080,1.00000
test_02081,0.00000
test_02082,0.50362
test_02083,0.00000
test_02084,0.00003
test_02085,0.00015
test_02086,0.00000
test_02087,0.00000
test_02088,0.00000
test_02089,0.00001
test_02090,0.11839
test_02091,0.00004
test_02092,0.00783
test_02093,0.00000
test_02094,1.00000
test_02095,0.00000
test_02096,0.00000
test_02097,0.00998
test_02098,0.99961
test_02099,0.99999
test_02100,1.00000
test_02101,0.98697
test_02102,1.00000
test_02103,0.00002
test_02104,0.00009
test_02105,1.00000
test_02106,1.00000
test_02107,0.00000
test_02108,0.00000
test_02109,0.00000
test_02110,1.00000
test_02111,0.00000
test_02112,0.99518
test_02113,1.00000
test_02114,1.00000
test_02115,0.00000
test_02116,1.00000
test_02117,0.00006
test_02118,0.62244
test_02119,0.98100
test_02120,0.00609
test_02121,0.99996
test_02122,0.00000
test_02123,0.00007
test_02124,0.08221
test_02125,0.99999
test_02126,0.10655
test_02127,0.00000
test_02128,0.00000
test_02129,0.99974
test_02130,1.00000
test_02131,1.00000
test_02132,1.00000
test_02133,1.00000
test_02134,0.00000
test_02135,1.00000
test_02136,0.83421
test_02137,0.03201
test_02138,0.99989
test_02139,0.99139
test_02140,0.00000
test_02141,1.00000
test_02142,1.00000
test_02143,0.00000
test_02144,0.01062
test_02145,0.00000
test_02146,0.00000
test_02147,0.99973
test_02148,0.99998
test_02149,0.00000
test_02150,1.00000
test_02151,0.00239
test_02152,0.00000
test_02153,0.99708
test_02154,1.00000
test_02155,1.00000
test_02156,0.04956
test_02157,0.00015
test_02158,0.00003
test_02159,0.99779
test_02160,1.00000
test_02161,1.00000
test_02162,1.00000
test_02163,0.00000
test_02164,0.00000
test_02165,0.00117
test_02166,0.00023
test_02167,0.06760
test_02168,0.24844
test_02169,0.00000
test_02170,0.99996
test_02171,0.57022
test_02172,1.00000
test_02173,0.00000
test_02174,0.99823
test_02175,0.97102
test_02176,0.00000
test_02177,0.99999
test_02178,0.00000
test_02179,0.99126
test_02180,1.00000
test_02181,1.00000
test_02182,0.00381
test_02183,0.00001
test_02184,0.00000
test_02185,1.00000
test_02186,0.00000
test_02187,1.00000
test_02188,0.03420
test_02189,1.00000
test_02190,1.00000
test_02191,1.00000
test_02192,0.00000
test_02193,0.00000
test_02194,1.00000
test_02195,0.79284
test_02196,0.00000
test_02197,0.99992
test_02198,0.00000
test_02199,0.00006
test_02200,0.00004
test_02201,0.00004
test_02202,0.00000
test_02203,0.00000
test_02204,0.00072
test_02205,0.00001
test_02206,1.00000
test_02207,0.01361
test_02208,0.99998
test_02209,0.99995
test_02210,0.00000
test_02211,0.05688
test_02212,0.06370
test_02213,1.00000
test_02214,1.00000
test_02215,0.00000
test_02216,0.00001
test_02217,0.00000
test_02218,0.97867
test_02219,0.00000
test_02220,0.00000
test_02221,0.00015
test_02222,1.00000
test_02223,0.00000
test_02224,1.00000
test_02225,0.00000
test_02226,0.00007
test_02227,0.46586
test_02228,1.00000
test_02229,1.00000
test_02230,0.00010
test_02231,0.00001
test_02232,0.99999
test_02233,1.00000
test_02234,0.00000
test_02235,0.80417
test_02236,0.60851
test_02237,0.99946
test_02238,0.00024
test_02239,0.99997
test_02240,0.97145
test_02241,1.00000
test_02242,0.00010
test_02243,0.00000
test_02244,1.00000
test_02245,0.00001
test_02246,1.00000
test_02247,0.99989
test_02248,1.00000
test_02249,0.99999
test_02250,1.00000
test_02251,0.00000
test_02252,1.00000
test_02253,0.99996
test_02254,0.00000
test_02255,0.97731
test_02256,0.26744
test_02257,0.99998
test_02258,0.00005
test_02259,0.99199
test_02260,0.62447
test_02261,0.00000
test_02262,0.01119
test_02263,0.99908
test_02264,0.00000
test_02265,1.00000
test_02266,0.99974
test_02267,0.00000
test_02268,0.00029
test_02269,0.99047
test_02270,1.00000
test_02271,0.00325
test_02272,0.00001
test_02273,0.99998
test_02274,0.66306
test_02275,1.00000
test_02276,0.99996
test_02277,1.00000
test_02278,0.99998
test_02279,0.99996
test_02280,0.00000
test_02281,0.58613
test_02282,0.00000
test_02283,0.85114
test_02284,0.00000
test_02285,0.99971
test_02286,0.00000
test_02287,0.00000
test_02288,0.00000
test_02289,0.00000
test_02290,0.32215
test_02291,0.00000
test_02292,0.01822
test_02293,0.00006
test_02294,1.00000
test_02295,0.99962
test_02296,1.00000
test_02297,1.00000
test_02298,1.00000
test_02299,1.00000
test_02300,0.00001
test_02301,0.16698
test_02302,1.00000
test_02303,1.00000
test_02304,0.00000
test_02305,1.00000
test_02306,0.99999
test_02307,0.20337
test_02308,0.00000
test_02309,0.00025
test_02310,0.99978
test_02311,0.99183
test_02312,0.00000
test_02313,0.00004
test_02314,0.00062
test_02315,0.99450
test_02316,0.88889
test_02317,0.00000
test_02318,1.00000
test_02319,1.00000
test_02320,0.13801
test_02321,0.75437
test_02322,1.00000
test_02323,0.00000
test_02324,1.00000
test_02325,0.99989
test_02326,0.11620
test_02327,0.52381
test_02328,0.00421
test_02329,0.00000
test_02330,0.00005
test_02331,0.00000
test_02332,0.00000
test_02333,0.00000
test_02334,0.99993
test_02335,1.00000
test_02336,1.00000
test_02337,0.00000
test_02338,0.01867
test_02339,0.99904
test_02340,1.00000
test_02341,0.91908
test_02342,0.00000
test_02343,0.99994
test_02344,0.00000
test_02345,0.00000
test_02346,0.99981
test_02347,1.00000
test_02348,0.99997
test_02349,1.00000
test_02350,0.00000
test_02351,0.00000
test_02352,0.00000
test_02353,0.00000
test_02354,1.00000
test_02355,0.99767
test_02356,1.00000
test_02357,0.00000
test_02358,0.99999
test_02359,1.00000
test_02360,0.00000
test_02361,0.01143
test_02362,0.99994
test_02363,1.00000
test_02364,1.00000
test_02365,1.00000
test_02366,0.00006
test_02367,1.00000
test_02368,0.00000
test_02369,0.00000
test_02370,0.99999
test_02371,1.00000
test_02372,0.00000
test_02373,0.00000
test_02374,1.00000
test_02375,1.00000
test_02376,0.62054
test_02377,0.77472
test_02378,0.99991
test_02379,0.00001
test_02380,1.00000
test_02381,1.00000
test_02382,1.00000
test_02383,0.00000
test_02384,0.00000
test_02385,0.39078
test_02386,0.00000
test_02387,1.00000
test_02388,0.00000
test_02389,0.00000
test_02390,0.97559
test_02391,0.00007
test_02392,0.99698
test_02393,0.00000
test_02394,0.00000
test_02395,1.00000
test_02396,0.00000
test_02397,1.00000
test_02398,1.00000
test_02399,0.00052
test_02400,1.00000
test_02401,1.00000
test_02402,0.99994
test_02403,0.63896
test_02404,0.99999
test_02405,0.94487
test_02406,0.99580
test_02407,0.99965
test_02408,0.54984
test_02409,0.00000
test_02410,0.00000
test_02411,0.99999
test_02412,0.99835
test_02413,1.00000
test_02414,0.99997
test_02415,1.00000
test_02416,0.00000
test_02417,0.99998
test_02418,0.27147
test_02419,0.00001
test_02420,0.00000
test_02421,0.79606
test_02422,0.00000
test_02423,0.96398
test_02424,0.00000
test_02425,0.00000
test_02426,1.00000
test_02427,0.99999
test_02428,0.00000
test_02429,0.00000
test_02430,0.99149
test_02431,0.00000
test_02432,0.36158
test_02433,1.00000
test_02434,1.00000
test_02435,0.05596
test_02436,0.00000
test_02437,0.25925
test_02438,1.00000
test_02439,1.00000
test_02440,1.00000
test_02441,0.81740
test_02442,0.00118
test_02443,0.99975
test_02444,0.67473
test_02445,0.03989
test_02446,0.00069
test_02447,0.98807
test_02448,0.99977
test_02449,0.00000
test_02450,1.00000
test_02451,1.00000
test_02452,0.00000
test_02453,0.91893
test_02454,1.00000
test_02455,0.00000
test_02456,0.00000
test_02457,0.00000
test_02458,0.00000
test_02459,0.00000
test_02460,0.99885
test_02461,1.00000
test_02462,1.00000
test_02463,0.00000
test_02464,1.00000
test_02465,0.00000
test_02466,0.00003
test_02467,0.00000
test_02468,1.00000
test_02469,0.00000
test_02470,1.00000
test_02471,1.00000
test_02472,0.00014
test_02473,1.00000
test_02474,0.00000
test_02475,0.00000
test_02476,0.00000
test_02477,0.99999
test_02478,0.99994
test_02479,1.00000
test_02480,1.00000
test_02481,1.00000
test_02482,0.00048
test_02483,0.00000
test_02484,0.98436
test_02485,0.00031
test_02486,1.00000
test_02487,0.00000
test_02488,0.00001
test_02489,1.00000
test_02490,1.00000
test_02491,0.99854
test_02492,0.00000
test_02493,0.00000
test_02494,0.99852
test_02495,0.00000
test_02496,1.00000
test_02497,0.00000
test_02498,0.99090
test_02499,0.45639
test_02500,1.00000
test_02501,0.00001
test_02502,0.01783
test_02503,0.98236
test_02504,1.00000
test_02505,0.00001
test_02506,0.00001
test_02507,1.00000
test_02508,0.00000
test_02509,1.00000
test_02510,0.00011
test_02511,0.99995
test_02512,1.00000
test_02513,1.00000
test_02514,0.00000
test_02515,0.99900
test_02516,1.00000
test_02517,0.00350
test_02518,0.00000
test_02519,0.95545
test_02520,0.00000
test_02521,0.00000
test_02522,1.00000
test_02523,0.00000
test_02524,0.98749
test_02525,1.00000
test_02526,0.07324
test_02527,0.99997
test_02528,1.00000
test_02529,0.82860
test_02530,1.00000
test_02531,0.99925
test_02532,0.00007
test_02533,1.00000
test_02534,0.00000
test_02535,1.00000
test_02536,0.99995
test_02537,0.99482
test_02538,0.99786
test_02539,0.05861
test_02540,0.00000
test_02541,0.00678
test_02542,0.55080
test_02543,0.99892
test_02544,0.99922
test_02545,1.00000
test_02546,0.00000
test_02547,1.00000
test_02548,0.00018
test_02549,1.00000
test_02550,1.00000
test_02551,0.00072
test_02552,1.00000
test_02553,0.99998
test_02554,0.99986
test_02555,0.85183
test_02556,0.00017
test_02557,0.91653
test_02558,0.99976
test_02559,0.00000
test_02560,0.03070
test_02561,1.00000
test_02562,0.00000
test_02563,1.00000
test_02564,0.99992
test_02565,0.93589
test_02566,0.30105
test_02567,0.06545
test_02568,0.00000
test_02569,0.00000
test_02570,1.00000
test_02571,0.01212
test_02572,0.96517
test_02573,0.00000
test_02574,1.00000
test_02575,0.81361
test_02576,1.00000
test_02577,0.99817
test_02578,1.00000
test_02579,0.00000
test_02580,0.00008
test_02581,0.41079
test_02582,0.00003
test_02583,0.87018
test_02584,1.00000
test_02585,0.00000
test_02586,0.00687
test_02587,0.00000
test_02588,0.00006
test_02589,0.00000
test_02590,0.99244
test_02591,1.00000
test_02592,0.03315
test_02593,0.99942
test_02594,1.00000
test_02595,1.00000
test_02596,0.00000
test_02597,1.00000
test_02598,1.00000
test_02599,0.86498
test_02600,0.99989
test_02601,0.00000
test_02602,0.00395
test_02603,0.00000
test_02604,0.00000
test_02605,0.00000
test_02606,0.99608
test_02607,0.99999
test_02608,0.97144
test_02609,1.00000
test_02610,0.00000
test_02611,0.52348
test_02612,0.51051
test_02613,0.00000
test_02614,0.00000
test_02615,0.00000
test_02616,0.49244
test_02617,1.00000
test_02618,0.10123
test_02619,1.00000
test_02620,0.00000
test_02621,0.99996
test_02622,0.00051
test_02623,0.98324
test_02624,1.00000
test_02625,0.00000
test_02626,1.00000
test_02627,0.99996
test_02628,0.00061
test_02629,0.00000
test_02630,0.99950
test_02631,0.00000
test_02632,0.01542
test_02633,1.00000
test_02634,0.05685
test_02635,0.02560
test_02636,0.00000
test_02637,1.00000
test_02638,0.99885
test_02639,0.08968
test_02640,0.99905
test_02641,1.00000
test_02642,0.00000
test_02643,1.00000
test_02644,0.00001
test_02645,0.00003
test_02646,0.02050
test_02647,0.00000
test_02648,0.00000
test_02649,1.00000
test_02650,0.00000
test_02651,0.99999
test_02652,0.78752
test_02653,0.98983
test_02654,0.99968
test_02655,0.00000
test_02656,0.00000
test_02657,0.00002
test_02658,1.00000
test_02659,1.00000
test_02660,0.00833
test_02661,1.00000
test_02662,0.00000
test_02663,0.00000
test_02664,1.00000
test_02665,0.99999
test_02666,1.00000
test_02667,0.94549
test_02668,0.99980
test_02669,0.12816
test_02670,0.44284
test_02671,0.00000
test_02672,1.00000
test_02673,0.99999
test_02674,0.55580
test_02675,0.88302
test_02676,1.00000
test_02677,0.00002
test_02678,1.00000
test_02679,1.00000
test_02680,0.00000
test_02681,0.00049
test_02682,0.00000
test_02683,0.97704
test_02684,0.00000
test_02685,0.17472
test_02686,1.00000
test_02687,0.00000
test_02688,1.00000
test_02689,0.86395
test_02690,0.00867
test_02691,0.00038
test_02692,1.00000
test_02693,1.00000
test_02694,1.00000
test_02695,0.99999
test_02696,0.99995
test_02697,0.00000
test_02698,0.00000
test_02699,1.00000
test_02700,0.00000
test_02701,0.00000
test_02702,0.90488
test_02703,0.00018
test_02704,0.00000
test_02705,1.00000
test_02706,0.00000
test_02707,1.00000
test_02708,0.99822
test_02709,0.99996
test_02710,1.00000
test_02711,0.00000
test_02712,1.00000
test_02713,0.00693
test_02714,0.00000
test_02715,1.00000
test_02716,0.00162
test_02717,1.00000
test_02718,0.00000
test_02719,0.99930
test_02720,0.00000
test_02721,0.00000
test_02722,0.00009
test_02723,1.00000
test_02724,0.00313
test_02725,0.00009
test_02726,1.00000
test_02727,0.00000
test_02728,0.00077
test_02729,0.00217
test_02730,1.00000
test_02731,0.00682
test_02732,0.99996
test_02733,0.99985
test_02734,0.00000
test_02735,1.00000
test_02736,0.00004
test_02737,1.00000
test_02738,0.99286
test_02739,0.12814
test_02740,1.00000
test_02741,0.00000
test_02742,0.00001
test_02743,0.00000
test_02744,0.00000
test_02745,1.00000
test_02746,0.01702
test_02747,0.00000
test_02748,0.00000
test_02749,0.99999
test_02750,1.00000
test_02751,0.77774
test_02752,0.65053
test_02753,1.00000
test_02754,0.00000
test_02755,0.85945
test_02756,1.00000
test_02757,0.00000
test_02758,0.04211
test_02759,0.96936
test_02760,0.00001
test_02761,1.00000
test_02762,0.00000
test_02763,0.00110
test_02764,1.00000
test_02765,0.00001
test_02766,0.05804
test_02767,0.00000
test_02768,0.00333
test_02769,0.00000
test_02770,0.00639
test_02771,1.00000
test_02772,0.72415
test_02773,0.00000
test_02774,1.00000
test_02775,0.99158
test_02776,1.00000
test_02777,1.00000
test_02778,0.00090
test_02779,0.00042
test_02780,0.99999
test_02781,0.99353
test_02782,1.00000
test_02783,0.00303
test_02784,0.00000
test_02785,1.00000
test_02786,0.00000
test_02787,0.00000
test_02788,0.99991
test_02789,0.00154
test_02790,0.09165
test_02791,0.00000
test_02792,0.78917
test_02793,0.64195
test_02794,0.00002
test_02795,1.00000
test_02796,1.00000
test_02797,0.00741
test_02798,1.00000
test_02799,0.68316
test_02800,0.00000
test_02801,0.00000
test_02802,0.00000
test_02803,0.00001
test_02804,0.09869
test_02805,0.00000
test_02806,1.00000
test_02807,0.00000
test_02808,0.00000
test_02809,0.14274
test_02810,0.00000
test_02811,0.00000
test_02812,0.04472
test_02813,1.00000
test_02814,1.00000
test_02815,0.00000
test_02816,0.99741
test_02817,0.00000
test_02818,0.03310
test_02819,0.97099
test_02820,0.00000
test_02821,0.99999
test_02822,0.99932
test_02823,1.00000
test_02824,0.00000
test_02825,1.00000
test_02826,1.00000
test_02827,0.99806
test_02828,1.00000
test_02829,0.99999
test_02830,1.00000
test_02831,1.00000
test_02832,0.00352
test_02833,0.00002
test_02834,0.43633
test_02835,0.00000
test_02836,1.00000
test_02837,1.00000
test_02838,0.00000
test_02839,1.00000
test_02840,0.99947
test_02841,1.00000
test_02842,1.00000
test_02843,0.00000
test_02844,0.00000
test_02845,0.63355
test_02846,1.00000
test_02847,1.00000
test_02848,0.00007
test_02849,0.04658
test_02850,0.00000
test_02851,1.00000
test_02852,0.00000
test_02853,0.00003
test_02854,0.19968
test_02855,1.00000
test_02856,0.05016
test_02857,1.00000
test_02858,1.00000
test_02859,0.99564
test_02860,0.96451
test_02861,1.00000
test_02862,0.00000
test_02863,0.00068
test_02864,0.98489
test_02865,1.00000
test_02866,1.00000
test_02867,0.99968
test_02868,0.00000
test_02869,1.00000
test_02870,0.95912
test_02871,1.00000
test_02872,0.00000
test_02873,1.00000
test_02874,1.00000
test_02875,1.00000
test_02876,1.00000
test_02877,0.02606
test_02878,0.00000
test_02879,0.00008
test_02880,1.00000
test_02881,0.02204
test_02882,0.00000
test_02883,1.00000
test_02884,0.00240
test_02885,0.13075
test_02886,0.00000
test_02887,0.00000
test_02888,0.00000
test_02889,0.00003
test_02890,0.00000
test_02891,0.00045
test_02892,0.17000
test_02893,0.00045
test_02894,0.00000
test_02895,0.01327
test_02896,0.52147
test_02897,0.00000
test_02898,0.99994
test_02899,0.99999
test_02900,0.99999
test_02901,0.99994
test_02902,0.00000
test_02903,0.00000
test_02904,0.00172
test_02905,1.00000
test_02906,0.44423
test_02907,0.99944
test_02908,0.00001
test_02909,0.00005
test_02910,0.00000
test_02911,0.00000
test_02912,1.00000
test_02913,0.00001
test_02914,1.00000
test_02915,1.00000
test_02916,0.97375
test_02917,0.00001
test_02918,0.00001
test_02919,0.00000
test_02920,0.00000
test_02921,0.99756
test_02922,0.99994
test_02923,0.00000
test_02924,0.00541
test_02925,0.00003
test_02926,1.00000
test_02927,0.99997
test_02928,0.90714
test_02929,0.00000
test_02930,1.00000
test_02931,0.99530
test_02932,0.99931
test_02933,0.02216
test_02934,0.43038
test_02935,0.22743
test_02936,1.00000
test_02937,0.00000
test_02938,0.54490
test_02939,1.00000
test_02940,0.00001
test_02941,1.00000
test_02942,0.00000
test_02943,0.94685
test_02944,0.00000
test_02945,1.00000
test_02946,0.00000
test_02947,0.15606
test_02948,0.00000
test_02949,0.05501
test_02950,0.01470
test_02951,0.00040
test_02952,0.99998
test_02953,0.99970
test_02954,1.00000
test_02955,0.28641
test_02956,0.00000
test_02957,0.00000
test_02958,1.00000
test_02959,0.00000
test_02960,0.72436
test_02961,0.00000
test_02962,1.00000
test_02963,0.00000
test_02964,0.99997
test_02965,0.00001
test_02966,0.00001
test_02967,0.00000
test_02968,1.00000
test_02969,1.00000
test_02970,0.29406
test_02971,1.00000
test_02972,1.00000
test_02973,0.00000
test_02974,0.00189
test_02975,0.00000
test_02976,1.00000
test_02977,0.63542
test_02978,1.00000
test_02979,1.00000
test_02980,0.00000
test_02981,0.99972
test_02982,0.97349
test_02983,1.00000
test_02984,1.00000
test_02985,0.00003
test_02986,0.66566
test_02987,0.00000
test_02988,0.00000
test_02989,0.99927
test_02990,1.00000
test_02991,1.00000
test_02992,0.00000
test_02993,0.00000
test_02994,0.99888
test_02995,0.00000
test_02996,0.00583
test_02997,0.80563
test_02998,0.00000
test_02999,0.99993
test_03000,0.99999
test_03001,1.00000
test_03002,1.00000
test_03003,0.46735
test_03004,0.02901
test_03005,0.00000
test_03006,0.97062
test_03007,0.00560
test_03008,0.00000
test_03009,0.01789
test_03010,1.00000
test_03011,1.00000
test_03012,0.00000
test_03013,0.91065
test_03014,1.00000
test_03015,0.00000
test_03016,0.00000
test_03017,0.99996
test_03018,0.00000
test_03019,0.00000
test_03020,0.99977
test_03021,0.00000
test_03022,1.00000
test_03023,0.03210
test_03024,1.00000
test_03025,0.00000
test_03026,0.00000
test_03027,0.00000
test_03028,0.00044
test_03029,0.00000
test_03030,0.01182
test_03031,0.01189
test_03032,0.00013
test_03033,0.88868
test_03034,0.00352
test_03035,0.00000
test_03036,0.00049
test_03037,0.00002
test_03038,0.00000
test_03039,0.00000
test_03040,1.00000
test_03041,1.00000
test_03042,1.00000
test_03043,0.99997
test_03044,1.00000
test_03045,0.99997
test_03046,0.99996
test_03047,0.99997
test_03048,0.00000
test_03049,1.00000
test_03050,0.00000
test_03051,0.00000
test_03052,0.07935
test_03053,0.00004
test_03054,0.66898
test_03055,1.00000
test_03056,1.00000
test_03057,0.00000
test_03058,0.22332
test_03059,1.00000
test_03060,0.99971
test_03061,1.00000
test_03062,1.00000
test_03063,0.00141
test_03064,0.99999
test_03065,0.00000
test_03066,1.00000
test_03067,0.91770
test_03068,0.28041
test_03069,1.00000
test_03070,0.99998
test_03071,1.00000
test_03072,0.24386
test_03073,0.00000
test_03074,0.99994
test_03075,1.00000
test_03076,0.00000
test_03077,0.59480
test_03078,0.00000
test_03079,0.00000
test_03080,0.00000
test_03081,0.00323
test_03082,1.00000
test_03083,0.02827
test_03084,0.16785
test_03085,0.93993
test_03086,0.64014
test_03087,0.73941
test_03088,0.98717
test_03089,0.00000
test_03090,0.99992
test_03091,0.99993
test_03092,0.00000
test_03093,1.00000
test_03094,1.00000
test_03095,0.99281
test_03096,1.00000
test_03097,0.00000
test_03098,0.00003
test_03099,1.00000
test_03100,1.00000
test_03101,0.54013
test_03102,1.00000
test_03103,0.94915
test_03104,0.98173
test_03105,0.00000
test_03106,0.00008
test_03107,0.00000
test_03108,0.00000
test_03109,0.00000
test_03110,0.00000
test_03111,0.00000
test_03112,0.00000
test_03113,0.00065
test_03114,0.00001
test_03115,0.73322
test_03116,1.00000
test_03117,0.00000
test_03118,0.00151
test_03119,1.00000
test_03120,0.00000
test_03121,0.00000
test_03122,0.84559
test_03123,1.00000
test_03124,1.00000
test_03125,0.12887
test_03126,1.00000
test_03127,0.24447
test_03128,0.00000
test_03129,0.00001
test_03130,1.00000
test_03131,0.00032
test_03132,1.00000
test_03133,0.10545
test_03134,0.97497
test_03135,1.00000
test_03136,0.00011
test_03137,0.00016
test_03138,0.00000
test_03139,0.00000
test_03140,0.00033
test_03141,1.00000
test_03142,1.00000
test_03143,0.04218
test_03144,0.98909
test_03145,1.00000
test_03146,0.00000
test_03147,0.00000
test_03148,0.00000
test_03149,0.45768
test_03150,1.00000
test_03151,0.00000
test_03152,1.00000
test_03153,0.00000
test_03154,1.00000
test_03155,0.00000
test_03156,1.00000
test_03157,0.00000
test_03158,1.00000
test_03159,0.99999
test_03160,0.02377
test_03161,0.00001
test_03162,1.00000
test_03163,0.00000
test_03164,1.00000
test_03165,0.00000
test_03166,0.00000
test_03167,0.00000
test_03168,0.00001
test_03169,0.00000
test_03170,0.00000
test_03171,0.99995
test_03172,0.99958
test_03173,0.99985
test_03174,0.99999
test_03175,0.99990
test_03176,1.00000
test_03177,0.00000
test_03178,0.99916
test_03179,0.00032
test_03180,1.00000
test_03181,1.00000
test_03182,0.00000
test_03183,0.99999
test_03184,1.00000
test_03185,1.00000
test_03186,0.00000
test_03187,0.96200
test_03188,0.15791
test_03189,0.99996
test_03190,0.05753
test_03191,0.00025
test_03192,0.99961
test_03193,0.49616
test_03194,1.00000
test_03195,0.00000
test_03196,1.00000
test_03197,0.00000
test_03198,0.00000
test_03199,0.11901
test_03200,0.00001
test_03201,0.80627
test_03202,0.00303
test_03203,0.00000
test_03204,1.00000
test_03205,0.00112
test_03206,0.00000
test_03207,1.00000
test_03208,0.00000
test_03209,0.32025
test_03210,0.35115
test_03211,0.00000
test_03212,1.00000
test_03213,1.00000
test_03214,0.00000
test_03215,1.00000
test_03216,0.00002
test_03217,0.00000
test_03218,0.00000
test_03219,1.00000
test_03220,0.98973
test_03221,1.00000
test_03222,0.00000
test_03223,0.00000
test_03224,1.00000
test_03225,1.00000
test_03226,0.00000
test_03227,1.00000
test_03228,1.00000
test_03229,0.00000
test_03230,0.98227
test_03231,0.99999
test_03232,1.00000
test_03233,0.00000
test_03234,0.00023
test_03235,0.03891
test_03236,0.00000
test_03237,1.00000
test_03238,0.04870
test_03239,0.00001
test_03240,0.00009
test_03241,0.53900
test_03242,0.00000
test_03243,0.00000
test_03244,0.21589
test_03245,0.99831
test_03246,0.96943
test_03247,0.99441
test_03248,0.00000
test_03249,1.00000
test_03250,0.00000
test_03251,0.00000
test_03252,1.00000
test_03253,1.00000
test_03254,0.00000
test_03255,0.00431
test_03256,1.00000
test_03257,0.99999
test_03258,0.00001
test_03259,0.72248
test_03260,0.00000
test_03261,0.00000
test_03262,1.00000
test_03263,0.88364
test_03264,0.06625
test_03265,0.00000
test_03266,1.00000
test_03267,1.00000
test_03268,0.97109
test_03269,1.00000
test_03270,0.00000
test_03271,0.00001
test_03272,1.00000
test_03273,0.00000
test_03274,0.00000
test_03275,0.00000
test_03276,0.00000
test_03277,0.00001
test_03278,1.00000
test_03279,0.99986
test_03280,0.99879
test_03281,1.00000
test_03282,0.99573
test_03283,0.00000
test_03284,0.00000
test_03285,1.00000
test_03286,0.99987
test_03287,1.00000
test_03288,0.00075
test_03289,0.99978
test_03290,0.13053
test_03291,0.99037
test_03292,0.33957
test_03293,1.00000
test_03294,0.99917
test_03295,0.00000
test_03296,0.00000
test_03297,1.00000
test_03298,0.00000
test_03299,1.00000
test_03300,1.00000
test_03301,0.82004
test_03302,1.00000
test_03303,0.00000
test_03304,0.00000
test_03305,1.00000
test_03306,1.00000
test_03307,1.00000
test_03308,1.00000
test_03309,0.00010
test_03310,1.00000
test_03311,0.00471
test_03312,0.26552
test_03313,0.00000
test_03314,0.00010
test_03315,1.00000
test_03316,0.99983
test_03317,0.99992
test_03318,1.00000
test_03319,0.00000
test_03320,1.00000
test_03321,1.00000
test_03322,1.00000
test_03323,0.99907
test_03324,0.00420
test_03325,0.00001
test_03326,0.86889
test_03327,1.00000
test_03328,0.95858
test_03329,0.00045
test_03330,0.98658
test_03331,0.00000
test_03332,0.99999
test_03333,0.09277
test_03334,1.00000
test_03335,1.00000
test_03336,0.00000
test_03337,0.00010
test_03338,0.00000
test_03339,0.99948
test_03340,0.99993
test_03341,0.00000
test_03342,0.00364
test_03343,0.00000
test_03344,0.99999
test_03345,0.00000
test_03346,0.00000
test_03347,0.59268
test_03348,0.00000
test_03349,1.00000
test_03350,0.99990
test_03351,0.69788
test_03352,0.99946
test_03353,0.08833
test_03354,0.00000
test_03355,1.00000
test_03356,0.00010
test_03357,1.00000
test_03358,0.00000
test_03359,1.00000
test_03360,0.03544
test_03361,0.00001
test_03362,1.00000
test_03363,1.00000
test_03364,0.79796
test_03365,0.20324
test_03366,0.00000
test_03367,0.52304
test_03368,0.99991
test_03369,0.00000
test_03370,1.00000
test_03371,1.00000
test_03372,0.99054
test_03373,0.01397
test_03374,0.01086
test_03375,0.00000
test_03376,1.00000
test_03377,0.00034
test_03378,0.00484
test_03379,0.99999
test_03380,1.00000
test_03381,1.00000
test_03382,1.00000
test_03383,0.00000
test_03384,0.99626
test_03385,0.99933
test_03386,0.36449
test_03387,1.00000
test_03388,0.00008
test_03389,0.99998
test_03390,0.93147
test_03391,0.99998
test_03392,0.22041
test_03393,0.00001
test_03394,0.34772
test_03395,0.48132
test_03396,0.11805
test_03397,0.00000
test_03398,1.00000
test_03399,1.00000
test_03400,0.00010
test_03401,0.00445
test_03402,1.00000
test_03403,0.00000
test_03404,0.00017
test_03405,1.00000
test_03406,0.00000
test_03407,0.00000
test_03408,0.00989
test_03409,0.00042
test_03410,0.97883
test_03411,0.83796
test_03412,1.00000
test_03413,0.00003
test_03414,0.00000
test_03415,0.99912
test_03416,0.00003
test_03417,0.00006
test_03418,0.00036
test_03419,0.00000
test_03420,1.00000
test_03421,0.00000
test_03422,1.00000
test_03423,0.00000
test_03424,0.00000
test_03425,0.00000
test_03426,0.99953
test_03427,1.00000
test_03428,0.00001
test_03429,0.99997
test_03430,1.00000
test_03431,1.00000
test_03432,0.00001
test_03433,1.00000
test_03434,0.00001
test_03435,1.00000
test_03436,0.00000
test_03437,0.01259
test_03438,0.00001
test_03439,1.00000
test_03440,0.98151
test_03441,0.99934
test_03442,0.99223
test_03443,0.98056
test_03444,0.23236
test_03445,0.00177
test_03446,0.99997
test_03447,1.00000
test_03448,0.99963
test_03449,1.00000
test_03450,0.99142
test_03451,0.00000
test_03452,0.00000
test_03453,0.00000
test_03454,0.00001
test_03455,0.00000
test_03456,0.00000
test_03457,0.14516
test_03458,1.00000
test_03459,0.00002
test_03460,0.00000
test_03461,0.57413
test_03462,1.00000
test_03463,0.00000
test_03464,1.00000
test_03465,0.00002
test_03466,0.00000
test_03467,1.00000
test_03468,0.00000
test_03469,0.00005
test_03470,0.00000
test_03471,0.37415
test_03472,1.00000
test_03473,1.00000
test_03474,1.00000
test_03475,0.99998
test_03476,0.00001
test_03477,0.00158
test_03478,0.00000
test_03479,0.00000
test_03480,1.00000
test_03481,1.00000
test_03482,1.00000
test_03483,0.00000
test_03484,0.87518
test_03485,0.00000
test_03486,1.00000
test_03487,1.00000
test_03488,1.00000
test_03489,0.00000
test_03490,1.00000
test_03491,0.98184
test_03492,1.00000
test_03493,1.00000
test_03494,0.00003
test_03495,0.00004
test_03496,0.00000
test_03497,1.00000
test_03498,1.00000
test_03499,0.99996
test_03500,0.97471
test_03501,0.00000
test_03502,0.13750
test_03503,0.00001
test_03504,0.00015
test_03505,0.00000
test_03506,0.00183
test_03507,0.00003
test_03508,0.02119
test_03509,0.26367
test_03510,0.99910
test_03511,0.00000
test_03512,0.99958
test_03513,0.00000
test_03514,1.00000
test_03515,0.88519
test_03516,0.00798
test_03517,1.00000
test_03518,0.00000
test_03519,0.12329
test_03520,1.00000
test_03521,0.96326
test_03522,0.86498
test_03523,1.00000
test_03524,0.00000
test_03525,1.00000
test_03526,1.00000
test_03527,0.97973
test_03528,0.00010
test_03529,0.00000
test_03530,0.00000
test_03531,0.00000
test_03532,1.00000
test_03533,0.00180
test_03534,1.00000
test_03535,0.00064
test_03536,1.00000
test_03537,0.00007
test_03538,0.00000
test_03539,0.08459
test_03540,1.00000
test_03541,0.00028
test_03542,0.35285
test_03543,0.99998
test_03544,0.00000
test_03545,0.00000
test_03546,0.96071
test_03547,1.00000
test_03548,1.00000
test_03549,0.00987
test_03550,0.98970
test_03551,1.00000
test_03552,1.00000
test_03553,1.00000
test_03554,0.83788
test_03555,0.00000
test_03556,0.00014
test_03557,1.00000
test_03558,0.99948
test_03559,0.00000
test_03560,1.00000
test_03561,1.00000
test_03562,1.00000
test_03563,0.63471
test_03564,1.00000
test_03565,1.00000
test_03566,0.00000
test_03567,0.96380
test_03568,0.00003
test_03569,0.00000
test_03570,1.00000
test_03571,0.00000
test_03572,1.00000
test_03573,0.99999
test_03574,0.83306
test_03575,1.00000
test_03576,1.00000
test_03577,0.00001
test_03578,0.00000
test_03579,0.00000
test_03580,1.00000
test_03581,0.00000
test_03582,0.99760
test_03583,1.00000
test_03584,0.00000
test_03585,1.00000
test_03586,0.00000
test_03587,0.00001
test_03588,0.00000
test_03589,0.00002
test_03590,0.00000
test_03591,0.00001
test_03592,1.00000
test_03593,1.00000
test_03594,0.00000
test_03595,1.00000
test_03596,1.00000
test_03597,0.00089
test_03598,0.93844
test_03599,1.00000
test_03600,0.00084
test_03601,1.00000
test_03602,0.00001
test_03603,1.00000
test_03604,1.00000
test_03605,1.00000
test_03606,0.00002
test_03607,0.00000
test_03608,1.00000
test_03609,0.00000
test_03610,0.00003
test_03611,0.51329
test_03612,1.00000
test_03613,1.00000
test_03614,0.00000
test_03615,0.11935
test_03616,0.00000
test_03617,0.00047
test_03618,1.00000
test_03619,0.00000
test_03620,0.00000
test_03621,0.00061
test_03622,0.00002
test_03623,0.00000
test_03624,0.19719
test_03625,1.00000
test_03626,0.67106
test_03627,0.00004
test_03628,0.00000
test_03629,0.99996
test_03630,0.00010
test_03631,0.00000
test_03632,0.99995
test_03633,0.00000
test_03634,0.00000
test_03635,0.46718
test_03636,0.39087
test_03637,0.00000
test_03638,1.00000
test_03639,0.00000
test_03640,0.00000
test_03641,0.93382
test_03642,0.64389
test_03643,0.99988
test_03644,0.00000
test_03645,1.00000
test_03646,0.99997
test_03647,0.61357
test_03648,0.63675
test_03649,1.00000
test_03650,1.00000
test_03651,0.00000
test_03652,0.00000
test_03653,0.99995
test_03654,0.99999
test_03655,1.00000
test_03656,0.05349
test_03657,0.01044
test_03658,0.87526
test_03659,1.00000
test_03660,1.00000
test_03661,0.04134
test_03662,1.00000
test_03663,1.00000
test_03664,1.00000
test_03665,1.00000
test_03666,0.00000
test_03667,0.00000
test_03668,1.00000
test_03669,1.00000
test_03670,0.00053
test_03671,0.00001
test_03672,0.96859
test_03673,0.90147
test_03674,0.00004
test_03675,1.00000
test_03676,1.00000
test_03677,0.32068
test_03678,0.99808
test_03679,0.00000
test_03680,0.99995
test_03681,0.03985
test_03682,0.99472
test_03683,1.00000
test_03684,1.00000
test_03685,1.00000
test_03686,1.00000
test_03687,0.25552
test_03688,1.00000
test_03689,0.00000
test_03690,1.00000
test_03691,1.00000
test_03692,0.00000
test_03693,0.97618
test_03694,1.00000
test_03695,0.00000
test_03696,0.00000
test_03697,0.57592
test_03698,1.00000
test_03699,0.99320
test_03700,1.00000
test_03701,0.00284
test_03702,1.00000
test_03703,1.00000
test_03704,0.00000
test_03705,0.00000
test_03706,0.00000
test_03707,1.00000
test_03708,0.00431
test_03709,1.00000
test_03710,0.00010
test_03711,0.00000
test_03712,1.00000
test_03713,0.00017
test_03714,0.00010
test_03715,1.00000
test_03716,1.00000
test_03717,0.00000
test_03718,0.00000
test_03719,1.00000
test_03720,0.00000
test_03721,0.00000
test_03722,0.00004
test_03723,0.00036
test_03724,0.99841
test_03725,0.00000
test_03726,1.00000
test_03727,0.00000
test_03728,0.00006
test_03729,0.00000
test_03730,1.00000
test_03731,0.02237
test_03732,0.92744
test_03733,1.00000
test_03734,1.00000
test_03735,0.00007
test_03736,0.00003
test_03737,1.00000
test_03738,0.99910
test_03739,0.99771
test_03740,0.00000
test_03741,0.00312
test_03742,0.00002
test_03743,1.00000
test_03744,1.00000
test_03745,1.00000
test_03746,0.00012
test_03747,0.30034
test_03748,0.00000
test_03749,0.98628
test_03750,1.00000
test_03751,0.94472
test_03752,0.99996
test_03753,1.00000
test_03754,1.00000
test_03755,1.00000
test_03756,0.99765
test_03757,0.00000
test_03758,1.00000
test_03759,0.00000
test_03760,0.00338
test_03761,0.00000
test_03762,1.00000
test_03763,0.09441
test_03764,1.00000
test_03765,0.00000
test_03766,1.00000
test_03767,0.65613
test_03768,0.00000
test_03769,0.00000
test_03770,0.99783
test_03771,1.00000
test_03772,1.00000
test_03773,0.00000
test_03774,0.09097
test_03775,1.00000
test_03776,0.00000
test_03777,0.00000
test_03778,1.00000
test_03779,0.00000
test_03780,0.00000
test_03781,0.00003
test_03782,0.00000
test_03783,0.00000
test_03784,0.00000
test_03785,1.00000
test_03786,0.00000
test_03787,0.00000
test_03788,0.00000
test_03789,0.00033
test_03790,0.32765
test_03791,0.05278
test_03792,1.00000
test_03793,0.00000
test_03794,1.00000
test_03795,0.99999
test_03796,0.99998
test_03797,0.00000
test_03798,0.99994
test_03799,0.00000
test_03800,0.99999
test_03801,0.00000
test_03802,0.17240
test_03803,0.00000
test_03804,0.00054
test_03805,0.94472
test_03806,0.00000
test_03807,0.93971
test_03808,1.00000
test_03809,0.00001
test_03810,0.00000
test_03811,0.00281
test_03812,0.00000
test_03813,1.00000
test_03814,0.00000
test_03815,0.54894
test_03816,0.00004
test_03817,0.63294
test_03818,0.00000
test_03819,0.99913
test_03820,1.00000
test_03821,1.00000
test_03822,0.90301
test_03823,0.00000
test_03824,0.91130
test_03825,0.99855
test_03826,1.00000
test_03827,0.00000
test_03828,1.00000
test_03829,0.00001
test_03830,0.99998
test_03831,0.00000
test_03832,0.00000
test_03833,0.00001
test_03834,1.00000
test_03835,0.99977
test_03836,0.00000
test_03837,0.00001
test_03838,0.00000
test_03839,0.00002
test_03840,0.99997
test_03841,1.00000
test_03842,0.00000
test_03843,0.99811
test_03844,0.00000
test_03845,1.00000
test_03846,0.99802
test_03847,0.00000
test_03848,1.00000
test_03849,0.99966
test_03850,0.00511
test_03851,0.00000
test_03852,0.00007
test_03853,1.00000
test_03854,1.00000
test_03855,0.00000
test_03856,0.00085
test_03857,0.00000
test_03858,0.00000
test_03859,0.00000
test_03860,0.00000
test_03861,0.01824
test_03862,1.00000
test_03863,0.07090
test_03864,1.00000
test_03865,0.00000
test_03866,1.00000
test_03867,0.00003
test_03868,0.00000
test_03869,1.00000
test_03870,0.99669
test_03871,0.00000
test_03872,0.00000
test_03873,0.08849
test_03874,0.00000
test_03875,0.06909
test_03876,1.00000
test_03877,0.00227
test_03878,1.00000
test_03879,1.00000
test_03880,1.00000
test_03881,0.00000
test_03882,1.00000
test_03883,0.60264
test_03884,1.00000
test_03885,0.00008
test_03886,0.00006
test_03887,0.00000
test_03888,1.00000
test_03889,0.00000
test_03890,0.71386
test_03891,0.00000
test_03892,0.14413
test_03893,0.00000
test_03894,0.00000
test_03895,0.62897
test_03896,1.00000
test_03897,1.00000
test_03898,0.00001
test_03899,0.16700
test_03900,0.01411
test_03901,0.00000
test_03902,0.00000
test_03903,0.99790
test_03904,0.00000
test_03905,0.99991
test_03906,0.00010
test_03907,1.00000
test_03908,0.99842
test_03909,0.99982
test_03910,0.00000
test_03911,0.80738
test_03912,1.00000
test_03913,0.00000
test_03914,0.07728
test_03915,0.00000
test_03916,1.00000
test_03917,0.99764
test_03918,0.99041
test_03919,1.00000
test_03920,0.95607
test_03921,0.00000
test_03922,0.00000
test_03923,0.99992
test_03924,0.04720
test_03925,0.00000
test_03926,1.00000
test_03927,0.00019
test_03928,0.00000
test_03929,1.00000
test_03930,0.99994
test_03931,1.00000
test_03932,0.00000
test_03933,0.00000
test_03934,1.00000
test_03935,0.00000
test_03936,0.17908
test_03937,0.00000
test_03938,0.93322
test_03939,0.00000
test_03940,0.00079
test_03941,0.31939
test_03942,0.00003
test_03943,0.00000
test_03944,1.00000
test_03945,1.00000
test_03946,0.10939
test_03947,0.89171
test_03948,0.99995
test_03949,1.00000
test_03950,0.96741
test_03951,0.00002
test_03952,0.01625
test_03953,1.00000
test_03954,1.00000
test_03955,0.00016
test_03956,0.00000
test_03957,0.81034
test_03958,1.00000
test_03959,0.01317
test_03960,0.00000
test_03961,1.00000
test_03962,1.00000
test_03963,0.00000
test_03964,0.99100
test_03965,0.00000
test_03966,0.00031
test_03967,0.00000
test_03968,1.00000
test_03969,0.99922
test_03970,0.96227
test_03971,0.00067
test_03972,0.00002
test_03973,1.00000
test_03974,0.01397
test_03975,0.99995
test_03976,1.00000
test_03977,1.00000
test_03978,0.00040
test_03979,1.00000
test_03980,0.99986
test_03981,1.00000
test_03982,0.99996
test_03983,0.99997
test_03984,0.99998
test_03985,0.00000
test_03986,0.00000
test_03987,0.99986
test_03988,1.00000
test_03989,0.00000
test_03990,0.00000
test_03991,0.00000
test_03992,0.99782
test_03993,0.00008
test_03994,0.00000
test_03995,0.00001
test_03996,1.00000
test_03997,0.78830
test_03998,1.00000
test_03999,1.00000
test_04000,0.99995
test_04001,0.05266
test_04002,1.00000
test_04003,1.00000
test_04004,0.71009
test_04005,0.00000
test_04006,0.20971
test_04007,0.00000
test_04008,0.99999
test_04009,0.00000
test_04010,0.07340
test_04011,0.00000
test_04012,0.00000
test_04013,0.00000
test_04014,0.99998
test_04015,0.99997
test_04016,0.94895
test_04017,0.16254
test_04018,1.00000
test_04019,1.00000
test_04020,1.00000
test_04021,0.00000
test_04022,0.00000
test_04023,0.70911
test_04024,0.00000
test_04025,0.00000
test_04026,1.00000
test_04027,0.00000
test_04028,0.00119
test_04029,0.97774
test_04030,1.00000
test_04031,0.00000
test_04032,0.00559
test_04033,1.00000
test_04034,1.00000
test_04035,1.00000
test_04036,1.00000
test_04037,1.00000
test_04038,0.00062
test_04039,0.00000
test_04040,0.99749
test_04041,0.99953
test_04042,1.00000
test_04043,0.00003
test_04044,0.00000
test_04045,0.00000
test_04046,0.00002
test_04047,0.99999
test_04048,0.99998
test_04049,0.99674
test_04050,0.00000
test_04051,1.00000
test_04052,1.00000
test_04053,0.68047
test_04054,0.00000
test_04055,1.00000
test_04056,0.99867
test_04057,1.00000
test_04058,1.00000
test_04059,0.70139
test_04060,1.00000
test_04061,0.08900
test_04062,0.00448
test_04063,0.24712
test_04064,1.00000
test_04065,0.30775
test_04066,1.00000
test_04067,0.00000
test_04068,0.00002
test_04069,0.00000
test_04070,0.00000
test_04071,0.99517
test_04072,0.00000
test_04073,0.00000
test_04074,0.08293
test_04075,1.00000
test_04076,1.00000
test_04077,0.52603
test_04078,1.00000
test_04079,0.00000
test_04080,0.00001
test_04081,0.99771
test_04082,0.00000
test_04083,0.00005
test_04084,0.99888
test_04085,0.07431
test_04086,0.00000
test_04087,0.95074
test_04088,1.00000
test_04089,0.00000
test_04090,1.00000
test_04091,1.00000
test_04092,1.00000
test_04093,1.00000
test_04094,0.00691
test_04095,0.86340
test_04096,0.00000
test_04097,0.15059
test_04098,0.00000
test_04099,1.00000
test_04100,1.00000
test_04101,0.00001
test_04102,0.00012
test_04103,0.00000
test_04104,0.92777
test_04105,0.00000
test_04106,0.00000
test_04107,0.23140
test_04108,0.99920
test_04109,1.00000
test_04110,0.88407
test_04111,0.99999
test_04112,0.02417
test_04113,1.00000
test_04114,1.00000
test_04115,0.99976
test_04116,0.99996
test_04117,1.00000
test_04118,0.00008
test_04119,0.00000
test_04120,0.99700
test_04121,0.00542
test_04122,0.00001
test_04123,1.00000
test_04124,0.99013
test_04125,0.00000
test_04126,0.00000
test_04127,0.00000
test_04128,1.00000
test_04129,1.00000
test_04130,0.00000
test_04131,0.00000
test_04132,0.00000
test_04133,0.00000
test_04134,0.99999
test_04135,1.00000
test_04136,0.57360
test_04137,0.00575
test_04138,0.05340
test_04139,1.00000
test_04140,1.00000
test_04141,0.82451
test_04142,0.99981
test_04143,0.99908
test_04144,1.00000
test_04145,0.91507
test_04146,0.00125
test_04147,0.00013
test_04148,0.99973
test_04149,1.00000
test_04150,0.00000
test_04151,0.71620
test_04152,0.00001
test_04153,0.36439
test_04154,0.00011
test_04155,0.00003
test_04156,1.00000
test_04157,1.00000
test_04158,0.99998
test_04159,0.00000
test_04160,1.00000
test_04161,0.00000
test_04162,0.99996
test_04163,0.00044
test_04164,1.00000
test_04165,1.00000
test_04166,0.00000
test_04167,0.00004
test_04168,0.00000
test_04169,0.99998
test_04170,1.00000
test_04171,1.00000
test_04172,0.00000
test_04173,1.00000
test_04174,0.00000
test_04175,1.00000
test_04176,0.86444
test_04177,0.00000
test_04178,1.00000
test_04179,0.00014
test_04180,0.00000
test_04181,0.99983
test_04182,1.00000
test_04183,0.23827
test_04184,0.78818
test_04185,0.77067
test_04186,0.99960
test_04187,1.00000
test_04188,0.00914
test_04189,0.00000
test_04190,1.00000
test_04191,0.99763
test_04192,0.00000
test_04193,0.00000
test_04194,0.00000
test_04195,0.00000
test_04196,0.96075
test_04197,0.00000
test_04198,1.00000
test_04199,0.00000
test_04200,0.00001
test_04201,0.99986
test_04202,0.99997
test_04203,0.99973
test_04204,0.97492
test_04205,0.00000
test_04206,0.00000
test_04207,0.97929
test_04208,0.00000
test_04209,0.00167
test_04210,0.99998
test_04211,0.81425
test_04212,0.99999
test_04213,0.00000
test_04214,0.99998
test_04215,0.00179
test_04216,0.00000
test_04217,1.00000
test_04218,0.00000
test_04219,1.00000
test_04220,0.00002
test_04221,0.50365
test_04222,1.00000
test_04223,1.00000
test_04224,1.00000
test_04225,0.23986
test_04226,0.99832
test_04227,1.00000
test_04228,1.00000
test_04229,1.00000
test_04230,0.00007
test_04231,0.99338
test_04232,1.00000
test_04233,1.00000
test_04234,1.00000
test_04235,1.00000
test_04236,0.00000
test_04237,0.30261
test_04238,0.00000
test_04239,1.00000
test_04240,0.99999
test_04241,0.99999
test_04242,0.99978
test_04243,0.00000
test_04244,1.00000
test_04245,1.00000
test_04246,1.00000
test_04247,0.99986
test_04248,1.00000
test_04249,1.00000
test_04250,0.29837
test_04251,1.00000
test_04252,0.00009
test_04253,0.00000
test_04254,0.00016
test_04255,0.99997
test_04256,1.00000
test_04257,0.00003
test_04258,0.00008
test_04259,0.99980
test_04260,0.66507
test_04261,0.99985
test_04262,0.00005
test_04263,0.00000
test_04264,0.99976
test_04265,1.00000
test_04266,0.72527
test_04267,0.00002
test_04268,1.00000
test_04269,1.00000
test_04270,0.00002
test_04271,0.00243
test_04272,0.00282
test_04273,0.00038
test_04274,0.00001
test_04275,0.94177
test_04276,1.00000
test_04277,0.00000
test_04278,0.99999
test_04279,0.00000
test_04280,0.00000
test_04281,1.00000
test_04282,0.85416
test_04283,0.00000
test_04284,0.00000
test_04285,0.01069
test_04286,0.00000
test_04287,1.00000
test_04288,0.00000
test_04289,1.00000
test_04290,0.00000
test_04291,0.00052
test_04292,0.19996
test_04293,1.00000
test_04294,0.99899
test_04295,0.00000
test_04296,0.06105
test_04297,0.99985
test_04298,1.00000
test_04299,0.00001
test_04300,0.00000
test_04301,0.99966
test_04302,0.00001
test_04303,1.00000
test_04304,1.00000
test_04305,0.69147
test_04306,0.00000
test_04307,0.99997
test_04308,0.00002
test_04309,1.00000
test_04310,1.00000
test_04311,0.99982
test_04312,1.00000
test_04313,0.00000
test_04314,1.00000
test_04315,1.00000
test_04316,0.00000
test_04317,0.00000
test_04318,0.01214
test_04319,0.00000
test_04320,0.00045
test_04321,1.00000
test_04322,0.46911
test_04323,0.00000
test_04324,1.00000
test_04325,1.00000
test_04326,0.99125
test_04327,0.00032
test_04328,0.00000
test_04329,1.00000
test_04330,0.99989
test_04331,1.00000
test_04332,0.00000
test_04333,0.00000
test_04334,0.99999
test_04335,0.00000
test_04336,0.00000
test_04337,0.99972
test_04338,1.00000
test_04339,1.00000
test_04340,0.00005
test_04341,1.00000
test_04342,0.00001
test_04343,0.99367
test_04344,0.00000
test_04345,1.00000
test_04346,0.00000
test_04347,0.49494
test_04348,0.99999
test_04349,1.00000
test_04350,1.00000
test_04351,0.00003
test_04352,0.00001
test_04353,0.89337
test_04354,0.00000
test_04355,1.00000
test_04356,0.00000
test_04357,0.70599
test_04358,0.00000
test_04359,0.00004
test_04360,0.68348
test_04361,0.00398
test_04362,0.00000
test_04363,1.00000
test_04364,0.99972
test_04365,0.00011
test_04366,0.00000
test_04367,0.00031
test_04368,0.00000
test_04369,1.00000
test_04370,0.00001
test_04371,1.00000
test_04372,0.70789
test_04373,0.00474
test_04374,0.00002
test_04375,1.00000
test_04376,0.55693
test_04377,0.00000
test_04378,1.00000
test_04379,0.00000
test_04380,0.00000
test_04381,0.99982
test_04382,0.00000
test_04383,0.10521
test_04384,1.00000
test_04385,0.23863
test_04386,0.00000
test_04387,0.00000
test_04388,0.00000
test_04389,0.00048
test_04390,0.98412
test_04391,1.00000
test_04392,1.00000
test_04393,0.99982
test_04394,1.00000
test_04395,0.05106
test_04396,0.00079
test_04397,1.00000
test_04398,0.00000
test_04399,0.00004
test_04400,0.00000
test_04401,0.00000
test_04402,0.99965
test_04403,0.79850
test_04404,0.22848
test_04405,1.00000
test_04406,1.00000
test_04407,0.00000
test_04408,1.00000
test_04409,1.00000
test_04410,1.00000
test_04411,1.00000
test_04412,0.96141
test_04413,1.00000
test_04414,1.00000
test_04415,0.00007
test_04416,0.67486
test_04417,0.00000
test_04418,0.00001
test_04419,0.00000
test_04420,0.00000
test_04421,0.99892
test_04422,0.00008
test_04423,0.06982
test_04424,0.00322
test_04425,1.00000
test_04426,0.05149
test_04427,0.99762
test_04428,0.05028
test_04429,1.00000
test_04430,0.42340
test_04431,1.00000
test_04432,0.00000
test_04433,0.01285
test_04434,1.00000
test_04435,0.23088
test_04436,0.00000
test_04437,1.00000
test_04438,1.00000
test_04439,0.00000
test_04440,1.00000
test_04441,1.00000
test_04442,1.00000
test_04443,0.00000
test_04444,0.97769
test_04445,1.00000
test_04446,0.00000
test_04447,1.00000
test_04448,0.00000
test_04449,0.98028
test_04450,1.00000
test_04451,0.00000
test_04452,0.00350
test_04453,0.99982
test_04454,0.00000
test_04455,0.98819
test_04456,0.00000
test_04457,0.39920
test_04458,1.00000
test_04459,0.00000
test_04460,0.00000
test_04461,1.00000
test_04462,0.00000
test_04463,0.99999
test_04464,1.00000
test_04465,0.43442
test_04466,0.00000
test_04467,1.00000
test_04468,0.00000
test_04469,0.00866
test_04470,0.30166
test_04471,0.34790
test_04472,1.00000
test_04473,0.00000
test_04474,0.00000
test_04475,0.00000
test_04476,0.00000
test_04477,0.02436
test_04478,1.00000
test_04479,0.77936
test_04480,0.33230
test_04481,1.00000
test_04482,0.00009
test_04483,1.00000
test_04484,0.99998
test_04485,0.99974
test_04486,1.00000
test_04487,0.00000
test_04488,0.99999
test_04489,0.00000
test_04490,1.00000
test_04491,0.06207
test_04492,0.00000
test_04493,0.01622
test_04494,0.00049
test_04495,0.99327
test_04496,0.00000
test_04497,0.00476
test_04498,0.02333
test_04499,0.00000
test_04500,1.00000
test_04501,0.00000
test_04502,0.99892
test_04503,0.00002
test_04504,0.00010
test_04505,0.86025
test_04506,1.00000
test_04507,0.00000
test_04508,0.00008
test_04509,0.00012
test_04510,0.00000
test_04511,0.00000
test_04512,1.00000
test_04513,0.00077
test_04514,0.93943
test_04515,0.00000
test_04516,0.74448
test_04517,1.00000
test_04518,0.00000
test_04519,0.03767
test_04520,0.00000
test_04521,0.99999
test_04522,1.00000
test_04523,0.00011
test_04524,0.99998
test_04525,0.00000
test_04526,0.99988
test_04527,0.00301
test_04528,0.99999
test_04529,0.00000
test_04530,0.00000
test_04531,0.08042
test_04532,1.00000
test_04533,0.00000
test_04534,0.00026
test_04535,0.92953
test_04536,0.00000
test_04537,0.00000
test_04538,0.90038
test_04539,1.00000
test_04540,1.00000
test_04541,1.00000
test_04542,1.00000
test_04543,0.00000
test_04544,0.98971
test_04545,1.00000
test_04546,1.00000
test_04547,1.00000
test_04548,0.99992
test_04549,0.00000
test_04550,0.99997
test_04551,1.00000
test_04552,0.20518
test_04553,0.98996
test_04554,0.01994
test_04555,0.00001
test_04556,0.34824
test_04557,0.00000
test_04558,0.00000
test_04559,0.00000
test_04560,0.00000
test_04561,0.00000
test_04562,0.97374
test_04563,1.00000
test_04564,0.00000
test_04565,1.00000
test_04566,0.00000
test_04567,0.99993
test_04568,0.09837
test_04569,0.99883
test_04570,0.00000
test_04571,0.00000
test_04572,1.00000
test_04573,1.00000
test_04574,0.00000
test_04575,1.00000
test_04576,1.00000
test_04577,0.99999
test_04578,0.99991
test_04579,0.00000
test_04580,0.00001
test_04581,0.00000
test_04582,0.00000
test_04583,0.99996
test_04584,0.99522
test_04585,0.99995
test_04586,0.00000
test_04587,0.99994
test_04588,0.99999
test_04589,1.00000
test_04590,1.00000
test_04591,1.00000
test_04592,0.00005
test_04593,0.82793
test_04594,0.00490
test_04595,1.00000
test_04596,0.00000
test_04597,0.00278
test_04598,0.00781
test_04599,0.05265
test_04600,0.00000
test_04601,0.00002
test_04602,0.02598
test_04603,1.00000
test_04604,0.00000
test_04605,1.00000
test_04606,0.99940
test_04607,0.01771
test_04608,0.00000
test_04609,0.99239
test_04610,0.00000
test_04611,1.00000
test_04612,1.00000
test_04613,0.99969
test_04614,1.00000
test_04615,1.00000
test_04616,1.00000
test_04617,0.00000
test_04618,1.00000
test_04619,0.59824
test_04620,0.00000
test_04621,1.00000
test_04622,0.99990
test_04623,1.00000
test_04624,0.63264
test_04625,1.00000
test_04626,0.00000
test_04627,0.00000
test_04628,1.00000
test_04629,0.99842
test_04630,1.00000
test_04631,1.00000
test_04632,0.00006
test_04633,0.00055
test_04634,1.00000
test_04635,1.00000
test_04636,1.00000
test_04637,0.99998
test_04638,0.99924
test_04639,1.00000
test_04640,1.00000
test_04641,0.99960
test_04642,0.05918
test_04643,0.01816
test_04644,0.00737
test_04645,0.99897
test_04646,0.00000
test_04647,1.00000
test_04648,0.88054
test_04649,0.99450
test_04650,0.00000
test_04651,1.00000
test_04652,0.00000
test_04653,1.00000
test_04654,0.00000
test_04655,0.98145
test_04656,0.00000
test_04657,0.99997
test_04658,1.00000
test_04659,0.99999
test_04660,0.18557
test_04661,0.00000
test_04662,0.00005
test_04663,0.00170
test_04664,0.00002
test_04665,1.00000
test_04666,0.00000
test_04667,1.00000
test_04668,0.00000
test_04669,0.99995
test_04670,0.99293
test_04671,0.01380
test_04672,0.57710
test_04673,0.00009
test_04674,0.00000
test_04675,0.00000
test_04676,0.00009
test_04677,1.00000
test_04678,0.98539
test_04679,0.00001
test_04680,0.99953
test_04681,1.00000
test_04682,0.00000
test_04683,0.00001
test_04684,0.00024
test_04685,0.99999
test_04686,1.00000
test_04687,1.00000
test_04688,0.50621
test_04689,0.58281
test_04690,0.99879
test_04691,0.00000
test_04692,0.00000
test_04693,0.99999
test_04694,0.92316
test_04695,0.00000
test_04696,1.00000
test_04697,0.00000
test_04698,0.00169
test_04699,0.00018
test_04700,1.00000
test_04701,0.00055
test_04702,0.00574
test_04703,1.00000
test_04704,0.00000
test_04705,0.62183
test_04706,0.00000
test_04707,0.99513
test_04708,0.00000
test_04709,0.00001
test_04710,0.99595
test_04711,0.91556
test_04712,0.99997
test_04713,0.99998
test_04714,0.00000
test_04715,1.00000
test_04716,0.00000
test_04717,0.00001
test_04718,0.23707
test_04719,0.00002
test_04720,0.99998
test_04721,1.00000
test_04722,1.00000
test_04723,1.00000
test_04724,1.00000
test_04725,0.99239
test_04726,0.98791
test_04727,1.00000
test_04728,0.99999
test_04729,0.00000
test_04730,0.00000
test_04731,0.00000
test_04732,1.00000
test_04733,0.00001
test_04734,1.00000
test_04735,1.00000
test_04736,0.00000
test_04737,0.00584
test_04738,0.00000
test_04739,0.00000
test_04740,0.99974
test_04741,0.99808
test_04742,1.00000
test_04743,0.01836
test_04744,0.99950
test_04745,1.00000
test_04746,0.00000
test_04747,0.00000
test_04748,0.37908
test_04749,0.99403
test_04750,0.01511
test_04751,1.00000
test_04752,0.00000
test_04753,0.99974
test_04754,0.00000
test_04755,0.00449
test_04756,0.00000
test_04757,0.00000
test_04758,0.00000
test_04759,1.00000
test_04760,1.00000
test_04761,0.09789
test_04762,0.00000
test_04763,0.00001
test_04764,1.00000
test_04765,1.00000
test_04766,0.00000
test_04767,1.00000
test_04768,0.00694
test_04769,1.00000
test_04770,1.00000
test_04771,0.00000
test_04772,0.98637
test_04773,1.00000
test_04774,0.00000
test_04775,0.99993
test_04776,0.99999
test_04777,0.00001
test_04778,0.00000
test_04779,1.00000
test_04780,0.99998
test_04781,0.01006
test_04782,0.00014
test_04783,0.99990
test_04784,0.00000
test_04785,0.99889
test_04786,0.00000
test_04787,1.00000
test_04788,0.00000
test_04789,0.00013
test_04790,0.99999
test_04791,0.00000
test_04792,0.99997
test_04793,0.99999
test_04794,0.00918
test_04795,0.00000
test_04796,0.00126
test_04797,1.00000
test_04798,1.00000
test_04799,0.00000
test_04800,1.00000
test_04801,0.99990
test_04802,0.01058
test_04803,1.00000
test_04804,1.00000
test_04805,0.00000
test_04806,0.40941
test_04807,0.84970
test_04808,1.00000
test_04809,1.00000
test_04810,0.14552
test_04811,0.00000
test_04812,1.00000
test_04813,1.00000
test_04814,0.00000
test_04815,0.99981
test_04816,0.37063
test_04817,0.00003
test_04818,0.97072
test_04819,0.00000
test_04820,0.03251
test_04821,1.00000
test_04822,0.99888
test_04823,1.00000
test_04824,0.00000
test_04825,0.17609
test_04826,0.99985
test_04827,0.00000
test_04828,0.66022
test_04829,1.00000
test_04830,0.00000
test_04831,0.00049
test_04832,0.99975
test_04833,0.00105
test_04834,0.00001
test_04835,1.00000
test_04836,0.00011
test_04837,1.00000
test_04838,0.00000
test_04839,0.00000
test_04840,0.00000
test_04841,0.00007
test_04842,0.99973
test_04843,0.00000
test_04844,0.00000
test_04845,1.00000
test_04846,0.00000
test_04847,1.00000
test_04848,0.99999
test_04849,1.00000
test_04850,0.99906
test_04851,0.99999
test_04852,1.00000
test_04853,0.12848
test_04854,0.00000
test_04855,1.00000
test_04856,0.00063
test_04857,0.00001
test_04858,1.00000
test_04859,0.00002
test_04860,0.02632
test_04861,0.00494
test_04862,0.00000
test_04863,0.01557
test_04864,0.99999
test_04865,0.00000
test_04866,0.00055
test_04867,0.00003
test_04868,0.00000
test_04869,0.00005
test_04870,1.00000
test_04871,1.00000
test_04872,0.99957
test_04873,0.99985
test_04874,0.00000
test_04875,1.00000
test_04876,0.00153
test_04877,0.18058
test_04878,0.00543
test_04879,0.98162
test_04880,0.00000
test_04881,0.00000
test_04882,0.36241
test_04883,1.00000
test_04884,0.00019
test_04885,0.00000
test_04886,1.00000
test_04887,0.00000
test_04888,0.00005
test_04889,0.99988
test_04890,0.00005
test_04891,0.96604
test_04892,0.00016
test_04893,0.79166
test_04894,0.00000
test_04895,0.00000
test_04896,0.00000
test_04897,0.00331
test_04898,0.80377
test_04899,0.00000
test_04900,1.00000
test_04901,0.89519
test_04902,0.00000
test_04903,1.00000
test_04904,1.00000
test_04905,0.55161
test_04906,0.99998
test_04907,1.00000
test_04908,0.00001
test_04909,1.00000
test_04910,1.00000
test_04911,0.99964
test_04912,0.99998
test_04913,1.00000
test_04914,0.00000
test_04915,1.00000
test_04916,0.00000
test_04917,1.00000
test_04918,1.00000
test_04919,0.16626
test_04920,0.57198
test_04921,1.00000
test_04922,0.00000
test_04923,0.00004
test_04924,0.00001
test_04925,1.00000
test_04926,1.00000
test_04927,0.00000
test_04928,0.00000
test_04929,1.00000
test_04930,0.00279
test_04931,1.00000
test_04932,1.00000
test_04933,1.00000
test_04934,0.46006
test_04935,0.00000
test_04936,1.00000
test_04937,0.00000
test_04938,0.00000
test_04939,1.00000
test_04940,1.00000
test_04941,1.00000
test_04942,0.00000
test_04943,1.00000
test_04944,1.00000
test_04945,0.00001
test_04946,0.00000
test_04947,0.68404
test_04948,1.00000
test_04949,1.00000
test_04950,0.00005
test_04951,0.44795
test_04952,1.00000
test_04953,0.00002
test_04954,0.85708
test_04955,1.00000
test_04956,0.97368
test_04957,1.00000
test_04958,0.00000
test_04959,0.00000
test_04960,1.00000
test_04961,0.00000
test_04962,0.99815
test_04963,0.00000
test_04964,0.00017
test_04965,1.00000
test_04966,1.00000
test_04967,0.51830
test_04968,0.00000
test_04969,0.98096
test_04970,1.00000
test_04971,1.00000
test_04972,0.00000
test_04973,1.00000
test_04974,1.00000
test_04975,0.00000
test_04976,0.00100
test_04977,0.00000
test_04978,0.00000
test_04979,0.04186
test_04980,1.00000
test_04981,1.00000
test_04982,1.00000
test_04983,0.02121
test_04984,0.99993
test_04985,0.99113
test_04986,0.00001
test_04987,0.94244
test_04988,0.03340
test_04989,0.00000
test_04990,1.00000
test_04991,0.00000
test_04992,0.00000
test_04993,1.00000
test_04994,0.01001
test_04995,1.00000
test_04996,0.78380
test_04997,0.00000
test_04998,0.00289
test_04999,0.00000
test_05000,1.00000
test_05001,1.00000
test_05002,0.41311
test_05003,0.99588
test_05004,0.00002
test_05005,0.99917
test_05006,0.00000
test_05007,0.93282
test_05008,1.00000
test_05009,0.99892
test_05010,0.00000
test_05011,0.00627
test_05012,1.00000
test_05013,1.00000
test_05014,1.00000
test_05015,1.00000
test_05016,0.00061
test_05017,1.00000
test_05018,0.00131
test_05019,0.00027
test_05020,0.99989
test_05021,0.13231
test_05022,1.00000
test_05023,0.99996
test_05024,0.99967
test_05025,0.00055
test_05026,1.00000
test_05027,0.66960
test_05028,1.00000
test_05029,1.00000
test_05030,1.00000
test_05031,0.00000
test_05032,1.00000
test_05033,1.00000
test_05034,0.97735
test_05035,0.00678
test_05036,0.98804
test_05037,1.00000
test_05038,0.00000
test_05039,1.00000
test_05040,0.97374
test_05041,1.00000
test_05042,0.84796
test_05043,0.99999
test_05044,0.99304
test_05045,0.99900
test_05046,0.00000
test_05047,1.00000
test_05048,0.00000
test_05049,1.00000
test_05050,0.00199
test_05051,0.00028
test_05052,1.00000
test_05053,1.00000
test_05054,0.00000
test_05055,0.00000
test_05056,1.00000
test_05057,1.00000
test_05058,0.99917
test_05059,0.00000
test_05060,1.00000
test_05061,1.00000
test_05062,0.00000
test_05063,1.00000
test_05064,1.00000
test_05065,0.00000
test_05066,0.00000
test_05067,0.99947
test_05068,0.99975
test_05069,0.97859
test_05070,0.99945
test_05071,0.00012
test_05072,0.36856
test_05073,0.04690
test_05074,0.00004
test_05075,1.00000
test_05076,1.00000
test_05077,0.00000
test_05078,0.99928
test_05079,0.00002
test_05080,1.00000
test_05081,0.00000
test_05082,0.00000
test_05083,0.99423
test_05084,1.00000
test_05085,1.00000
test_05086,0.99437
test_05087,0.97382
test_05088,1.00000
test_05089,0.00872
test_05090,0.71467
test_05091,0.98631
test_05092,0.00000
test_05093,0.00000
test_05094,0.00004
test_05095,1.00000
test_05096,0.00000
test_05097,1.00000
test_05098,0.00000
test_05099,1.00000
test_05100,0.00000
test_05101,0.00001
test_05102,0.00000
test_05103,1.00000
test_05104,0.00000
test_05105,0.99355
test_05106,0.99997
test_05107,0.00000
test_05108,0.21625
test_05109,0.00000
test_05110,1.00000
test_05111,1.00000
test_05112,0.99999
test_05113,0.57435
test_05114,0.46572
test_05115,0.00000
test_05116,0.10965
test_05117,1.00000
test_05118,0.00000
test_05119,1.00000
test_05120,0.99999
test_05121,0.00000
test_05122,0.00009
test_05123,0.00561
test_05124,0.02715
test_05125,0.93737
test_05126,1.00000
test_05127,0.99990
test_05128,0.00001
test_05129,0.07359
test_05130,0.00073
test_05131,0.00000
test_05132,0.00002
test_05133,0.00000
test_05134,0.05062
test_05135,0.00578
test_05136,0.75418
test_05137,1.00000
test_05138,0.86706
test_05139,0.74145
test_05140,1.00000
test_05141,0.99655
test_05142,0.99911
test_05143,0.99972
test_05144,0.99900
test_05145,1.00000
test_05146,1.00000
test_05147,0.90242
test_05148,0.21297
test_05149,0.00260
test_05150,0.00000
test_05151,0.99993
test_05152,1.00000
test_05153,0.00000
test_05154,0.01497
test_05155,0.00015
test_05156,1.00000
test_05157,0.00000
test_05158,1.00000
test_05159,0.00000
test_05160,0.75040
test_05161,0.91114
test_05162,0.00000
test_05163,0.00000
test_05164,0.12324
test_05165,0.00000
test_05166,1.00000
test_05167,0.99962
test_05168,0.98804
test_05169,1.00000
test_05170,0.00000
test_05171,1.00000
test_05172,0.98601
test_05173,0.00000
test_05174,0.99983
test_05175,0.12231
test_05176,0.00002
test_05177,0.99608
test_05178,1.00000
test_05179,0.00000
test_05180,0.00000
test_05181,0.00001
test_05182,0.00000
test_05183,0.00000
test_05184,1.00000
test_05185,1.00000
test_05186,1.00000
test_05187,1.00000
test_05188,1.00000
test_05189,0.03824
test_05190,0.99999
test_05191,0.91108
test_05192,0.00000
test_05193,0.00000
test_05194,0.96284
test_05195,0.61420
test_05196,0.00000
test_05197,0.00001
test_05198,1.00000
test_05199,0.88956
test_05200,1.00000
test_05201,1.00000
test_05202,0.99502
test_05203,0.99997
test_05204,0.00000
test_05205,0.00000
test_05206,1.00000
test_05207,0.00000
test_05208,1.00000
test_05209,0.00015
test_05210,0.99501
test_05211,0.80941
test_05212,1.00000
test_05213,0.00000
test_05214,0.00002
test_05215,0.99979
test_05216,0.28913
test_05217,1.00000
test_05218,1.00000
test_05219,0.66425
test_05220,1.00000
test_05221,0.00000
test_05222,0.00002
test_05223,1.00000
test_05224,0.00000
test_05225,0.99971
test_05226,0.00000
test_05227,1.00000
test_05228,0.01836
test_05229,0.04000
test_05230,0.27063
test_05231,0.00000
test_05232,0.00000
test_05233,0.01936
test_05234,0.00984
test_05235,0.98557
test_05236,0.99974
test_05237,1.00000
test_05238,0.00000
test_05239,0.99998
test_05240,1.00000
test_05241,0.00000
test_05242,1.00000
test_05243,1.00000
test_05244,0.05752
test_05245,0.00000
test_05246,0.20060
test_05247,0.00000
test_05248,0.00177
test_05249,0.49779
test_05250,0.58560
test_05251,1.00000
test_05252,0.00000
test_05253,0.00000
test_05254,0.99916
test_05255,0.99216
test_05256,0.00004
test_05257,0.99556
test_05258,0.00000
test_05259,0.00000
test_05260,1.00000
test_05261,1.00000
test_05262,0.94242
test_05263,1.00000
test_05264,0.99988
test_05265,0.00000
test_05266,1.00000
test_05267,1.00000
test_05268,0.99200
test_05269,0.99988
test_05270,0.99998
test_05271,0.99999
test_05272,1.00000
test_05273,0.00000
test_05274,0.00000
test_05275,0.00432
test_05276,0.99983
test_05277,0.01078
test_05278,0.99992
test_05279,0.00000
test_05280,0.59931
test_05281,1.00000
test_05282,0.00000
test_05283,1.00000
test_05284,0.97850
test_05285,0.00000
test_05286,0.99961
test_05287,0.00000
test_05288,0.99977
test_05289,1.00000
test_05290,1.00000
test_05291,0.00000
test_05292,1.00000
test_05293,0.00001
test_05294,0.75150
test_05295,1.00000
test_05296,0.00400
test_05297,0.00000
test_05298,1.00000
test_05299,1.00000
test_05300,0.03000
test_05301,0.00000
test_05302,0.00000
test_05303,1.00000
test_05304,0.08429
test_05305,1.00000
test_05306,0.20680
test_05307,0.99997
test_05308,1.00000
test_05309,0.00000
test_05310,0.00068
test_05311,1.00000
test_05312,1.00000
test_05313,1.00000
test_05314,0.99660
test_05315,0.00000
test_05316,0.99967
test_05317,1.00000
test_05318,0.00001
test_05319,0.99994
test_05320,1.00000
test_05321,1.00000
test_05322,0.06406
test_05323,0.77055
test_05324,1.00000
test_05325,1.00000
test_05326,1.00000
test_05327,1.00000
test_05328,0.00000
test_05329,1.00000
test_05330,0.00000
test_05331,0.00000
test_05332,0.00000
test_05333,0.04057
test_05334,0.00008
test_05335,0.06107
test_05336,1.00000
test_05337,0.97364
test_05338,1.00000
test_05339,0.00000
test_05340,1.00000
test_05341,0.27801
test_05342,0.00030
test_05343,1.00000
test_05344,0.00000
test_05345,0.00000
test_05346,0.99999
test_05347,0.01301
test_05348,0.90854
test_05349,0.00080
test_05350,0.00013
test_05351,1.00000
test_05352,0.00000
test_05353,0.00000
test_05354,0.00001
test_05355,0.00041
test_05356,0.00000
test_05357,0.99795
test_05358,0.00177
test_05359,0.00000
test_05360,0.00002
test_05361,0.31480
test_05362,0.99999
test_05363,0.00000
test_05364,1.00000
test_05365,0.00000
test_05366,0.03153
test_05367,0.00001
test_05368,0.00842
test_05369,0.00000
test_05370,1.00000
test_05371,0.00000
test_05372,0.84390
test_05373,0.99981
test_05374,0.18566
test_05375,0.00000
test_05376,0.00001
test_05377,0.99991
test_05378,1.00000
test_05379,1.00000
test_05380,0.00001
test_05381,1.00000
test_05382,0.61254
test_05383,1.00000
test_05384,0.00001
test_05385,0.33935
test_05386,0.18363
test_05387,1.00000
test_05388,1.00000
test_05389,0.00000
test_05390,0.99998
test_05391,1.00000
test_05392,0.89512
test_05393,1.00000
test_05394,0.99991
test_05395,1.00000
test_05396,0.00418
test_05397,0.00444
test_05398,1.00000
test_05399,0.99974
test_05400,0.97881
test_05401,0.08080
test_05402,1.00000
test_05403,0.99586
test_05404,0.99999
test_05405,0.00000
test_05406,0.99998
test_05407,0.98516
test_05408,1.00000
test_05409,0.00000
test_05410,1.00000
test_05411,1.00000
test_05412,1.00000
test_05413,0.00000
test_05414,0.01746
test_05415,0.00055
test_05416,0.99988
test_05417,0.00000
test_05418,1.00000
test_05419,1.00000
test_05420,0.00305
test_05421,1.00000
test_05422,1.00000
test_05423,0.68750
test_05424,0.00000
test_05425,0.50114
test_05426,0.00000
test_05427,0.00000
test_05428,1.00000
test_05429,0.99999
test_05430,1.00000
test_05431,0.00000
test_05432,1.00000
test_05433,1.00000
test_05434,1.00000
test_05435,1.00000
test_05436,0.00000
test_05437,0.99962
test_05438,0.00171
test_05439,0.00012
test_05440,0.00000
test_05441,1.00000
test_05442,1.00000
test_05443,0.00000
test_05444,1.00000
test_05445,0.00000
test_05446,0.00000
test_05447,0.98319
test_05448,1.00000
test_05449,0.00000
test_05450,0.99650
test_05451,0.20446
test_05452,1.00000
test_05453,1.00000
test_05454,0.00000
test_05455,0.00000
test_05456,0.00000
test_05457,0.00000
test_05458,0.03034
test_05459,0.00000
test_05460,0.99993
test_05461,0.00000
test_05462,1.00000
test_05463,1.00000
test_05464,1.00000
test_05465,0.00000
test_05466,1.00000
test_05467,0.00000
test_05468,0.99843
test_05469,1.00000
test_05470,0.00000
test_05471,0.00000
test_05472,0.94513
test_05473,0.00000
test_05474,0.00000
test_05475,0.00000
test_05476,0.00000
test_05477,0.00266
test_05478,0.25384
test_05479,0.93275
test_05480,0.00000
test_05481,1.00000
test_05482,0.00000
test_05483,1.00000
test_05484,0.00040
test_05485,0.00000
test_05486,0.41427
test_05487,0.54836
test_05488,1.00000
test_05489,0.00004
test_05490,0.00000
test_05491,0.89831
test_05492,0.00000
test_05493,0.00001
test_05494,1.00000
test_05495,1.00000
test_05496,0.99530
test_05497,0.00000
test_05498,0.00001
test_05499,0.04404
test_05500,1.00000
test_05501,1.00000
test_05502,0.00000
test_05503,0.01308
test_05504,1.00000
test_05505,0.99995
test_05506,0.00000
test_05507,0.00000
test_05508,1.00000
test_05509,0.00000
test_05510,1.00000
test_05511,1.00000
test_05512,0.00000
test_05513,0.00001
test_05514,0.00000
test_05515,0.00000
test_05516,0.00344
test_05517,0.00000
test_05518,0.00000
test_05519,0.76130
test_05520,0.11763
test_05521,0.99985
test_05522,0.00000
test_05523,1.00000
test_05524,1.00000
test_05525,0.00000
test_05526,0.00000
test_05527,1.00000
test_05528,0.00000
test_05529,1.00000
test_05530,0.00000
test_05531,0.00000
test_05532,0.99995
test_05533,1.00000
test_05534,0.98741
test_05535,1.00000
test_05536,0.51859
test_05537,1.00000
test_05538,0.00000
test_05539,0.99937
test_05540,1.00000
test_05541,0.11326
test_05542,0.89252
test_05543,0.00000
test_05544,0.99993
test_05545,0.00000
test_05546,0.00000
test_05547,0.00000
test_05548,0.99197
test_05549,0.00088
test_05550,0.00000
test_05551,0.99999
test_05552,0.34275
test_05553,0.99999
test_05554,0.99993
test_05555,1.00000
test_05556,1.00000
test_05557,0.89035
test_05558,0.00015
test_05559,0.00000
test_05560,1.00000
test_05561,0.09968
test_05562,1.00000
test_05563,0.78191
test_05564,1.00000
test_05565,0.99996
test_05566,0.00000
test_05567,0.99986
test_05568,1.00000
test_05569,0.92400
test_05570,0.00000
test_05571,1.00000
test_05572,0.99674
test_05573,1.00000
test_05574,0.00161
test_05575,0.99999
test_05576,0.00000
test_05577,1.00000
test_05578,0.99999
test_05579,0.00000
test_05580,0.00450
test_05581,0.00000
test_05582,1.00000
test_05583,0.00000
test_05584,1.00000
test_05585,0.00000
test_05586,0.57473
test_05587,0.00000
test_05588,0.99999
test_05589,0.00000
test_05590,0.99989
test_05591,0.19545
test_05592,0.00000
test_05593,1.00000
test_05594,0.09867
test_05595,1.00000
test_05596,1.00000
test_05597,0.00000
test_05598,1.00000
test_05599,0.00374
test_05600,1.00000
test_05601,1.00000
test_05602,0.13002
test_05603,0.96785
test_05604,1.00000
test_05605,0.98575
test_05606,0.00000
test_05607,0.00045
test_05608,0.00006
test_05609,0.00000
test_05610,1.00000
test_05611,0.12639
test_05612,0.99998
test_05613,0.00000
test_05614,0.38654
test_05615,1.00000
test_05616,0.00000
test_05617,0.00000
test_05618,0.00000
test_05619,0.00000
test_05620,0.00001
test_05621,0.00000
test_05622,0.99997
test_05623,0.00000
test_05624,0.99988
test_05625,0.06302
test_05626,1.00000
test_05627,0.00000
test_05628,0.78395
test_05629,0.00000
test_05630,0.00000
test_05631,0.00000
test_05632,1.00000
test_05633,1.00000
test_05634,1.00000
test_05635,0.00000
test_05636,1.00000
test_05637,0.99998
test_05638,0.00623
test_05639,0.99340
test_05640,1.00000
test_05641,0.00001
test_05642,1.00000
test_05643,0.18428
test_05644,0.00460
test_05645,1.00000
test_05646,0.00793
test_05647,0.00007
test_05648,0.00000
test_05649,0.00000
test_05650,1.00000
test_05651,0.00000
test_05652,0.99757
test_05653,0.00000
test_05654,0.62995
test_05655,0.99999
test_05656,0.03666
test_05657,0.00029
test_05658,0.00000
test_05659,1.00000
test_05660,1.00000
test_05661,0.00000
test_05662,1.00000
test_05663,0.99944
test_05664,1.00000
test_05665,0.00178
test_05666,0.00000
test_05667,0.00000
test_05668,0.48188
test_05669,1.00000
test_05670,0.99970
test_05671,0.15772
test_05672,1.00000
test_05673,0.00000
test_05674,0.00000
test_05675,0.99787
test_05676,0.00000
test_05677,0.00000
test_05678,0.00000
test_05679,0.99992
test_05680,0.00000
test_05681,0.00000
test_05682,1.00000
test_05683,0.00000
test_05684,0.00526
test_05685,0.00001
test_05686,1.00000
test_05687,0.00000
test_05688,0.89013
test_05689,0.99999
test_05690,0.00004
test_05691,1.00000
test_05692,0.10187
test_05693,0.99992
test_05694,0.99981
test_05695,0.00001
test_05696,1.00000
test_05697,0.99921
test_05698,0.00000
test_05699,0.99976
test_05700,1.00000
test_05701,0.99999
test_05702,0.00143
test_05703,1.00000
test_05704,1.00000
test_05705,0.00000
test_05706,0.00000
test_05707,1.00000
test_05708,0.00000
test_05709,0.19829
test_05710,0.01083
test_05711,0.00276
test_05712,0.99994
test_05713,0.00001
test_05714,1.00000
test_05715,0.07663
test_05716,1.00000
test_05717,0.11592
test_05718,1.00000
test_05719,0.00003
test_05720,0.00000
test_05721,1.00000
test_05722,0.99994
test_05723,0.00000
test_05724,1.00000
test_05725,0.00000
test_05726,0.00000
test_05727,1.00000
test_05728,1.00000
test_05729,0.00000
test_05730,1.00000
test_05731,1.00000
test_05732,0.00000
test_05733,0.99994
test_05734,0.98414
test_05735,0.00015
test_05736,0.00007
test_05737,0.00000
test_05738,0.00004
test_05739,0.00000
test_05740,0.54654
test_05741,0.00001
test_05742,0.00000
test_05743,0.00001
test_05744,0.04945
test_05745,0.00013
test_05746,0.00058
test_05747,0.71598
test_05748,0.00001
test_05749,1.00000
test_05750,0.00005
test_05751,0.00000
test_05752,0.00000
test_05753,0.21341
test_05754,0.99994
test_05755,1.00000
test_05756,0.13170
test_05757,0.52204
test_05758,0.00015
test_05759,0.00008
test_05760,1.00000
test_05761,0.99984
test_05762,0.00000
test_05763,0.99766
test_05764,1.00000
test_05765,1.00000
test_05766,0.00006
test_05767,0.00000
test_05768,0.00000
test_05769,0.00012
test_05770,1.00000
test_05771,0.62945
test_05772,0.67368
test_05773,1.00000
test_05774,0.97956
test_05775,0.65457
test_05776,0.00000
test_05777,0.86435
test_05778,1.00000
test_05779,0.08460
test_05780,0.02957
test_05781,0.99498
test_05782,1.00000
test_05783,0.99999
test_05784,0.99975
test_05785,1.00000
test_05786,0.74285
test_05787,0.07210
test_05788,0.99795
test_05789,1.00000
test_05790,0.98548
test_05791,0.00253
test_05792,0.00230
test_05793,1.00000
test_05794,1.00000
test_05795,1.00000
test_05796,1.00000
test_05797,1.00000
test_05798,1.00000
test_05799,0.99995
test_05800,1.00000
test_05801,0.25367
test_05802,0.00000
test_05803,1.00000
test_05804,0.99996
test_05805,1.00000
test_05806,0.00000
test_05807,0.00000
test_05808,0.77507
test_05809,0.00822
test_05810,1.00000
test_05811,0.00000
test_05812,0.98488
test_05813,1.00000
test_05814,1.00000
test_05815,0.99966
test_05816,0.00000
test_05817,1.00000
test_05818,1.00000
test_05819,0.99998
test_05820,0.00000
test_05821,0.99996
test_05822,0.00000
test_05823,0.00019
test_05824,0.00000
test_05825,0.00000
test_05826,0.99927
test_05827,0.00000
test_05828,0.25318
test_05829,0.00029
test_05830,0.00000
test_05831,0.00000
test_05832,0.99936
test_05833,0.05628
test_05834,0.00001
test_05835,1.00000
test_05836,1.00000
test_05837,0.00001
test_05838,0.00000
test_05839,1.00000
test_05840,1.00000
test_05841,0.44939
test_05842,0.00000
test_05843,0.99008
test_05844,0.00007
test_05845,0.00000
test_05846,0.88889
test_05847,1.00000
test_05848,0.00712
test_05849,0.00000
test_05850,0.01939
test_05851,0.00867
test_05852,0.99994
test_05853,0.05959
test_05854,0.12235
test_05855,1.00000
test_05856,0.99995
test_05857,1.00000
test_05858,0.00000
test_05859,0.00000
test_05860,0.00000
test_05861,0.00000
test_05862,0.06019
test_05863,0.00000
test_05864,0.80230
test_05865,0.00047
test_05866,0.34037
test_05867,0.99982
test_05868,0.99498
test_05869,0.99914
test_05870,0.00000
test_05871,0.98509
test_05872,0.99996
test_05873,0.00000
test_05874,0.00527
test_05875,0.00000
test_05876,0.00000
test_05877,0.99993
test_05878,1.00000
test_05879,1.00000
test_05880,0.99981
test_05881,1.00000
test_05882,1.00000
test_05883,1.00000
test_05884,1.00000
test_05885,0.00000
test_05886,0.40921
test_05887,0.00000
test_05888,0.00000
test_05889,0.00004
test_05890,0.00000
test_05891,0.00001
test_05892,0.99713
test_05893,0.00000
test_05894,0.99959
test_05895,0.00000
test_05896,1.00000
test_05897,1.00000
test_05898,0.00000
test_05899,1.00000
test_05900,0.99946
test_05901,0.99999
test_05902,0.99995
test_05903,0.00000
test_05904,0.00001
test_05905,0.00000
test_05906,0.00001
test_05907,0.96479
test_05908,0.00000
test_05909,0.99948
test_05910,1.00000
test_05911,0.00000
test_05912,0.00000
test_05913,0.00467
test_05914,0.00000
test_05915,0.99999
test_05916,0.00000
test_05917,0.00001
test_05918,0.02320
test_05919,0.99990
test_05920,0.09000
test_05921,1.00000
test_05922,1.00000
test_05923,1.00000
test_05924,0.00000
test_05925,0.00000
test_05926,0.00000
test_05927,0.00001
test_05928,0.99999
test_05929,0.00000
test_05930,0.00000
test_05931,1.00000
test_05932,0.00000
test_05933,0.00002
test_05934,0.00000
test_05935,0.00000
test_05936,1.00000
test_05937,0.00042
test_05938,1.00000
test_05939,0.00000
test_05940,0.00002
test_05941,1.00000
test_05942,0.00000
test_05943,1.00000
test_05944,0.99999
test_05945,0.00001
test_05946,0.00000
test_05947,1.00000
test_05948,1.00000
test_05949,1.00000
test_05950,0.00000
test_05951,0.00000
test_05952,0.00000
test_05953,1.00000
test_05954,0.96465
test_05955,0.99999
test_05956,0.50939
test_05957,0.00000
test_05958,0.00000
test_05959,1.00000
test_05960,0.00000
test_05961,0.06015
test_05962,1.00000
test_05963,1.00000
test_05964,0.00013
test_05965,0.00000
test_05966,0.00012
test_05967,0.89758
test_05968,1.00000
test_05969,0.00000
test_05970,0.99930
test_05971,0.00000
test_05972,0.91551
test_05973,0.00000
test_05974,0.00000
test_05975,1.00000
test_05976,0.00000
test_05977,1.00000
test_05978,0.99988
test_05979,0.00088
test_05980,0.00008
test_05981,0.98678
test_05982,1.00000
test_05983,0.00000
test_05984,0.00004
test_05985,0.00000
test_05986,0.92578
test_05987,1.00000
test_05988,0.99999
test_05989,0.97647
test_05990,1.00000
test_05991,1.00000
test_05992,1.00000
test_05993,1.00000
test_05994,0.00049
test_05995,0.82998
test_05996,0.20553
test_05997,1.00000
test_05998,0.75307
test_05999,0.15311
test_06000,1.00000
test_06001,1.00000
test_06002,1.00000
test_06003,1.00000
test_06004,0.00000
test_06005,0.99998
test_06006,1.00000
test_06007,0.00000
test_06008,0.00000
test_06009,0.00000
test_06010,1.00000
test_06011,0.42758
test_06012,0.99999
test_06013,0.14607
test_06014,0.00000
test_06015,0.00000
test_06016,0.00000
test_06017,0.00000
test_06018,0.00000
test_06019,0.99997
test_06020,0.00001
test_06021,0.00000
test_06022,0.00000
test_06023,0.00070
test_06024,0.99992
test_06025,1.00000
test_06026,0.03079
test_06027,0.99991
test_06028,0.00000
test_06029,0.00003
test_06030,0.99980
test_06031,0.00000
test_06032,0.00000
test_06033,0.00000
test_06034,0.72884
test_06035,0.00000
test_06036,0.99998
test_06037,0.00431
test_06038,0.49543
test_06039,0.00001
test_06040,0.00045
test_06041,0.78822
test_06042,0.99962
test_06043,0.00000
test_06044,1.00000
test_06045,0.23220
test_06046,0.00001
test_06047,0.00000
test_06048,0.99999
test_06049,0.00001
test_06050,0.00017
test_06051,0.00000
test_06052,1.00000
test_06053,0.00000
test_06054,0.00000
test_06055,0.00000
test_06056,1.00000
test_06057,1.00000
test_06058,1.00000
test_06059,0.99868
test_06060,1.00000
test_06061,0.00000
test_06062,0.99996
test_06063,0.99999
test_06064,0.99934
test_06065,0.00000
test_06066,0.00001
test_06067,0.04163
test_06068,1.00000
test_06069,1.00000
test_06070,0.00000
test_06071,0.00005
test_06072,1.00000
test_06073,0.99999
test_06074,0.00012
test_06075,0.00000
test_06076,1.00000
test_06077,1.00000
test_06078,0.82841
test_06079,0.99981
test_06080,1.00000
test_06081,0.97374
test_06082,0.97490
test_06083,0.00000
test_06084,0.00000
test_06085,1.00000
test_06086,0.00000
test_06087,1.00000
test_06088,0.00001
test_06089,0.99790
test_06090,1.00000
test_06091,1.00000
test_06092,0.00000
test_06093,0.67925
test_06094,1.00000
test_06095,0.77674
test_06096,1.00000
test_06097,0.00000
test_06098,0.00000
test_06099,0.00000
test_06100,0.00000
test_06101,0.00000
test_06102,1.00000
test_06103,1.00000
test_06104,1.00000
test_06105,1.00000
test_06106,1.00000
test_06107,0.99486
test_06108,1.00000
test_06109,0.00001
test_06110,0.99680
test_06111,0.00004
test_06112,0.00000
test_06113,0.00000
test_06114,0.00000
test_06115,1.00000
test_06116,1.00000
test_06117,0.00000
test_06118,0.00000
test_06119,0.75887
test_06120,0.99992
test_06121,1.00000
test_06122,0.00000
test_06123,0.00000
test_06124,0.85018
test_06125,1.00000
test_06126,0.76362
test_06127,0.00000
test_06128,0.02967
test_06129,0.59726
test_06130,0.96472
test_06131,0.00001
test_06132,0.99058
test_06133,0.21728
test_06134,0.00015
test_06135,0.00000
test_06136,0.99999
test_06137,0.99977
test_06138,1.00000
test_06139,1.00000
test_06140,1.00000
test_06141,0.99969
test_06142,0.80141
test_06143,0.00000
test_06144,1.00000
test_06145,0.04773
test_06146,0.00000
test_06147,1.00000
test_06148,0.00001
test_06149,0.00000
test_06150,0.00000
test_06151,0.99996
test_06152,0.00000
test_06153,1.00000
test_06154,0.96610
test_06155,1.00000
test_06156,0.00000
test_06157,0.00000
test_06158,0.00000
test_06159,0.53807
test_06160,1.00000
test_06161,0.00007
test_06162,0.43792
test_06163,1.00000
test_06164,0.99907
test_06165,0.00001
test_06166,0.08829
test_06167,0.80698
test_06168,0.43889
test_06169,1.00000
test_06170,1.00000
test_06171,0.00000
test_06172,1.00000
test_06173,1.00000
test_06174,0.00000
test_06175,0.00000
test_06176,0.99899
test_06177,1.00000
test_06178,1.00000
test_06179,1.00000
test_06180,0.99998
test_06181,0.00000
test_06182,0.00000
test_06183,1.00000
test_06184,0.99970
test_06185,0.09686
test_06186,1.00000
test_06187,0.00000
test_06188,0.99903
test_06189,0.00000
test_06190,0.99643
test_06191,0.00000
test_06192,0.00000
test_06193,0.99473
test_06194,1.00000
test_06195,0.00003
test_06196,0.00000
test_06197,0.99943
test_06198,0.00000
test_06199,1.00000
test_06200,1.00000
test_06201,0.99538
test_06202,0.00006
test_06203,0.00002
test_06204,0.25960
test_06205,0.99873
test_06206,0.00000
test_06207,0.99992
test_06208,0.00000
test_06209,0.00007
test_06210,1.00000
test_06211,0.00000
test_06212,1.00000
test_06213,0.00000
test_06214,0.00012
test_06215,0.99997
test_06216,0.99998
test_06217,1.00000
test_06218,0.98538
test_06219,0.50856
test_06220,0.00000
test_06221,0.00000
test_06222,0.00001
test_06223,0.00000
test_06224,0.95293
test_06225,0.99998
test_06226,1.00000
test_06227,0.00000
test_06228,0.99993
test_06229,0.00000
test_06230,0.00000
test_06231,0.00000
test_06232,0.00152
test_06233,0.00001
test_06234,1.00000
test_06235,0.00000
test_06236,0.00000
test_06237,0.97837
test_06238,0.00012
test_06239,1.00000
test_06240,1.00000
test_06241,0.99991
test_06242,0.38652
test_06243,1.00000
test_06244,0.99998
test_06245,0.99985
test_06246,1.00000
test_06247,0.99996
test_06248,1.00000
test_06249,0.99992
test_06250,1.00000
test_06251,0.00375
test_06252,0.99967
test_06253,0.16060
test_06254,0.99999
test_06255,0.00000
test_06256,1.00000
test_06257,1.00000
test_06258,0.99898
test_06259,0.99993
test_06260,1.00000
test_06261,0.00007
test_06262,1.00000
test_06263,0.88814
test_06264,0.95434
test_06265,0.92680
test_06266,1.00000
test_06267,1.00000
test_06268,1.00000
test_06269,0.00000
test_06270,0.09022
test_06271,0.99917
test_06272,1.00000
test_06273,0.99922
test_06274,0.97292
test_06275,0.99965
test_06276,0.00000
test_06277,0.99888
test_06278,0.00000
test_06279,0.00000
test_06280,0.00007
test_06281,1.00000
test_06282,1.00000
test_06283,0.47221
test_06284,0.74357
test_06285,0.26146
test_06286,1.00000
test_06287,0.00001
test_06288,1.00000
test_06289,0.16896
test_06290,0.00329
test_06291,0.00000
test_06292,0.00000
test_06293,0.00000
test_06294,0.72259
test_06295,0.00001
test_06296,0.00004
test_06297,0.77444
test_06298,1.00000
test_06299,0.99998
test_06300,1.00000
test_06301,0.00000
test_06302,0.99999
test_06303,0.00009
test_06304,1.00000
test_06305,0.27081
test_06306,0.00001
test_06307,0.14228
test_06308,1.00000
test_06309,1.00000
test_06310,0.00000
test_06311,0.00000
test_06312,0.00001
test_06313,0.01726
test_06314,0.00054
test_06315,0.66867
test_06316,0.46080
test_06317,0.99767
test_06318,1.00000
test_06319,0.01000
test_06320,1.00000
test_06321,0.00816
test_06322,1.00000
test_06323,0.84001
test_06324,0.00000
test_06325,1.00000
test_06326,1.00000
test_06327,0.00000
test_06328,1.00000
test_06329,0.02838
test_06330,0.00000
test_06331,0.00000
test_06332,0.00000
test_06333,0.00003
test_06334,0.16775
test_06335,0.74673
test_06336,0.00002
test_06337,0.00130
test_06338,0.96607
test_06339,1.00000
test_06340,1.00000
test_06341,0.00000
test_06342,1.00000
test_06343,0.00024
test_06344,0.00002
test_06345,0.12145
test_06346,1.00000
test_06347,0.00000
test_06348,1.00000
test_06349,0.00000
test_06350,0.00000
test_06351,0.99996
test_06352,0.00000
test_06353,0.00000
test_06354,0.31681
test_06355,0.00000
test_06356,1.00000
test_06357,0.00000
test_06358,0.99974
test_06359,0.99995
test_06360,0.99969
test_06361,0.00000
test_06362,0.00000
test_06363,0.30191
test_06364,0.39574
test_06365,0.00000
test_06366,0.90048
test_06367,0.07252
test_06368,1.00000
test_06369,1.00000
test_06370,0.99988
test_06371,0.00000
test_06372,1.00000
test_06373,1.00000
test_06374,1.00000
test_06375,0.00012
test_06376,0.00000
test_06377,0.99981
test_06378,0.99907
test_06379,0.00000
test_06380,0.10400
test_06381,0.00000
test_06382,1.00000
test_06383,1.00000
test_06384,0.98308
test_06385,0.00000
test_06386,1.00000
test_06387,0.99976
test_06388,1.00000
test_06389,0.67981
test_06390,1.00000
test_06391,0.00000
test_06392,0.00020
test_06393,0.05722
test_06394,1.00000
test_06395,0.00002
test_06396,0.22644
test_06397,0.00000
test_06398,0.99700
test_06399,0.00000
test_06400,0.00000
test_06401,0.92158
test_06402,1.00000
test_06403,0.00045
test_06404,0.00001
test_06405,0.00000
test_06406,0.00000
test_06407,0.00033
test_06408,0.00000
test_06409,0.99999
test_06410,0.99999
test_06411,1.00000
test_06412,0.05475
test_06413,0.00001
test_06414,1.00000
test_06415,0.00342
test_06416,0.05124
test_06417,0.99998
test_06418,0.01617
test_06419,1.00000
test_06420,0.00000
test_06421,0.99999
test_06422,1.00000
test_06423,0.90302
test_06424,1.00000
test_06425,0.03999
test_06426,0.00000
test_06427,0.00000
test_06428,0.41400
test_06429,0.00000
test_06430,0.00023
test_06431,0.99974
test_06432,0.00000
test_06433,0.94467
test_06434,1.00000
test_06435,1.00000
test_06436,0.57903
test_06437,0.00558
test_06438,0.00000
test_06439,1.00000
test_06440,0.00000
test_06441,1.00000
test_06442,0.00100
test_06443,0.00013
test_06444,0.00000
test_06445,0.00000
test_06446,0.47403
test_06447,0.40319
test_06448,1.00000
test_06449,0.00000
test_06450,1.00000
test_06451,1.00000
test_06452,1.00000
test_06453,0.00000
test_06454,1.00000
test_06455,1.00000
test_06456,0.00000
test_06457,0.99994
test_06458,0.00001
test_06459,0.99970
test_06460,0.00000
test_06461,0.00000
test_06462,1.00000
test_06463,0.99997
test_06464,0.00002
test_06465,0.00001
test_06466,0.09668
test_06467,0.02285
test_06468,0.00000
test_06469,1.00000
test_06470,1.00000
test_06471,0.00001
test_06472,0.00011
test_06473,1.00000
test_06474,0.00002
test_06475,0.99305
test_06476,0.00002
test_06477,0.00000
test_06478,1.00000
test_06479,1.00000
test_06480,0.99940
test_06481,0.00119
test_06482,1.00000
test_06483,0.00000
test_06484,0.00000
test_06485,0.99946
test_06486,1.00000
test_06487,0.00000
test_06488,1.00000
test_06489,0.00000
test_06490,0.99999
test_06491,0.00000
test_06492,0.99996
test_06493,0.00000
test_06494,0.80112
test_06495,0.00000
test_06496,0.00000
test_06497,0.99754
test_06498,1.00000
test_06499,0.00087
test_06500,0.12729
test_06501,0.00001
test_06502,1.00000
test_06503,0.00000
test_06504,0.00000
test_06505,0.00000
test_06506,0.01638
test_06507,0.99998
test_06508,1.00000
test_06509,0.00000
test_06510,1.00000
test_06511,0.71901
test_06512,1.00000
test_06513,1.00000
test_06514,0.00000
test_06515,0.99467
test_06516,1.00000
test_06517,0.99989
test_06518,0.69805
test_06519,0.00004
test_06520,0.00000
test_06521,0.99998
test_06522,1.00000
test_06523,1.00000
test_06524,0.00012
test_06525,0.00000
test_06526,0.91689
test_06527,0.00000
test_06528,0.99985
test_06529,0.00853
test_06530,0.00000
test_06531,1.00000
test_06532,0.99958
test_06533,1.00000
test_06534,0.99867
test_06535,1.00000
test_06536,0.04794
test_06537,0.00000
test_06538,0.99989
test_06539,0.00126
test_06540,0.00000
test_06541,0.02390
test_06542,0.00029
test_06543,0.01045
test_06544,1.00000
test_06545,0.99996
test_06546,0.00000
test_06547,0.04530
test_06548,1.00000
test_06549,0.10446
test_06550,1.00000
test_06551,0.00000
test_06552,0.98540
test_06553,1.00000
test_06554,0.99992
test_06555,0.10843
test_06556,1.00000
test_06557,0.00574
test_06558,0.63301
test_06559,0.00005
test_06560,0.00012
test_06561,1.00000
test_06562,0.00002
test_06563,0.00202
test_06564,1.00000
test_06565,1.00000
test_06566,0.08277
test_06567,0.90173
test_06568,0.00818
test_06569,0.01800
test_06570,0.00000
test_06571,0.00001
test_06572,0.00000
test_06573,0.00071
test_06574,0.13586
test_06575,0.00000
test_06576,0.52212
test_06577,0.00000
test_06578,1.00000
test_06579,0.00183
test_06580,1.00000
test_06581,0.00000
test_06582,1.00000
test_06583,0.00079
test_06584,1.00000
test_06585,0.00000
test_06586,0.69604
test_06587,1.00000
test_06588,0.00000
test_06589,0.99994
test_06590,0.00000
test_06591,0.00000
test_06592,0.99999
test_06593,1.00000
test_06594,1.00000
test_06595,0.17923
test_06596,0.07628
test_06597,0.60181
test_06598,0.00000
test_06599,0.00000
test_06600,0.00002
test_06601,0.00000
test_06602,0.17808
test_06603,0.00000
test_06604,0.00003
test_06605,0.00000
test_06606,0.99830
test_06607,0.00000
test_06608,1.00000
test_06609,0.99997
test_06610,0.00090
test_06611,0.44580
test_06612,0.00000
test_06613,0.00000
test_06614,0.00000
test_06615,0.00000
test_06616,0.99454
test_06617,0.99997
test_06618,0.00001
test_06619,0.00029
test_06620,0.46515
test_06621,0.00000
test_06622,0.81786
test_06623,0.00882
test_06624,1.00000
test_06625,1.00000
test_06626,0.00000
test_06627,0.00000
test_06628,0.35372
test_06629,0.00000
test_06630,0.00000
test_06631,0.00000
test_06632,0.00000
test_06633,0.00000
test_06634,0.35268
test_06635,0.00000
test_06636,0.00000
test_06637,0.00000
test_06638,0.00000
test_06639,0.99730
test_06640,1.00000
test_06641,0.00067
test_06642,0.25599
test_06643,1.00000
test_06644,1.00000
test_06645,1.00000
test_06646,0.40451
test_06647,0.99999
test_06648,0.00001
test_06649,0.00037
test_06650,0.00000
test_06651,0.00512
test_06652,0.00000
test_06653,1.00000
test_06654,0.00084
test_06655,0.00000
test_06656,1.00000
test_06657,0.99999
test_06658,0.00000
test_06659,0.99943
test_06660,0.74753
test_06661,0.00000
test_06662,0.57142
test_06663,0.00000
test_06664,0.00000
test_06665,0.00000
test_06666,0.00015
test_06667,0.99998
test_06668,0.92021
test_06669,0.00000
test_06670,0.01579
test_06671,0.99980
test_06672,0.00001
test_06673,0.00000
test_06674,1.00000
test_06675,0.06630
test_06676,0.98509
test_06677,1.00000
test_06678,1.00000
test_06679,0.00000
test_06680,0.00000
test_06681,1.00000
test_06682,0.00000
test_06683,0.99219
test_06684,0.00000
test_06685,1.00000
test_06686,0.06316
test_06687,0.00023
test_06688,0.12277
test_06689,0.98051
test_06690,0.99931
test_06691,0.00001
test_06692,0.99632
test_06693,0.04373
test_06694,1.00000
test_06695,0.00000
test_06696,1.00000
test_06697,1.00000
test_06698,0.00003
test_06699,0.23541
test_06700,1.00000
test_06701,1.00000
test_06702,1.00000
test_06703,0.00038
test_06704,0.99977
test_06705,1.00000
test_06706,0.75452
test_06707,0.00000
test_06708,0.99999
test_06709,0.98712
test_06710,0.96814
test_06711,1.00000
test_06712,0.00027
test_06713,1.00000
test_06714,0.10235
test_06715,0.00000
test_06716,1.00000
test_06717,1.00000
test_06718,0.99644
test_06719,0.99998
test_06720,1.00000
test_06721,0.00001
test_06722,1.00000
test_06723,1.00000
test_06724,0.00000
test_06725,0.00012
test_06726,1.00000
test_06727,0.99998
test_06728,0.00000
test_06729,0.00000
test_06730,0.00000
test_06731,0.99999
test_06732,0.01927
test_06733,1.00000
test_06734,0.00000
test_06735,1.00000
test_06736,1.00000
test_06737,1.00000
test_06738,1.00000
test_06739,1.00000
test_06740,1.00000
test_06741,0.99947
test_06742,1.00000
test_06743,0.99991
test_06744,0.29030
test_06745,0.00000
test_06746,0.95734
test_06747,1.00000
test_06748,0.02005
test_06749,1.00000
test_06750,0.99993
test_06751,0.78570
test_06752,0.00000
test_06753,0.00000
test_06754,0.00002
test_06755,0.99670
test_06756,0.00009
test_06757,1.00000
test_06758,0.00000
test_06759,0.00037
test_06760,0.00000
test_06761,1.00000
test_06762,1.00000
test_06763,0.99999
test_06764,0.97889
test_06765,1.00000
test_06766,0.00000
test_06767,0.00000
test_06768,1.00000
test_06769,0.00000
test_06770,0.00003
test_06771,1.00000
test_06772,0.00000
test_06773,1.00000
test_06774,0.15581
test_06775,0.00000
test_06776,1.00000
test_06777,1.00000
test_06778,0.00000
test_06779,0.00000
test_06780,1.00000
test_06781,0.99998
test_06782,0.99422
test_06783,0.99516
test_06784,0.00000
test_06785,1.00000
test_06786,1.00000
test_06787,0.00000
test_06788,0.00000
test_06789,0.29554
test_06790,1.00000
test_06791,0.04427
test_06792,1.00000
test_06793,0.05949
test_06794,1.00000
test_06795,0.00000
test_06796,1.00000
test_06797,1.00000
test_06798,1.00000
test_06799,0.00000
test_06800,0.00000
test_06801,0.11131
test_06802,0.00000
test_06803,0.00001
test_06804,0.99835
test_06805,0.00001
test_06806,1.00000
test_06807,0.99931
test_06808,0.99993
test_06809,0.99682
test_06810,0.99602
test_06811,1.00000
test_06812,0.00000
test_06813,0.97775
test_06814,1.00000
test_06815,1.00000
test_06816,1.00000
test_06817,0.04549
test_06818,1.00000
test_06819,0.99898
test_06820,0.00375
test_06821,0.82859
test_06822,0.08998
test_06823,0.00607
test_06824,0.99998
test_06825,0.00018
test_06826,0.00001
test_06827,0.00000
test_06828,0.99999
test_06829,1.00000
test_06830,0.00000
test_06831,1.00000
test_06832,0.00000
test_06833,0.00000
test_06834,0.00000
test_06835,0.00000
test_06836,0.00000
test_06837,0.00000
test_06838,0.00000
test_06839,0.01920
test_06840,1.00000
test_06841,0.00606
test_06842,0.99993
test_06843,0.00113
test_06844,0.00000
test_06845,0.00000
test_06846,1.00000
test_06847,1.00000
test_06848,0.00007
test_06849,1.00000
test_06850,0.00015
test_06851,0.01605
test_06852,0.00000
test_06853,0.00000
test_06854,0.45254
test_06855,0.00000
test_06856,0.00049
test_06857,0.39845
test_06858,0.00000
test_06859,0.99981
test_06860,0.99543
test_06861,0.00000
test_06862,1.00000
test_06863,1.00000
test_06864,1.00000
test_06865,0.00000
test_06866,0.00655
test_06867,0.13383
test_06868,0.99997
test_06869,0.57853
test_06870,1.00000
test_06871,0.98645
test_06872,0.73126
test_06873,0.00001
test_06874,0.99976
test_06875,0.03760
test_06876,0.00000
test_06877,1.00000
test_06878,0.00000
test_06879,0.99333
test_06880,0.00004
test_06881,0.99995
test_06882,0.00000
test_06883,0.99994
test_06884,0.00000
test_06885,0.00028
test_06886,0.00745
test_06887,1.00000
test_06888,0.00001
test_06889,0.99999
test_06890,0.14655
test_06891,0.00000
test_06892,0.00000
test_06893,0.00001
test_06894,0.00000
test_06895,0.00001
test_06896,1.00000
test_06897,0.06653
test_06898,0.00000
test_06899,0.00000
test_06900,0.00000
test_06901,0.99963
test_06902,0.14324
test_06903,1.00000
test_06904,1.00000
test_06905,1.00000
test_06906,0.00000
test_06907,1.00000
test_06908,1.00000
test_06909,0.00000
test_06910,1.00000
test_06911,1.00000
test_06912,0.00000
test_06913,0.00017
test_06914,1.00000
test_06915,0.07589
test_06916,1.00000
test_06917,0.00000
test_06918,0.99996
test_06919,1.00000
test_06920,0.00000
test_06921,0.71443
test_06922,1.00000
test_06923,0.99487
test_06924,0.99956
test_06925,0.00000
test_06926,0.00000
test_06927,0.00004
test_06928,0.00000
test_06929,0.41902
test_06930,0.00000
test_06931,0.00000
test_06932,0.99999
test_06933,1.00000
test_06934,0.00000
test_06935,0.00000
test_06936,1.00000
test_06937,0.03550
test_06938,0.00000
test_06939,0.00000
test_06940,0.97787
test_06941,0.99999
test_06942,0.00001
test_06943,0.00000
test_06944,0.88011
test_06945,0.00000
test_06946,0.00000
test_06947,0.99878
test_06948,0.04220
test_06949,1.00000
test_06950,0.01378
test_06951,0.00000
test_06952,0.99763
test_06953,0.00144
test_06954,0.96025
test_06955,1.00000
test_06956,0.99999
test_06957,0.89681
test_06958,1.00000
test_06959,0.00000
test_06960,0.00000
test_06961,0.87648
test_06962,0.00000
test_06963,0.78321
test_06964,1.00000
test_06965,0.00894
test_06966,0.00000
test_06967,0.00003
test_06968,0.00000
test_06969,0.00000
test_06970,1.00000
test_06971,1.00000
test_06972,0.00000
test_06973,1.00000
test_06974,0.25984
test_06975,1.00000
test_06976,1.00000
test_06977,0.99999
test_06978,0.00000
test_06979,0.00589
test_06980,0.63395
test_06981,1.00000
test_06982,1.00000
test_06983,0.00000
test_06984,0.00004
test_06985,0.00055
test_06986,0.00000
test_06987,0.00000
test_06988,0.00000
test_06989,0.00000
test_06990,1.00000
test_06991,0.98537
test_06992,0.64874
test_06993,0.00000
test_06994,0.00000
test_06995,0.00002
test_06996,0.00306
test_06997,0.99784
test_06998,0.00000
test_06999,1.00000
test_07000,0.01762
test_07001,0.77835
test_07002,1.00000
test_07003,0.99966
test_07004,0.99999
test_07005,0.76618
test_07006,0.00000
test_07007,0.00000
test_07008,0.00000
test_07009,1.00000
test_07010,0.99890
test_07011,1.00000
test_07012,0.34197
test_07013,0.70970
test_07014,1.00000
test_07015,0.99988
test_07016,0.99998
test_07017,0.00000
test_07018,1.00000
test_07019,0.05195
test_07020,0.00000
test_07021,0.99999
test_07022,0.00000
test_07023,0.99804
test_07024,0.00000
test_07025,1.00000
test_07026,1.00000
test_07027,0.00000
test_07028,0.99974
test_07029,1.00000
test_07030,0.00854
test_07031,0.00000
test_07032,0.94829
test_07033,1.00000
test_07034,0.00000
test_07035,0.00000
test_07036,0.00000
test_07037,0.00000
test_07038,1.00000
test_07039,0.00000
test_07040,0.00000
test_07041,1.00000
test_07042,0.99396
test_07043,0.00082
test_07044,1.00000
test_07045,0.00005
test_07046,1.00000
test_07047,1.00000
test_07048,0.00000
test_07049,0.64025
test_07050,1.00000
test_07051,0.00000
test_07052,0.99983
test_07053,0.00000
test_07054,0.99982
test_07055,1.00000
test_07056,1.00000
test_07057,0.00000
test_07058,0.48060
test_07059,0.02088
test_07060,1.00000
test_07061,0.99997
test_07062,0.00000
test_07063,0.00008
test_07064,0.00000
test_07065,0.00252
test_07066,0.12514
test_07067,1.00000
test_07068,0.99918
test_07069,0.99999
test_07070,0.00000
test_07071,0.00000
test_07072,1.00000
test_07073,0.93635
test_07074,0.99999
test_07075,1.00000
test_07076,1.00000
test_07077,0.00043
test_07078,1.00000
test_07079,1.00000
test_07080,0.08187
test_07081,0.00052
test_07082,0.99995
test_07083,0.00000
test_07084,0.08878
test_07085,0.18199
test_07086,1.00000
test_07087,0.00000
test_07088,1.00000
test_07089,0.02222
test_07090,1.00000
test_07091,0.00000
test_07092,0.99998
test_07093,0.87571
test_07094,0.99519
test_07095,0.00000
test_07096,1.00000
test_07097,0.00000
test_07098,0.00003
test_07099,0.00000
test_07100,0.91777
test_07101,1.00000
test_07102,1.00000
test_07103,1.00000
test_07104,0.76578
test_07105,0.00000
test_07106,0.93872
test_07107,0.00000
test_07108,0.21488
test_07109,0.88972
test_07110,0.74774
test_07111,0.00001
test_07112,1.00000
test_07113,0.00000
test_07114,0.99887
test_07115,0.99096
test_07116,0.44952
test_07117,0.00002
test_07118,0.00000
test_07119,0.00000
test_07120,0.00000
test_07121,0.00069
test_07122,0.94271
test_07123,0.09402
test_07124,1.00000
test_07125,1.00000
test_07126,0.99638
test_07127,1.00000
test_07128,0.00000
test_07129,0.00000
test_07130,1.00000
test_07131,0.81299
test_07132,0.00000
test_07133,0.00004
test_07134,0.00000
test_07135,0.00005
test_07136,1.00000
test_07137,1.00000
test_07138,0.00000
test_07139,0.00000
test_07140,0.00031
test_07141,0.00000
test_07142,0.00000
test_07143,0.00001
test_07144,0.00002
test_07145,0.00000
test_07146,0.99996
test_07147,0.37082
test_07148,1.00000
test_07149,0.00001
test_07150,0.15638
test_07151,0.00000
test_07152,0.97805
test_07153,0.99573
test_07154,0.98265
test_07155,0.00000
test_07156,0.27824
test_07157,1.00000
test_07158,0.99993
test_07159,0.00012
test_07160,0.00000
test_07161,0.00000
test_07162,0.99999
test_07163,0.99992
test_07164,0.38945
test_07165,0.00608
test_07166,1.00000
test_07167,0.00000
test_07168,1.00000
test_07169,0.00002
test_07170,1.00000
test_07171,1.00000
test_07172,0.99998
test_07173,1.00000
test_07174,0.99994
test_07175,1.00000
test_07176,0.00006
test_07177,0.00000
test_07178,1.00000
test_07179,0.00218
test_07180,0.00000
test_07181,0.26076
test_07182,0.00000
test_07183,0.00032
test_07184,0.00000
test_07185,1.00000
test_07186,1.00000
test_07187,0.00005
test_07188,0.99990
test_07189,0.00000
test_07190,0.99983
test_07191,0.00000
test_07192,0.00000
test_07193,0.00001
test_07194,0.93811
test_07195,0.99942
test_07196,1.00000
test_07197,0.00000
test_07198,0.00054
test_07199,0.00000
test_07200,1.00000
test_07201,0.85966
test_07202,0.00001
test_07203,1.00000
test_07204,0.99833
test_07205,0.00000
test_07206,0.00106
test_07207,1.00000
test_07208,0.00000
test_07209,0.19282
test_07210,0.00000
test_07211,0.00000
test_07212,0.92416
test_07213,0.02783
test_07214,0.99998
test_07215,0.00023
test_07216,0.00006
test_07217,0.00000
test_07218,0.00355
test_07219,1.00000
test_07220,0.00000
test_07221,1.00000
test_07222,0.00659
test_07223,0.00000
test_07224,0.99673
test_07225,0.11443
test_07226,0.45416
test_07227,1.00000
test_07228,0.00000
test_07229,0.00000
test_07230,0.01305
test_07231,0.00000
test_07232,0.51165
test_07233,1.00000
test_07234,1.00000
test_07235,1.00000
test_07236,0.00000
test_07237,1.00000
test_07238,0.00000
test_07239,0.38297
test_07240,0.01685
test_07241,0.00001
test_07242,0.00000
test_07243,0.00000
test_07244,1.00000
test_07245,0.00005
test_07246,0.00000
test_07247,0.98907
test_07248,1.00000
test_07249,0.00000
test_07250,0.00000
test_07251,0.00000
test_07252,1.00000
test_07253,0.00000
test_07254,0.00284
test_07255,0.97212
test_07256,0.00000
test_07257,1.00000
test_07258,0.20183
test_07259,0.99996
test_07260,1.00000
test_07261,0.00000
test_07262,0.00000
test_07263,1.00000
test_07264,0.01754
test_07265,0.90191
test_07266,0.00000
test_07267,0.00000
test_07268,1.00000
test_07269,1.00000
test_07270,0.55983
test_07271,1.00000
test_07272,0.83276
test_07273,0.99364
test_07274,0.99548
test_07275,0.48382
test_07276,0.00004
test_07277,1.00000
test_07278,0.17390
test_07279,0.00000
test_07280,0.00000
test_07281,0.00000
test_07282,0.99999
test_07283,0.00016
test_07284,0.00000
test_07285,1.00000
test_07286,0.01288
test_07287,0.99987
test_07288,0.00029
test_07289,0.00000
test_07290,0.00000
test_07291,0.99888
test_07292,0.00117
test_07293,0.00000
test_07294,1.00000
test_07295,0.69249
test_07296,0.99984
test_07297,1.00000
test_07298,0.56048
test_07299,0.99985
test_07300,0.00943
test_07301,1.00000
test_07302,0.00000
test_07303,0.99999
test_07304,0.00000
test_07305,0.00012
test_07306,0.79588
test_07307,0.00000
test_07308,0.00000
test_07309,0.00000
test_07310,0.00812
test_07311,0.00000
test_07312,0.99992
test_07313,0.00001
test_07314,1.00000
test_07315,0.01932
test_07316,0.12423
test_07317,1.00000
test_07318,0.00000
test_07319,0.99197
test_07320,1.00000
test_07321,0.98618
test_07322,0.00428
test_07323,0.00000
test_07324,0.00126
test_07325,0.83482
test_07326,0.99997
test_07327,1.00000
test_07328,0.47345
test_07329,0.00038
test_07330,0.00894
test_07331,0.00000
test_07332,0.00000
test_07333,0.00069
test_07334,0.91936
test_07335,0.99914
test_07336,0.00000
test_07337,0.99856
test_07338,1.00000
test_07339,0.00000
test_07340,1.00000
test_07341,0.05966
test_07342,0.00001
test_07343,1.00000
test_07344,0.99872
test_07345,0.00000
test_07346,0.00000
test_07347,0.00000
test_07348,0.99999
test_07349,0.00000
test_07350,1.00000
test_07351,0.00000
test_07352,0.58468
test_07353,1.00000
test_07354,0.93177
test_07355,0.99891
test_07356,1.00000
test_07357,0.96901
test_07358,0.99967
test_07359,0.33265
test_07360,1.00000
test_07361,0.99993
test_07362,0.00309
test_07363,1.00000
test_07364,0.00002
test_07365,0.96812
test_07366,1.00000
test_07367,1.00000
test_07368,0.00216
test_07369,0.03966
test_07370,0.99981
test_07371,0.00000
test_07372,0.00000
test_07373,0.99999
test_07374,0.00000
test_07375,0.30020
test_07376,0.52682
test_07377,0.00000
test_07378,0.99918
test_07379,0.00000
test_07380,0.00000
test_07381,0.00290
test_07382,0.45662
test_07383,0.96455
test_07384,1.00000
test_07385,0.00447
test_07386,0.00001
test_07387,0.00000
test_07388,0.05803
test_07389,0.00000
test_07390,0.00000
test_07391,1.00000
test_07392,0.53193
test_07393,1.00000
test_07394,1.00000
test_07395,1.00000
test_07396,0.00000
test_07397,0.99996
test_07398,1.00000
test_07399,0.91732
test_07400,1.00000
test_07401,0.00696
test_07402,1.00000
test_07403,0.00396
test_07404,0.00000
test_07405,1.00000
test_07406,0.03508
test_07407,0.00000
test_07408,0.00796
test_07409,1.00000
test_07410,1.00000
test_07411,0.00003
test_07412,0.00000
test_07413,0.98571
test_07414,0.00000
test_07415,1.00000
test_07416,0.00000
test_07417,0.00031
test_07418,1.00000
test_07419,0.00000
test_07420,0.00000
test_07421,0.00263
test_07422,1.00000
test_07423,1.00000
test_07424,0.00000
test_07425,0.00080
test_07426,0.00000
test_07427,0.00267
test_07428,0.00000
test_07429,0.16604
test_07430,0.00000
test_07431,1.00000
test_07432,0.00000
test_07433,0.07749
test_07434,0.00000
test_07435,0.00000
test_07436,0.00000
test_07437,0.99994
test_07438,0.99998
test_07439,0.00071
test_07440,0.00000
test_07441,0.00000
test_07442,0.00005
test_07443,1.00000
test_07444,0.00000
test_07445,0.00000
test_07446,0.00000
test_07447,0.00000
test_07448,0.00000
test_07449,0.99998
test_07450,1.00000
test_07451,1.00000
test_07452,0.02669
test_07453,0.00000
test_07454,1.00000
test_07455,0.00110
test_07456,1.00000
test_07457,0.66862
test_07458,1.00000
test_07459,1.00000
test_07460,0.00000
test_07461,0.95600
test_07462,0.78093
test_07463,0.00002
test_07464,0.00000
test_07465,1.00000
test_07466,0.21078
test_07467,0.99995
test_07468,1.00000
test_07469,0.00039
test_07470,1.00000
test_07471,0.00171
test_07472,0.70465
test_07473,0.00000
test_07474,0.00000
test_07475,0.96602
test_07476,0.00000
test_07477,0.00000
test_07478,1.00000
test_07479,1.00000
test_07480,0.78122
test_07481,0.00310
test_07482,0.00000
test_07483,0.04348
test_07484,0.00000
test_07485,1.00000
test_07486,1.00000
test_07487,0.00000
test_07488,0.00000
test_07489,1.00000
test_07490,0.85298
test_07491,0.00031
test_07492,0.00000
test_07493,0.74019
test_07494,0.99986
test_07495,1.00000
test_07496,0.00986
test_07497,0.00000
test_07498,0.68572
test_07499,0.00000
test_07500,0.00002
test_07501,0.00000
test_07502,1.00000
test_07503,0.00000
test_07504,0.00001
test_07505,0.99984
test_07506,1.00000
test_07507,0.00115
test_07508,0.00000
test_07509,1.00000
test_07510,0.99124
test_07511,1.00000
test_07512,0.00000
test_07513,0.99953
test_07514,1.00000
test_07515,1.00000
test_07516,1.00000
test_07517,1.00000
test_07518,0.00000
test_07519,0.05786
test_07520,0.07905
test_07521,0.00000
test_07522,1.00000
test_07523,0.00000
test_07524,0.99230
test_07525,0.37376
test_07526,0.00000
test_07527,0.25419
test_07528,1.00000
test_07529,0.00020
test_07530,0.99997
test_07531,0.96432
test_07532,1.00000
test_07533,0.00000
test_07534,0.10763
test_07535,0.92330
test_07536,0.00000
test_07537,0.00000
test_07538,0.51745
test_07539,1.00000
test_07540,0.00001
test_07541,0.04392
test_07542,0.99807
test_07543,0.00180
test_07544,0.99714
test_07545,0.01125
test_07546,1.00000
test_07547,0.99853
test_07548,0.15647
test_07549,1.00000
test_07550,0.99999
test_07551,0.99963
test_07552,0.00000
test_07553,1.00000
test_07554,0.99994
test_07555,0.00002
test_07556,0.00069
test_07557,1.00000
test_07558,1.00000
test_07559,0.99994
test_07560,0.98958
test_07561,0.00000
test_07562,0.91125
test_07563,1.00000
test_07564,1.00000
test_07565,0.00000
test_07566,0.00002
test_07567,0.00000
test_07568,0.00000
test_07569,0.05134
test_07570,1.00000
test_07571,0.00000
test_07572,0.99998
test_07573,1.00000
test_07574,1.00000
test_07575,0.30346
test_07576,0.00000
test_07577,0.00000
test_07578,0.00000
test_07579,0.00000
test_07580,1.00000
test_07581,0.00000
test_07582,0.00000
test_07583,1.00000
test_07584,1.00000
test_07585,0.91861
test_07586,1.00000
test_07587,0.57388
test_07588,0.99999
test_07589,1.00000
test_07590,0.00000
test_07591,1.00000
test_07592,0.00000
test_07593,1.00000
test_07594,0.17546
test_07595,0.00000
test_07596,0.00000
test_07597,1.00000
test_07598,0.39396
test_07599,0.82611
test_07600,0.00000
test_07601,0.00002
test_07602,0.00000
test_07603,1.00000
test_07604,0.00002
test_07605,0.00000
test_07606,0.00000
test_07607,0.00000
test_07608,0.00858
test_07609,1.00000
test_07610,0.00000
test_07611,0.00288
test_07612,0.00000
test_07613,0.00357
test_07614,1.00000
test_07615,0.99128
test_07616,1.00000
test_07617,0.15435
test_07618,0.99992
test_07619,0.00000
test_07620,0.99753
test_07621,0.00000
test_07622,0.00000
test_07623,1.00000
test_07624,0.00128
test_07625,0.00000
test_07626,0.87032
test_07627,0.99993
test_07628,1.00000
test_07629,0.08164
test_07630,1.00000
test_07631,0.00000
test_07632,0.00086
test_07633,0.00015
test_07634,1.00000
test_07635,1.00000
test_07636,0.00000
test_07637,0.99640
test_07638,1.00000
test_07639,0.00000
test_07640,0.02479
test_07641,0.99987
test_07642,0.00009
test_07643,0.99851
test_07644,1.00000
test_07645,0.00000
test_07646,0.40754
test_07647,1.00000
test_07648,0.00000
test_07649,0.99948
test_07650,0.99998
test_07651,0.17553
test_07652,0.80759
test_07653,1.00000
test_07654,0.99997
test_07655,0.00006
test_07656,0.00000
test_07657,1.00000
test_07658,0.00000
test_07659,1.00000
test_07660,0.00000
test_07661,1.00000
test_07662,0.00791
test_07663,0.00000
test_07664,0.00000
test_07665,0.00003
test_07666,1.00000
test_07667,0.00012
test_07668,0.00000
test_07669,1.00000
test_07670,0.00000
test_07671,0.00000
test_07672,0.00000
test_07673,0.00000
test_07674,0.28189
test_07675,0.00000
test_07676,0.00000
test_07677,0.00000
test_07678,0.00241
test_07679,0.00001
test_07680,0.20641
test_07681,0.00000
test_07682,0.00881
test_07683,1.00000
test_07684,0.94742
test_07685,0.00000
test_07686,0.00390
test_07687,0.01715
test_07688,0.00788
test_07689,1.00000
test_07690,1.00000
test_07691,0.00062
test_07692,0.99999
test_07693,0.99961
test_07694,0.00003
test_07695,0.04883
test_07696,0.02500
test_07697,1.00000
test_07698,1.00000
test_07699,0.00000
test_07700,0.99917
test_07701,0.00000
test_07702,0.00000
test_07703,1.00000
test_07704,1.00000
test_07705,0.01282
test_07706,1.00000
test_07707,0.00105
test_07708,1.00000
test_07709,1.00000
test_07710,0.99998
test_07711,0.99997
test_07712,0.00000
test_07713,0.00000
test_07714,0.00000
test_07715,0.99999
test_07716,1.00000
test_07717,0.00000
test_07718,0.00000
test_07719,0.00000
test_07720,0.00000
test_07721,0.38378
test_07722,0.00000
test_07723,0.00003
test_07724,1.00000
test_07725,0.99995
test_07726,0.50254
test_07727,0.00000
test_07728,0.00001
test_07729,1.00000
test_07730,0.79747
test_07731,0.00000
test_07732,0.44300
test_07733,1.00000
test_07734,0.00000
test_07735,0.01422
test_07736,0.00000
test_07737,1.00000
test_07738,0.00234
test_07739,0.04935
test_07740,0.00003
test_07741,0.00000
test_07742,0.98560
test_07743,0.99994
test_07744,0.00713
test_07745,0.20220
test_07746,0.00000
test_07747,0.00018
test_07748,0.04882
test_07749,1.00000
test_07750,1.00000
test_07751,0.77060
test_07752,0.00000
test_07753,0.05815
test_07754,0.00059
test_07755,0.00000
test_07756,0.99888
test_07757,0.00015
test_07758,0.00000
test_07759,0.05090
test_07760,0.00000
test_07761,1.00000
test_07762,0.99982
test_07763,1.00000
test_07764,1.00000
test_07765,0.00000
test_07766,1.00000
test_07767,0.00000
test_07768,0.02794
test_07769,0.00000
test_07770,0.00000
test_07771,0.99719
test_07772,1.00000
test_07773,0.99999
test_07774,0.00000
test_07775,0.00194
test_07776,0.43773
test_07777,0.99999
test_07778,1.00000
test_07779,1.00000
test_07780,1.00000
test_07781,0.00000
test_07782,0.05771
test_07783,0.00000
test_07784,0.99989
test_07785,0.00006
test_07786,0.00021
test_07787,1.00000
test_07788,0.99867
test_07789,0.99141
test_07790,0.00000
test_07791,0.00555
test_07792,0.00006
test_07793,0.00000
test_07794,0.00028
test_07795,0.99994
test_07796,0.00000
test_07797,0.00000
test_07798,0.99997
test_07799,1.00000
test_07800,1.00000
test_07801,0.00000
test_07802,0.99985
test_07803,1.00000
test_07804,1.00000
test_07805,0.00000
test_07806,0.00100
test_07807,0.00000
test_07808,0.00000
test_07809,0.00000
test_07810,0.00000
test_07811,0.99999
test_07812,0.13345
test_07813,1.00000
test_07814,0.02945
test_07815,0.00000
test_07816,0.00000
test_07817,1.00000
test_07818,0.00000
test_07819,0.98976
test_07820,0.00000
test_07821,1.00000
test_07822,0.00000
test_07823,0.00003
test_07824,1.00000
test_07825,0.99905
test_07826,0.00000
test_07827,1.00000
test_07828,0.00000
test_07829,0.99990
test_07830,0.00000
test_07831,1.00000
test_07832,0.97507
test_07833,0.54579
test_07834,1.00000
test_07835,0.99990
test_07836,0.68241
test_07837,0.00000
test_07838,1.00000
test_07839,0.99997
test_07840,0.93691
test_07841,0.00552
test_07842,0.00000
test_07843,0.00000
test_07844,0.94846
test_07845,1.00000
test_07846,0.00121
test_07847,1.00000
test_07848,0.00000
test_07849,1.00000
test_07850,1.00000
test_07851,0.04779
test_07852,0.99982
test_07853,0.00000
test_07854,1.00000
test_07855,0.00000
test_07856,0.00191
test_07857,0.00000
test_07858,0.00000
test_07859,1.00000
test_07860,0.00002
test_07861,0.00516
test_07862,0.00000
test_07863,0.47509
test_07864,0.56785
test_07865,0.99994
test_07866,0.99840
test_07867,0.00000
test_07868,1.00000
test_07869,0.99986
test_07870,0.00000
test_07871,1.00000
test_07872,0.94315
test_07873,0.00000
test_07874,0.00001
test_07875,0.00000
test_07876,0.00000
test_07877,0.00004
test_07878,0.00000
test_07879,0.00000
test_07880,0.79575
test_07881,0.98210
test_07882,0.99911
test_07883,1.00000
test_07884,0.51432
test_07885,0.99744
test_07886,0.01268
test_07887,0.99999
test_07888,0.02322
test_07889,1.00000
test_07890,0.99997
test_07891,1.00000
test_07892,0.72868
test_07893,1.00000
test_07894,0.00000
test_07895,0.09660
test_07896,0.99993
test_07897,0.00000
test_07898,1.00000
test_07899,1.00000
test_07900,1.00000
test_07901,1.00000
test_07902,0.00000
test_07903,0.00000
test_07904,0.00001
test_07905,0.00433
test_07906,0.00000
test_07907,0.00009
test_07908,0.00023
test_07909,1.00000
test_07910,0.99487
test_07911,1.00000
test_07912,0.00000
test_07913,0.00017
test_07914,0.00000
test_07915,0.00000
test_07916,1.00000
test_07917,0.00000
test_07918,0.00016
test_07919,0.00039
test_07920,0.00000
test_07921,1.00000
test_07922,0.00239
test_07923,1.00000
test_07924,0.00000
test_07925,0.00000
test_07926,0.01438
test_07927,0.99952
test_07928,0.00000
test_07929,0.00000
test_07930,0.00000
test_07931,0.00234
test_07932,1.00000
test_07933,1.00000
test_07934,0.00000
test_07935,0.00003
test_07936,0.00000
test_07937,0.93587
test_07938,0.99960
test_07939,0.00000
test_07940,0.00000
test_07941,0.00654
test_07942,0.00000
test_07943,1.00000
test_07944,0.00485
test_07945,0.00000
test_07946,0.00000
test_07947,1.00000
test_07948,0.00006
test_07949,1.00000
test_07950,1.00000
test_07951,0.00000
test_07952,0.00001
test_07953,0.00000
test_07954,0.00000
test_07955,0.00000
test_07956,0.00001
test_07957,0.00002
test_07958,0.51196
test_07959,1.00000
test_07960,0.00000
test_07961,1.00000
test_07962,0.00010
test_07963,1.00000
test_07964,0.00000
test_07965,0.00000
test_07966,1.00000
test_07967,1.00000
test_07968,0.00000
test_07969,0.00004
test_07970,0.00000
test_07971,0.00052
test_07972,1.00000
test_07973,0.00000
test_07974,0.99978
test_07975,0.00009
test_07976,0.07922
test_07977,0.00000
test_07978,0.99995
test_07979,0.00000
test_07980,0.00754
test_07981,0.00597
test_07982,0.04553
test_07983,0.00000
test_07984,1.00000
test_07985,1.00000
test_07986,0.00001
test_07987,0.00000
test_07988,0.00007
test_07989,0.00000
test_07990,0.99999
test_07991,0.99993
test_07992,0.00000
test_07993,1.00000
test_07994,0.30365
test_07995,1.00000
test_07996,1.00000
test_07997,0.99993
test_07998,1.00000
test_07999,1.00000
test_08000,0.16188
test_08001,0.00000
test_08002,0.00006
test_08003,1.00000
test_08004,0.01097
test_08005,1.00000
test_08006,0.99999
test_08007,0.00000
test_08008,0.98699
test_08009,0.00000
test_08010,0.99921
test_08011,0.99955
test_08012,1.00000
test_08013,0.00000
test_08014,0.00469
test_08015,0.00000
test_08016,0.99992
test_08017,0.00000
test_08018,1.00000
test_08019,1.00000
test_08020,1.00000
test_08021,0.95649
test_08022,0.01159
test_08023,0.00000
test_08024,0.00001
test_08025,0.62881
test_08026,1.00000
test_08027,1.00000
test_08028,0.00000
test_08029,0.98823
test_08030,0.82885
test_08031,0.00004
test_08032,0.99999
test_08033,0.00000
test_08034,1.00000
test_08035,0.00011
test_08036,0.99897
test_08037,0.00000
test_08038,1.00000
test_08039,1.00000
test_08040,1.00000
test_08041,1.00000
test_08042,0.99430
test_08043,0.00000
test_08044,0.09532
test_08045,0.71343
test_08046,0.00606
test_08047,0.00000
test_08048,0.99969
test_08049,0.99999
test_08050,0.00000
test_08051,0.00003
test_08052,1.00000
test_08053,0.03534
test_08054,0.00007
test_08055,1.00000
test_08056,1.00000
test_08057,0.00412
test_08058,0.00001
test_08059,0.00000
test_08060,1.00000
test_08061,0.00121
test_08062,1.00000
test_08063,0.70007
test_08064,0.02030
test_08065,1.00000
test_08066,0.00135
test_08067,1.00000
test_08068,0.36725
test_08069,0.85012
test_08070,0.00000
test_08071,0.99999
test_08072,0.00000
test_08073,1.00000
test_08074,0.14994
test_08075,0.60964
test_08076,0.00000
test_08077,0.00060
test_08078,0.99999
test_08079,0.00000
test_08080,0.90155
test_08081,0.00001
test_08082,0.00000
test_08083,1.00000
test_08084,0.00000
test_08085,0.00120
test_08086,0.00002
test_08087,0.99083
test_08088,0.86089
test_08089,0.00005
test_08090,0.00035
test_08091,1.00000
test_08092,0.93779
test_08093,0.63229
test_08094,0.00510
test_08095,0.99994
test_08096,0.00027
test_08097,1.00000
test_08098,0.00000
test_08099,0.00002
test_08100,1.00000
test_08101,0.00000
test_08102,0.20124
test_08103,0.99983
test_08104,0.00000
test_08105,0.99999
test_08106,1.00000
test_08107,0.97555
test_08108,0.00000
test_08109,1.00000
test_08110,1.00000
test_08111,0.00000
test_08112,1.00000
test_08113,0.00001
test_08114,0.00000
test_08115,0.00000
test_08116,1.00000
test_08117,0.36016
test_08118,0.58116
test_08119,0.00409
test_08120,0.00100
test_08121,0.00081
test_08122,1.00000
test_08123,0.00000
test_08124,0.98415
test_08125,1.00000
test_08126,0.00707
test_08127,0.00000
test_08128,0.35785
test_08129,0.00000
test_08130,0.00000
test_08131,1.00000
test_08132,0.00000
test_08133,0.00073
test_08134,0.00003
test_08135,0.00000
test_08136,0.70190
test_08137,0.00000
test_08138,0.00000
test_08139,1.00000
test_08140,1.00000
test_08141,0.99997
test_08142,1.00000
test_08143,0.99998
test_08144,0.99990
test_08145,0.00000
test_08146,0.02144
test_08147,0.00001
test_08148,0.00000
test_08149,0.00000
test_08150,0.99992
test_08151,0.63065
test_08152,0.05136
test_08153,0.00599
test_08154,0.00001
test_08155,0.00000
test_08156,0.00000
test_08157,0.00000
test_08158,0.00000
test_08159,1.00000
test_08160,1.00000
test_08161,0.99929
test_08162,0.00000
test_08163,1.00000
test_08164,0.00001
test_08165,0.00004
test_08166,0.00001
test_08167,0.00000
test_08168,1.00000
test_08169,0.99982
test_08170,0.00000
test_08171,1.00000
test_08172,0.99994
test_08173,0.00510
test_08174,0.04903
test_08175,0.99800
test_08176,0.99992
test_08177,1.00000
test_08178,0.99999
test_08179,1.00000
test_08180,0.00251
test_08181,0.52233
test_08182,0.00277
test_08183,1.00000
test_08184,1.00000
test_08185,0.99974
test_08186,1.00000
test_08187,1.00000
test_08188,0.00000
test_08189,0.00000
test_08190,0.00005
test_08191,0.00006
test_08192,0.99638
test_08193,0.98656
test_08194,0.00001
test_08195,0.00000
test_08196,0.00001
test_08197,1.00000
test_08198,0.99991
test_08199,0.00527
test_08200,0.99998
test_08201,0.00001
test_08202,1.00000
test_08203,0.99429
test_08204,0.99911
test_08205,0.99402
test_08206,0.07861
test_08207,1.00000
test_08208,0.30176
test_08209,0.00017
test_08210,0.00002
test_08211,0.00000
test_08212,1.00000
test_08213,1.00000
test_08214,0.00000
test_08215,0.00000
test_08216,0.00000
test_08217,1.00000
test_08218,0.99998
test_08219,0.00000
test_08220,0.00000
test_08221,0.00000
test_08222,1.00000
test_08223,0.00000
test_08224,0.00000
test_08225,0.00000
test_08226,0.17338
test_08227,1.00000
test_08228,1.00000
test_08229,0.00000
test_08230,0.00168
test_08231,0.00000
test_08232,0.00004
test_08233,0.00000
test_08234,0.00000
test_08235,0.00000
test_08236,0.08890
test_08237,1.00000
test_08238,1.00000
test_08239,1.00000
test_08240,0.94886
test_08241,0.99990
test_08242,0.99999
test_08243,0.00000
test_08244,1.00000
test_08245,0.25413
test_08246,0.99990
test_08247,0.00000
test_08248,0.04045
test_08249,1.00000
test_08250,0.39267
test_08251,0.99992
test_08252,0.99998
test_08253,0.00000
test_08254,0.65328
test_08255,0.00000
test_08256,0.00000
test_08257,0.00000
test_08258,0.02081
test_08259,1.00000
test_08260,0.14119
test_08261,1.00000
test_08262,0.99998
test_08263,1.00000
test_08264,0.99995
test_08265,1.00000
test_08266,0.99993
test_08267,0.00000
test_08268,0.00000
test_08269,1.00000
test_08270,0.00000
test_08271,0.05033
test_08272,1.00000
test_08273,0.90298
test_08274,1.00000
test_08275,0.00023
test_08276,1.00000
test_08277,0.00000
test_08278,0.00001
test_08279,0.63622
test_08280,0.00000
test_08281,0.99946
test_08282,1.00000
test_08283,1.00000
test_08284,0.61222
test_08285,0.99993
test_08286,0.00146
test_08287,0.00083
test_08288,0.00000
test_08289,0.14499
test_08290,0.00000
test_08291,0.02943
test_08292,0.00000
test_08293,0.99998
test_08294,0.00028
test_08295,1.00000
test_08296,0.99993
test_08297,1.00000
test_08298,0.03543
test_08299,0.00000
test_08300,1.00000
test_08301,1.00000
test_08302,1.00000
test_08303,1.00000
test_08304,1.00000
test_08305,0.00000
test_08306,0.00000
test_08307,1.00000
test_08308,1.00000
test_08309,0.00000
test_08310,0.99990
test_08311,0.00000
test_08312,0.99774
test_08313,0.99999
test_08314,0.00000
test_08315,1.00000
test_08316,1.00000
test_08317,0.99885
test_08318,0.00000
test_08319,1.00000
test_08320,0.98070
test_08321,0.99550
test_08322,1.00000
test_08323,1.00000
test_08324,0.59850
test_08325,1.00000
test_08326,0.00000
test_08327,0.00241
test_08328,0.00004
test_08329,1.00000
test_08330,0.99903
test_08331,1.00000
test_08332,0.00000
test_08333,0.00067
test_08334,1.00000
test_08335,0.00752
test_08336,0.99206
test_08337,0.93921
test_08338,0.99999
test_08339,0.00001
test_08340,0.00000
test_08341,1.00000
test_08342,0.00000
test_08343,0.95957
test_08344,0.99951
test_08345,0.97131
test_08346,0.00018
test_08347,0.00000
test_08348,1.00000
test_08349,0.00000
test_08350,1.00000
test_08351,1.00000
test_08352,0.00000
test_08353,0.99998
test_08354,0.00000
test_08355,0.19289
test_08356,0.85207
test_08357,0.00000
test_08358,0.59946
test_08359,1.00000
test_08360,0.99998
test_08361,1.00000
test_08362,0.00000
test_08363,0.99992
test_08364,0.38602
test_08365,0.00000
test_08366,0.97080
test_08367,1.00000
test_08368,1.00000
test_08369,0.00000
test_08370,0.99999
test_08371,0.00001
test_08372,0.00000
test_08373,1.00000
test_08374,1.00000
test_08375,0.00000
test_08376,1.00000
test_08377,0.34487
test_08378,0.93571
test_08379,1.00000
test_08380,1.00000
test_08381,0.99997
test_08382,1.00000
test_08383,0.00000
test_08384,0.00104
test_08385,0.00000
test_08386,0.00000
test_08387,0.00000
test_08388,0.00000
test_08389,0.99998
test_08390,0.00001
test_08391,0.05955
test_08392,0.99991
test_08393,1.00000
test_08394,0.00000
test_08395,0.00000
test_08396,0.19652
test_08397,0.00104
test_08398,1.00000
test_08399,0.00000
test_08400,0.00000
test_08401,0.52956
test_08402,0.00128
test_08403,0.00011
test_08404,1.00000
test_08405,0.00000
test_08406,0.00000
test_08407,1.00000
test_08408,0.00310
test_08409,0.00000
test_08410,0.14515
test_08411,1.00000
test_08412,1.00000
test_08413,0.00000
test_08414,0.00000
test_08415,0.00000
test_08416,0.99999
test_08417,1.00000
test_08418,0.99999
test_08419,0.00002
test_08420,0.00006
test_08421,0.00440
test_08422,0.99507
test_08423,1.00000
test_08424,0.00000
test_08425,0.00000
test_08426,0.00000
test_08427,1.00000
test_08428,1.00000
test_08429,0.00000
test_08430,1.00000
test_08431,0.00005
test_08432,0.82211
test_08433,0.93559
test_08434,0.51447
test_08435,0.00000
test_08436,1.00000
test_08437,0.00000
test_08438,0.99995
test_08439,0.01423
test_08440,1.00000
test_08441,0.14573
test_08442,0.68710
test_08443,0.00046
test_08444,0.00004
test_08445,1.00000
test_08446,0.73757
test_08447,0.00022
test_08448,0.55643
test_08449,1.00000
test_08450,0.01580
test_08451,0.00000
test_08452,0.00122
test_08453,0.00000
test_08454,0.00007
test_08455,0.95667
test_08456,1.00000
test_08457,1.00000
test_08458,0.00001
test_08459,0.99999
test_08460,1.00000
test_08461,0.00000
test_08462,0.00000
test_08463,0.99967
test_08464,0.03441
test_08465,1.00000
test_08466,0.00054
test_08467,0.00000
test_08468,1.00000
test_08469,0.00000
test_08470,0.00000
test_08471,0.00000
test_08472,1.00000
test_08473,0.00233
test_08474,1.00000
test_08475,0.00005
test_08476,0.99313
test_08477,1.00000
test_08478,0.99934
test_08479,0.00000
test_08480,0.00000
test_08481,0.00001
test_08482,1.00000
test_08483,0.00002
test_08484,1.00000
test_08485,0.70221
test_08486,0.23420
test_08487,0.00000
test_08488,0.84052
test_08489,0.05462
test_08490,0.99392
test_08491,1.00000
test_08492,1.00000
test_08493,0.99989
test_08494,0.39763
test_08495,0.00000
test_08496,0.00000
test_08497,0.99999
test_08498,0.00000
test_08499,0.60380
test_08500,0.99983
test_08501,0.00000
test_08502,1.00000
test_08503,0.02044
test_08504,0.99300
test_08505,0.00000
test_08506,0.15265
test_08507,0.00000
test_08508,1.00000
test_08509,0.10706
test_08510,1.00000
test_08511,0.00223
test_08512,0.99991
test_08513,1.00000
test_08514,0.00001
test_08515,1.00000
test_08516,1.00000
test_08517,1.00000
test_08518,0.99997
test_08519,1.00000
test_08520,0.44453
test_08521,0.00000
test_08522,0.00000
test_08523,0.00000
test_08524,0.00000
test_08525,1.00000
test_08526,0.00000
test_08527,0.00000
test_08528,0.00000
test_08529,0.77479
test_08530,0.00000
test_08531,1.00000
test_08532,1.00000
test_08533,0.92072
test_08534,0.00000
test_08535,1.00000
test_08536,0.00000
test_08537,0.99930
test_08538,0.96776
test_08539,1.00000
test_08540,1.00000
test_08541,0.00000
test_08542,0.95460
test_08543,0.00000
test_08544,1.00000
test_08545,0.97051
test_08546,0.99805
test_08547,1.00000
test_08548,0.00001
test_08549,0.00000
test_08550,0.59480
test_08551,1.00000
test_08552,0.99999
test_08553,0.52720
test_08554,0.00000
test_08555,0.99964
test_08556,0.00000
test_08557,0.00013
test_08558,0.00000
test_08559,1.00000
test_08560,0.22166
test_08561,1.00000
test_08562,0.72009
test_08563,0.00000
test_08564,0.00000
test_08565,1.00000
test_08566,0.99999
test_08567,0.00000
test_08568,0.96723
test_08569,0.00000
test_08570,0.00000
test_08571,0.16013
test_08572,1.00000
test_08573,0.99629
test_08574,0.00000
test_08575,0.99194
test_08576,0.00009
test_08577,0.99584
test_08578,0.00000
test_08579,0.05963
test_08580,1.00000
test_08581,1.00000
test_08582,0.08276
test_08583,0.00076
test_08584,0.00277
test_08585,0.00037
test_08586,1.00000
test_08587,0.00148
test_08588,0.67482
test_08589,0.99958
test_08590,0.97970
test_08591,0.00000
test_08592,1.00000
test_08593,0.00000
test_08594,0.01570
test_08595,0.87400
test_08596,1.00000
test_08597,0.99995
test_08598,0.94997
test_08599,0.00000
test_08600,1.00000
test_08601,1.00000
test_08602,0.99923
test_08603,0.99998
test_08604,1.00000
test_08605,0.00003
test_08606,1.00000
test_08607,0.99997
test_08608,1.00000
test_08609,0.00000
test_08610,0.90091
test_08611,0.00000
test_08612,0.99997
test_08613,0.74291
test_08614,1.00000
test_08615,0.15292
test_08616,1.00000
test_08617,0.00000
test_08618,0.00000
test_08619,1.00000
test_08620,0.99972
test_08621,1.00000
test_08622,0.99999
test_08623,0.00000
test_08624,0.99991
test_08625,0.99995
test_08626,0.00000
test_08627,0.00000
test_08628,1.00000
test_08629,0.00003
test_08630,1.00000
test_08631,0.02155
test_08632,0.00207
test_08633,1.00000
test_08634,0.99998
test_08635,0.00088
test_08636,0.00000
test_08637,1.00000
test_08638,0.99999
test_08639,0.00001
test_08640,0.00036
test_08641,0.02379
test_08642,1.00000
test_08643,0.00000
test_08644,0.99985
test_08645,0.00000
test_08646,0.00000
test_08647,0.00000
test_08648,0.00000
test_08649,1.00000
test_08650,1.00000
test_08651,0.99999
test_08652,0.29975
test_08653,1.00000
test_08654,0.00000
test_08655,0.43839
test_08656,0.00040
test_08657,0.99999
test_08658,0.99997
test_08659,0.00000
test_08660,0.57338
test_08661,0.00000
test_08662,0.00005
test_08663,0.00000
test_08664,0.00001
test_08665,0.00032
test_08666,1.00000
test_08667,1.00000
test_08668,0.99990
test_08669,1.00000
test_08670,0.27109
test_08671,0.99998
test_08672,1.00000
test_08673,1.00000
test_08674,1.00000
test_08675,0.00008
test_08676,0.98482
test_08677,0.99994
test_08678,0.97741
test_08679,0.99999
test_08680,1.00000
test_08681,0.00000
test_08682,0.15950
test_08683,0.44384
test_08684,0.00390
test_08685,1.00000
test_08686,1.00000
test_08687,0.00001
test_08688,0.99998
test_08689,1.00000
test_08690,0.01436
test_08691,1.00000
test_08692,1.00000
test_08693,0.00000
test_08694,0.00000
test_08695,0.99978
test_08696,0.00002
test_08697,0.00000
test_08698,0.97559
test_08699,0.99992
test_08700,1.00000
test_08701,1.00000
test_08702,0.00000
test_08703,0.00000
test_08704,0.00000
test_08705,0.00019
test_08706,0.00013
test_08707,0.99999
test_08708,0.99939
test_08709,1.00000
test_08710,0.00000
test_08711,1.00000
test_08712,0.00000
test_08713,1.00000
test_08714,0.99986
test_08715,0.00000
test_08716,1.00000
test_08717,0.00064
test_08718,0.00000
test_08719,1.00000
test_08720,1.00000
test_08721,0.99999
test_08722,1.00000
test_08723,0.99086
test_08724,0.00000
test_08725,1.00000
test_08726,1.00000
test_08727,0.96159
test_08728,0.00000
test_08729,0.94126
test_08730,0.07928
test_08731,1.00000
test_08732,0.18774
test_08733,0.00000
test_08734,0.92609
test_08735,0.00000
test_08736,1.00000
test_08737,0.00000
test_08738,0.73298
test_08739,0.00000
test_08740,0.00000
test_08741,0.01453
test_08742,0.99989
test_08743,0.00000
test_08744,0.02093
test_08745,1.00000
test_08746,0.00651
test_08747,1.00000
test_08748,0.00000
test_08749,0.00131
test_08750,1.00000
test_08751,0.00001
test_08752,0.00000
test_08753,0.99343
test_08754,0.00000
test_08755,0.99797
test_08756,0.99932
test_08757,1.00000
test_08758,0.00000
test_08759,0.00000
test_08760,0.00000
test_08761,0.00000
test_08762,0.90956
test_08763,0.55488
test_08764,0.95450
test_08765,0.00000
test_08766,1.00000
test_08767,0.00000
test_08768,1.00000
test_08769,0.00000
test_08770,1.00000
test_08771,0.00020
test_08772,0.00014
test_08773,0.00000
test_08774,0.00000
test_08775,1.00000
test_08776,0.99932
test_08777,0.00001
test_08778,0.99999
test_08779,0.96516
test_08780,0.00000
test_08781,0.96455
test_08782,0.00185
test_08783,1.00000
test_08784,0.23198
test_08785,0.00948
test_08786,0.02429
test_08787,0.51206
test_08788,0.00211
test_08789,0.99353
test_08790,0.00000
test_08791,0.00000
test_08792,0.00000
test_08793,0.00000
test_08794,0.00125
test_08795,1.00000
test_08796,1.00000
test_08797,0.99435
test_08798,0.32296
test_08799,1.00000
test_08800,0.95261
test_08801,1.00000
test_08802,0.99733
test_08803,1.00000
test_08804,0.00001
test_08805,1.00000
test_08806,1.00000
test_08807,0.01238
test_08808,1.00000
test_08809,1.00000
test_08810,0.00004
test_08811,1.00000
test_08812,0.02346
test_08813,1.00000
test_08814,0.00000
test_08815,0.00000
test_08816,0.00000
test_08817,1.00000
test_08818,0.00055
test_08819,0.99998
test_08820,1.00000
test_08821,0.00001
test_08822,0.99999
test_08823,0.07323
test_08824,0.00000
test_08825,1.00000
test_08826,0.00000
test_08827,1.00000
test_08828,1.00000
test_08829,0.00000
test_08830,0.99987
test_08831,0.84820
test_08832,0.00000
test_08833,1.00000
test_08834,0.99999
test_08835,0.99999
test_08836,0.21387
test_08837,0.99867
test_08838,0.99998
test_08839,1.00000
test_08840,0.99851
test_08841,1.00000
test_08842,0.00000
test_08843,1.00000
test_08844,0.00000
test_08845,0.00000
test_08846,1.00000
test_08847,0.99354
test_08848,0.00012
test_08849,0.00000
test_08850,0.99784
test_08851,0.00535
test_08852,0.00035
test_08853,0.99999
test_08854,0.57568
test_08855,0.99992
test_08856,0.99999
test_08857,1.00000
test_08858,0.99726
test_08859,0.00000
test_08860,1.00000
test_08861,1.00000
test_08862,0.00000
test_08863,0.00001
test_08864,0.00824
test_08865,0.05886
test_08866,0.99964
test_08867,1.00000
test_08868,0.09108
test_08869,0.06086
test_08870,1.00000
test_08871,1.00000
test_08872,0.00005
test_08873,1.00000
test_08874,0.00000
test_08875,1.00000
test_08876,1.00000
test_08877,0.99942
test_08878,0.99996
test_08879,1.00000
test_08880,0.96450
test_08881,1.00000
test_08882,0.00004
test_08883,0.00052
test_08884,1.00000
test_08885,0.00000
test_08886,0.00000
test_08887,0.00000
test_08888,0.00013
test_08889,1.00000
test_08890,0.00430
test_08891,0.00576
test_08892,0.98127
test_08893,0.00000
test_08894,0.99992
test_08895,0.05791
test_08896,1.00000
test_08897,0.00000
test_08898,0.99858
test_08899,0.00000
test_08900,1.00000
test_08901,1.00000
test_08902,0.98069
test_08903,0.92263
test_08904,1.00000
test_08905,1.00000
test_08906,1.00000
test_08907,0.99992
test_08908,0.99934
test_08909,0.47424
test_08910,0.00000
test_08911,1.00000
test_08912,0.00000
test_08913,0.00001
test_08914,0.00000
test_08915,0.87884
test_08916,0.99988
test_08917,0.99944
test_08918,0.99998
test_08919,0.95475
test_08920,0.00000
test_08921,0.34783
test_08922,0.00000
test_08923,0.81065
test_08924,1.00000
test_08925,0.99996
test_08926,0.00000
test_08927,0.00000
test_08928,0.00000
test_08929,1.00000
test_08930,1.00000
test_08931,0.03542
test_08932,0.00028
test_08933,0.86669
test_08934,0.99992
test_08935,1.00000
test_08936,0.99998
test_08937,0.94985
test_08938,0.59676
test_08939,0.00000
test_08940,0.00000
test_08941,0.82592
test_08942,0.81608
test_08943,0.99998
test_08944,1.00000
test_08945,1.00000
test_08946,0.00000
test_08947,0.99692
test_08948,1.00000
test_08949,0.00881
test_08950,0.00000
test_08951,1.00000
test_08952,1.00000
test_08953,0.99658
test_08954,1.00000
test_08955,1.00000
test_08956,0.99998
test_08957,0.00000
test_08958,0.00001
test_08959,0.00000
test_08960,0.99980
test_08961,0.00000
test_08962,0.00000
test_08963,0.00002
test_08964,0.00000
test_08965,0.00000
test_08966,0.97880
test_08967,0.00002
test_08968,1.00000
test_08969,0.00004
test_08970,1.00000
test_08971,0.00000
test_08972,0.00000
test_08973,1.00000
test_08974,0.99629
test_08975,0.00069
test_08976,0.04272
test_08977,1.00000
test_08978,0.15237
test_08979,1.00000
test_08980,0.97357
test_08981,1.00000
test_08982,0.99057
test_08983,1.00000
test_08984,0.00092
test_08985,0.00000
test_08986,0.99985
test_08987,0.00000
test_08988,0.00001
test_08989,1.00000
test_08990,0.00000
test_08991,0.00000
test_08992,0.00000
test_08993,0.96781
test_08994,1.00000
test_08995,0.00021
test_08996,1.00000
test_08997,0.96439
test_08998,1.00000
test_08999,0.99062
test_09000,1.00000
test_09001,0.99941
test_09002,0.00144
test_09003,0.99744
test_09004,0.00011
test_09005,1.00000
test_09006,0.99968
test_09007,0.50709
test_09008,0.06246
test_09009,0.63249
test_09010,0.99982
test_09011,0.00000
test_09012,1.00000
test_09013,1.00000
test_09014,0.00000
test_09015,0.78871
test_09016,0.99999
test_09017,1.00000
test_09018,1.00000
test_09019,1.00000
test_09020,0.00000
test_09021,0.99999
test_09022,1.00000
test_09023,0.00001
test_09024,0.75085
test_09025,1.00000
test_09026,1.00000
test_09027,1.00000
test_09028,0.02347
test_09029,0.00000
test_09030,1.00000
test_09031,0.00000
test_09032,1.00000
test_09033,0.99850
test_09034,0.00000
test_09035,0.00000
test_09036,0.00000
test_09037,0.00000
test_09038,0.00000
test_09039,0.00000
test_09040,0.95703
test_09041,0.00000
test_09042,1.00000
test_09043,0.00384
test_09044,0.20105
test_09045,0.00000
test_09046,1.00000
test_09047,0.99955
test_09048,0.31932
test_09049,1.00000
test_09050,0.00014
test_09051,0.99596
test_09052,1.00000
test_09053,1.00000
test_09054,0.94403
test_09055,0.10562
test_09056,0.00000
test_09057,0.00000
test_09058,0.98843
test_09059,0.00017
test_09060,1.00000
test_09061,0.00000
test_09062,0.99998
test_09063,0.99999
test_09064,0.00003
test_09065,1.00000
test_09066,0.00430
test_09067,1.00000
test_09068,0.00000
test_09069,0.00032
test_09070,0.00000
test_09071,0.99999
test_09072,1.00000
test_09073,1.00000
test_09074,0.45130
test_09075,0.99959
test_09076,0.00000
test_09077,1.00000
test_09078,1.00000
test_09079,0.99996
test_09080,1.00000
test_09081,0.69792
test_09082,0.00002
test_09083,0.99999
test_09084,0.00000
test_09085,0.99993
test_09086,1.00000
test_09087,0.00000
test_09088,0.00000
test_09089,1.00000
test_09090,0.99661
test_09091,0.00000
test_09092,0.00000
test_09093,0.00004
test_09094,1.00000
test_09095,1.00000
test_09096,0.00000
test_09097,0.00018
test_09098,1.00000
test_09099,0.00217
test_09100,0.99957
test_09101,0.99630
test_09102,0.00000
test_09103,0.00000
test_09104,1.00000
test_09105,0.00129
test_09106,1.00000
test_09107,0.00000
test_09108,0.99999
test_09109,0.00000
test_09110,1.00000
test_09111,1.00000
test_09112,0.99955
test_09113,1.00000
test_09114,0.00000
test_09115,0.00000
test_09116,0.99969
test_09117,0.00000
test_09118,1.00000
test_09119,0.00000
test_09120,1.00000
test_09121,1.00000
test_09122,1.00000
test_09123,0.00000
test_09124,1.00000
test_09125,1.00000
test_09126,0.00000
test_09127,1.00000
test_09128,0.00000
test_09129,0.00000
test_09130,0.00000
test_09131,0.00000
test_09132,0.00000
test_09133,0.00434
test_09134,0.00005
test_09135,1.00000
test_09136,1.00000
test_09137,1.00000
test_09138,0.85442
test_09139,0.08306
test_09140,1.00000
test_09141,0.00005
test_09142,0.00000
test_09143,0.00000
test_09144,1.00000
test_09145,1.00000
test_09146,0.00000
test_09147,0.99987
test_09148,0.00000
test_09149,0.99996
test_09150,0.00093
test_09151,0.00000
test_09152,0.00000
test_09153,0.88785
test_09154,0.89826
test_09155,0.00021
test_09156,0.39743
test_09157,0.00000
test_09158,0.52003
test_09159,0.00002
test_09160,0.99999
test_09161,1.00000
test_09162,0.00000
test_09163,1.00000
test_09164,0.00000
test_09165,0.00002
test_09166,0.99979
test_09167,0.00000
test_09168,1.00000
test_09169,1.00000
test_09170,0.05746
test_09171,0.03045
test_09172,1.00000
test_09173,1.00000
test_09174,0.00387
test_09175,0.00000
test_09176,0.00000
test_09177,1.00000
test_09178,0.99921
test_09179,0.00000
test_09180,0.00001
test_09181,0.00000
test_09182,1.00000
test_09183,0.00000
test_09184,0.00000
test_09185,0.00006
test_09186,0.00209
test_09187,1.00000
test_09188,0.00030
test_09189,0.00000
test_09190,0.99845
test_09191,0.99807
test_09192,0.00000
test_09193,1.00000
test_09194,0.00001
test_09195,0.99999
test_09196,1.00000
test_09197,0.00198
test_09198,0.00000
test_09199,0.99983
test_09200,0.00000
test_09201,0.00002
test_09202,0.00004
test_09203,1.00000
test_09204,0.99999
test_09205,0.85699
test_09206,0.98574
test_09207,0.00000
test_09208,0.12088
test_09209,0.00000
test_09210,0.92385
test_09211,0.76194
test_09212,0.00000
test_09213,1.00000
test_09214,1.00000
test_09215,0.11457
test_09216,0.00000
test_09217,0.00613
test_09218,1.00000
test_09219,1.00000
test_09220,1.00000
test_09221,0.99968
test_09222,0.00000
test_09223,0.99563
test_09224,1.00000
test_09225,1.00000
test_09226,1.00000
test_09227,0.00000
test_09228,0.00000
test_09229,0.00686
test_09230,1.00000
test_09231,0.90094
test_09232,0.00007
test_09233,0.00000
test_09234,0.99989
test_09235,0.00000
test_09236,0.00000
test_09237,1.00000
test_09238,1.00000
test_09239,0.95343
test_09240,0.07012
test_09241,0.00300
test_09242,1.00000
test_09243,0.00000
test_09244,0.19726
test_09245,1.00000
test_09246,1.00000
test_09247,0.00023
test_09248,1.00000
test_09249,1.00000
test_09250,0.00000
test_09251,0.00000
test_09252,0.00000
test_09253,1.00000
test_09254,0.98665
test_09255,1.00000
test_09256,0.99998
test_09257,0.00006
test_09258,0.00068
test_09259,1.00000
test_09260,0.00000
test_09261,0.00002
test_09262,0.99999
test_09263,0.37270
test_09264,0.00091
test_09265,0.83925
test_09266,0.99999
test_09267,1.00000
test_09268,1.00000
test_09269,0.00210
test_09270,0.00000
test_09271,1.00000
test_09272,1.00000
test_09273,1.00000
test_09274,0.46542
test_09275,0.00000
test_09276,0.00002
test_09277,0.99987
test_09278,0.00044
test_09279,0.00000
test_09280,0.00000
test_09281,0.06168
test_09282,0.00000
test_09283,0.00000
test_09284,1.00000
test_09285,0.00551
test_09286,0.00000
test_09287,0.99896
test_09288,0.02105
test_09289,0.99953
test_09290,0.00000
test_09291,0.99874
test_09292,0.99997
test_09293,0.00018
test_09294,0.00000
test_09295,0.00000
test_09296,0.00000
test_09297,0.41761
test_09298,0.00004
test_09299,0.00000
test_09300,0.00000
test_09301,0.00000
test_09302,0.00289
test_09303,0.04056
test_09304,0.86106
test_09305,0.99937
test_09306,0.00000
test_09307,0.02028
test_09308,0.00000
test_09309,1.00000
test_09310,1.00000
test_09311,0.00013
test_09312,0.97512
test_09313,0.00019
test_09314,0.00032
test_09315,0.00000
test_09316,0.79863
test_09317,1.00000
test_09318,0.99993
test_09319,1.00000
test_09320,0.77868
test_09321,0.99816
test_09322,0.98277
test_09323,1.00000
test_09324,0.98571
test_09325,1.00000
test_09326,0.04254
test_09327,0.00002
test_09328,0.66577
test_09329,0.00026
test_09330,0.00000
test_09331,1.00000
test_09332,0.00000
test_09333,0.88940
test_09334,1.00000
test_09335,0.00000
test_09336,0.00000
test_09337,0.99531
test_09338,0.03998
test_09339,0.00000
test_09340,0.23441
test_09341,0.00000
test_09342,0.13936
test_09343,0.00000
test_09344,1.00000
test_09345,1.00000
test_09346,0.99996
test_09347,0.00000
test_09348,0.61165
test_09349,0.00000
test_09350,1.00000
test_09351,1.00000
test_09352,0.00006
test_09353,0.00000
test_09354,1.00000
test_09355,1.00000
test_09356,1.00000
test_09357,0.99977
test_09358,0.00000
test_09359,0.00000
test_09360,0.59149
test_09361,0.00123
test_09362,0.00000
test_09363,0.72608
test_09364,0.00000
test_09365,0.00000
test_09366,1.00000
test_09367,0.73304
test_09368,0.00003
test_09369,0.00000
test_09370,0.00000
test_09371,0.00003
test_09372,1.00000
test_09373,0.00000
test_09374,1.00000
test_09375,0.00000
test_09376,0.00004
test_09377,0.15271
test_09378,0.99910
test_09379,1.00000
test_09380,0.00001
test_09381,1.00000
test_09382,1.00000
test_09383,1.00000
test_09384,0.00001
test_09385,1.00000
test_09386,0.99998
test_09387,1.00000
test_09388,0.97858
test_09389,0.07784
test_09390,0.99914
test_09391,0.00000
test_09392,0.00000
test_09393,0.11166
test_09394,0.99991
test_09395,0.00093
test_09396,0.99996
test_09397,0.00004
test_09398,1.00000
test_09399,0.00003
test_09400,0.99960
test_09401,0.84415
test_09402,0.99871
test_09403,0.00000
test_09404,1.00000
test_09405,0.00001
test_09406,1.00000
test_09407,0.98820
test_09408,0.00085
test_09409,0.00003
test_09410,0.99999
test_09411,1.00000
test_09412,1.00000
test_09413,0.99999
test_09414,0.00000
test_09415,1.00000
test_09416,1.00000
test_09417,0.00000
test_09418,1.00000
test_09419,0.00000
test_09420,1.00000
test_09421,0.00000
test_09422,0.00000
test_09423,0.00000
test_09424,0.99975
test_09425,0.00000
test_09426,0.93885
test_09427,0.00000
test_09428,0.00157
test_09429,0.99956
test_09430,1.00000
test_09431,0.99999
test_09432,0.00000
test_09433,0.99063
test_09434,1.00000
test_09435,0.99851
test_09436,0.06116
test_09437,0.00004
test_09438,0.99815
test_09439,0.00005
test_09440,0.99961
test_09441,0.00000
test_09442,0.00000
test_09443,1.00000
test_09444,1.00000
test_09445,0.01684
test_09446,0.14828
test_09447,0.97870
test_09448,0.58980
test_09449,0.99998
test_09450,1.00000
test_09451,0.00000
test_09452,1.00000
test_09453,1.00000
test_09454,0.86241
test_09455,1.00000
test_09456,1.00000
test_09457,0.00000
test_09458,0.00000
test_09459,1.00000
test_09460,0.99999
test_09461,0.92512
test_09462,0.00122
test_09463,0.00000
test_09464,0.99822
test_09465,1.00000
test_09466,0.00000
test_09467,1.00000
test_09468,0.00009
test_09469,0.00000
test_09470,1.00000
test_09471,0.46059
test_09472,1.00000
test_09473,0.00000
test_09474,0.00015
test_09475,1.00000
test_09476,1.00000
test_09477,0.01009
test_09478,0.00000
test_09479,1.00000
test_09480,0.00000
test_09481,0.00000
test_09482,0.00000
test_09483,1.00000
test_09484,0.00005
test_09485,0.00065
test_09486,1.00000
test_09487,1.00000
test_09488,0.00000
test_09489,1.00000
test_09490,0.00000
test_09491,0.00000
test_09492,0.99604
test_09493,0.00103
test_09494,0.00056
test_09495,0.00000
test_09496,0.00001
test_09497,0.00000
test_09498,1.00000
test_09499,0.00352
test_09500,1.00000
test_09501,1.00000
test_09502,0.00001
test_09503,0.99994
test_09504,0.62813
test_09505,1.00000
test_09506,0.91439
test_09507,1.00000
test_09508,1.00000
test_09509,0.00000
test_09510,0.28914
test_09511,0.00000
test_09512,0.00000
test_09513,0.30826
test_09514,1.00000
test_09515,0.00076
test_09516,0.34049
test_09517,1.00000
test_09518,0.00007
test_09519,1.00000
test_09520,0.18887
test_09521,1.00000
test_09522,0.99819
test_09523,0.00000
test_09524,1.00000
test_09525,1.00000
test_09526,1.00000
test_09527,0.00001
test_09528,0.00000
test_09529,1.00000
test_09530,0.00650
test_09531,0.00000
test_09532,0.00000
test_09533,0.99984
test_09534,1.00000
test_09535,0.00425
test_09536,0.00000
test_09537,1.00000
test_09538,0.00000
test_09539,1.00000
test_09540,0.00589
test_09541,0.00000
test_09542,0.00000
test_09543,1.00000
test_09544,0.99985
test_09545,1.00000
test_09546,0.00000
test_09547,0.00000
test_09548,0.00000
test_09549,0.99997
test_09550,0.00000
test_09551,0.03456
test_09552,0.96429
test_09553,0.00000
test_09554,0.00000
test_09555,0.00000
test_09556,0.12013
test_09557,0.00000
test_09558,0.86822
test_09559,1.00000
test_09560,0.63370
test_09561,0.00000
test_09562,1.00000
test_09563,0.00001
test_09564,1.00000
test_09565,1.00000
test_09566,0.00001
test_09567,1.00000
test_09568,1.00000
test_09569,0.00001
test_09570,0.00000
test_09571,0.01602
test_09572,0.00023
test_09573,0.97410
test_09574,1.00000
test_09575,0.40107
test_09576,0.00001
test_09577,0.00000
test_09578,0.00000
test_09579,0.99039
test_09580,0.00000
test_09581,1.00000
test_09582,1.00000
test_09583,0.02054
test_09584,1.00000
test_09585,0.67623
test_09586,0.45702
test_09587,0.00000
test_09588,1.00000
test_09589,1.00000
test_09590,1.00000
test_09591,1.00000
test_09592,0.99053
test_09593,0.00000
test_09594,1.00000
test_09595,0.87491
test_09596,1.00000
test_09597,1.00000
test_09598,0.81492
test_09599,0.00003
test_09600,0.00000
test_09601,1.00000
test_09602,0.01800
test_09603,0.00000
test_09604,0.00002
test_09605,0.99986
test_09606,0.12105
test_09607,0.00144
test_09608,0.00043
test_09609,0.99410
test_09610,1.00000
test_09611,0.05632
test_09612,1.00000
test_09613,0.01268
test_09614,0.00032
test_09615,0.00001
test_09616,0.00002
test_09617,0.99939
test_09618,0.06438
test_09619,0.00003
test_09620,0.99977
test_09621,1.00000
test_09622,0.00000
test_09623,0.99999
test_09624,0.00001
test_09625,0.99995
test_09626,0.99996
test_09627,0.00000
test_09628,0.00016
test_09629,0.99991
test_09630,1.00000
test_09631,0.00000
test_09632,0.01132
test_09633,1.00000
test_09634,0.99998
test_09635,0.99889
test_09636,0.00000
test_09637,0.76158
test_09638,0.00040
test_09639,0.99999
test_09640,0.00018
test_09641,0.00000
test_09642,0.99999
test_09643,0.99894
test_09644,0.00000
test_09645,0.00004
test_09646,0.00000
test_09647,0.00509
test_09648,0.01430
test_09649,0.00000
test_09650,0.00000
test_09651,0.25745
test_09652,0.55257
test_09653,0.99965
test_09654,0.00000
test_09655,1.00000
test_09656,1.00000
test_09657,0.00000
test_09658,0.00000
test_09659,1.00000
test_09660,1.00000
test_09661,1.00000
test_09662,0.10898
test_09663,1.00000
test_09664,0.99991
test_09665,0.00000
test_09666,0.99240
test_09667,0.00000
test_09668,0.00000
test_09669,0.08407
test_09670,0.00000
test_09671,0.00000
test_09672,1.00000
test_09673,0.00000
test_09674,0.00000
test_09675,0.00000
test_09676,1.00000
test_09677,0.00106
test_09678,1.00000
test_09679,0.00001
test_09680,0.98202
test_09681,0.99413
test_09682,0.00002
test_09683,0.00128
test_09684,0.99781
test_09685,0.35029
test_09686,0.00000
test_09687,0.00000
test_09688,0.01899
test_09689,0.00004
test_09690,1.00000
test_09691,1.00000
test_09692,0.51547
test_09693,0.00363
test_09694,0.99998
test_09695,0.00000
test_09696,0.00193
test_09697,1.00000
test_09698,1.00000
test_09699,0.38294
test_09700,0.99604
test_09701,0.00013
test_09702,1.00000
test_09703,1.00000
test_09704,0.86539
test_09705,1.00000
test_09706,0.95342
test_09707,0.98886
test_09708,0.00547
test_09709,0.99960
test_09710,0.00017
test_09711,0.00000
test_09712,0.00000
test_09713,1.00000
test_09714,0.92599
test_09715,0.00000
test_09716,0.65753
test_09717,0.99999
test_09718,1.00000
test_09719,0.00000
test_09720,0.21550
test_09721,0.00774
test_09722,0.00000
test_09723,0.44383
test_09724,0.88958
test_09725,1.00000
test_09726,0.15029
test_09727,1.00000
test_09728,0.00000
test_09729,0.00680
test_09730,1.00000
test_09731,0.00000
test_09732,0.14918
test_09733,0.00071
test_09734,0.00000
test_09735,0.00003
test_09736,0.00000
test_09737,1.00000
test_09738,0.00000
test_09739,0.30771
test_09740,0.00000
test_09741,0.00803
test_09742,0.00000
test_09743,0.99997
test_09744,1.00000
test_09745,0.99910
test_09746,1.00000
test_09747,1.00000
test_09748,0.28544
test_09749,1.00000
test_09750,1.00000
test_09751,0.98838
test_09752,0.95857
test_09753,1.00000
test_09754,0.00000
test_09755,0.00659
test_09756,0.59909
test_09757,0.30166
test_09758,0.87806
test_09759,1.00000
test_09760,0.00000
test_09761,0.00057
test_09762,0.00000
test_09763,0.99995
test_09764,0.00005
test_09765,0.00000
test_09766,0.00133
test_09767,0.00000
test_09768,0.96697
test_09769,0.00000
test_09770,0.00000
test_09771,0.10332
test_09772,1.00000
test_09773,1.00000
test_09774,0.00000
test_09775,0.00000
test_09776,0.94175
test_09777,0.99985
test_09778,0.00001
test_09779,1.00000
test_09780,0.00000
test_09781,0.00000
test_09782,1.00000
test_09783,1.00000
test_09784,0.00416
test_09785,0.99984
test_09786,0.00000
test_09787,0.99242
test_09788,0.34308
test_09789,0.20008
test_09790,0.00024
test_09791,0.98238
test_09792,0.00051
test_09793,0.99949
test_09794,0.00000
test_09795,0.00044
test_09796,0.00000
test_09797,0.00402
test_09798,1.00000
test_09799,1.00000
test_09800,0.99991
test_09801,0.00005
test_09802,0.99990
test_09803,1.00000
test_09804,1.00000
test_09805,1.00000
test_09806,1.00000
test_09807,1.00000
test_09808,1.00000
test_09809,0.00355
test_09810,1.00000
test_09811,0.00051
test_09812,0.09910
test_09813,0.00000
test_09814,1.00000
test_09815,0.00000
test_09816,0.00055
test_09817,0.00094
test_09818,1.00000
test_09819,0.99994
test_09820,0.99999
test_09821,0.00001
test_09822,1.00000
test_09823,0.99985
test_09824,1.00000
test_09825,0.99886
test_09826,1.00000
test_09827,1.00000
test_09828,1.00000
test_09829,0.93634
test_09830,1.00000
test_09831,1.00000
test_09832,1.00000
test_09833,1.00000
test_09834,0.99999
test_09835,0.00000
test_09836,1.00000
test_09837,1.00000
test_09838,1.00000
test_09839,1.00000
test_09840,0.15920
test_09841,1.00000
test_09842,0.00262
test_09843,0.00000
test_09844,0.00002
test_09845,1.00000
test_09846,0.99992
test_09847,0.00000
test_09848,0.00727
test_09849,1.00000
test_09850,1.00000
test_09851,0.99948
test_09852,0.99955
test_09853,0.99994
test_09854,0.99604
test_09855,0.00000
test_09856,0.00000
test_09857,1.00000
test_09858,0.26911
test_09859,0.00000
test_09860,0.00000
test_09861,1.00000
test_09862,0.48218
test_09863,0.99998
test_09864,0.99999
test_09865,0.00002
test_09866,0.00373
test_09867,0.00000
test_09868,1.00000
test_09869,1.00000
test_09870,0.00000
test_09871,0.00032
test_09872,0.43565
test_09873,1.00000
test_09874,0.00000
test_09875,1.00000
test_09876,1.00000
test_09877,0.00005
test_09878,0.00000
test_09879,0.00000
test_09880,0.00000
test_09881,1.00000
test_09882,0.00000
test_09883,0.00218
test_09884,0.99986
test_09885,1.00000
test_09886,0.99714
test_09887,0.00151
test_09888,0.00000
test_09889,1.00000
test_09890,0.00000
test_09891,0.00000
test_09892,0.99998
test_09893,0.00000
test_09894,0.94676
test_09895,0.00001
test_09896,0.00000
test_09897,1.00000
test_09898,0.99999
test_09899,0.99976
test_09900,0.00000
test_09901,0.00000
test_09902,1.00000
test_09903,0.00000
test_09904,0.00000
test_09905,1.00000
test_09906,1.00000
test_09907,1.00000
test_09908,0.00000
test_09909,0.00035
test_09910,0.00000
test_09911,0.99999
test_09912,0.00002
test_09913,0.00052
test_09914,0.00003
test_09915,0.00000
test_09916,1.00000
test_09917,0.00000
test_09918,0.00787
test_09919,0.00000
test_09920,0.00000
test_09921,1.00000
test_09922,0.00000
test_09923,0.32771
test_09924,0.99284
test_09925,1.00000
test_09926,1.00000
test_09927,0.00001
test_09928,0.00000
test_09929,0.99998
test_09930,1.00000
test_09931,0.00089
test_09932,0.99994
test_09933,0.01713
test_09934,0.00000
test_09935,0.00001
test_09936,1.00000
test_09937,0.99998
test_09938,0.99999
test_09939,0.35922
test_09940,0.70986
test_09941,1.00000
test_09942,0.00071
test_09943,1.00000
test_09944,1.00000
test_09945,1.00000
test_09946,0.00000
test_09947,1.00000
test_09948,0.99759
test_09949,0.00005
test_09950,0.00000
test_09951,1.00000
test_09952,0.00000
test_09953,0.00003
test_09954,0.00073
test_09955,0.00000
test_09956,1.00000
test_09957,0.00000
test_09958,0.45560
test_09959,0.59622
test_09960,1.00000
test_09961,0.00001
test_09962,1.00000
test_09963,1.00000
test_09964,0.00015
test_09965,0.00000
test_09966,1.00000
test_09967,0.00000
test_09968,0.00341
test_09969,0.17296
test_09970,0.00000
test_09971,0.00000
test_09972,1.00000
test_09973,0.58583
test_09974,1.00000
test_09975,0.00000
test_09976,1.00000
test_09977,0.00000
test_09978,0.99857
test_09979,1.00000
test_09980,0.07363
test_09981,0.69670
test_09982,1.00000
test_09983,1.00000
test_09984,0.00000
test_09985,0.00000
test_09986,1.00000
test_09987,0.00000
test_09988,1.00000
test_09989,1.00000
test_09990,0.00001
test_09991,1.00000
test_09992,0.00000
test_09993,0.00000
test_09994,1.00000
test_09995,1.00000
test_09996,1.00000
test_09997,1.00000
test_09998,0.00030
test_09999,1.00000
test_10000,0.99705
test_10001,1.00000
test_10002,1.00000
test_10003,1.00000
test_10004,1.00000
test_10005,0.00000
test_10006,0.99847
test_10007,1.00000
test_10008,0.90257
test_10009,0.00000
test_10010,1.00000
test_10011,0.99309
test_10012,0.00007
test_10013,0.00000
test_10014,0.00000
test_10015,0.00007
test_10016,0.99962
test_10017,0.99342
test_10018,1.00000
test_10019,0.00000
test_10020,0.00000
test_10021,0.00000
test_10022,0.00000
test_10023,0.00000
test_10024,1.00000
test_10025,0.00000
test_10026,0.93127
test_10027,0.00000
test_10028,0.00000
test_10029,0.99999
test_10030,0.98978
test_10031,0.02001
test_10032,0.00009
test_10033,0.00010
test_10034,0.55815
test_10035,0.42675
test_10036,0.00002
test_10037,1.00000
test_10038,1.00000
test_10039,0.00000
test_10040,0.97445
test_10041,0.76675
test_10042,0.00000
test_10043,0.99989
test_10044,0.99998
test_10045,0.00001
test_10046,1.00000
test_10047,0.00000
test_10048,0.01878
test_10049,1.00000
test_10050,1.00000
test_10051,0.83011
test_10052,0.95694
test_10053,0.00000
test_10054,0.99997
test_10055,0.00000
test_10056,1.00000
test_10057,1.00000
test_10058,0.83720
test_10059,0.99998
test_10060,0.10918
test_10061,0.00616
test_10062,0.00000
test_10063,1.00000
test_10064,0.00000
test_10065,0.00002
test_10066,1.00000
test_10067,0.99944
test_10068,1.00000
test_10069,0.00000
test_10070,0.00001
test_10071,0.99999
test_10072,0.00000
test_10073,0.57947
test_10074,0.00000
test_10075,1.00000
test_10076,0.00000
test_10077,1.00000
test_10078,0.00000
test_10079,1.00000
test_10080,0.00000
test_10081,0.00095
test_10082,1.00000
test_10083,1.00000
test_10084,0.99999
test_10085,0.00000
test_10086,0.99993
test_10087,0.99999
test_10088,0.04107
test_10089,0.00003
test_10090,0.97505
test_10091,1.00000
test_10092,1.00000
test_10093,1.00000
test_10094,0.00000
test_10095,0.99724
test_10096,0.00001
test_10097,1.00000
test_10098,0.00335
test_10099,0.00773
test_10100,1.00000
test_10101,0.99998
test_10102,0.00000
test_10103,0.00008
test_10104,1.00000
test_10105,1.00000
test_10106,0.00000
test_10107,0.00003
test_10108,1.00000
test_10109,0.00000
test_10110,0.00000
test_10111,0.05257
test_10112,0.00001
test_10113,1.00000
test_10114,0.99951
test_10115,0.00000
test_10116,0.00000
test_10117,0.00248
test_10118,1.00000
test_10119,1.00000
test_10120,0.00292
test_10121,0.99997
test_10122,0.00000
test_10123,0.00254
test_10124,0.99975
test_10125,0.00806
test_10126,0.00000
test_10127,0.00000
test_10128,0.03968
test_10129,0.99933
test_10130,0.00080
test_10131,0.00000
test_10132,0.00249
test_10133,0.00001
test_10134,0.00012
test_10135,0.00009
test_10136,0.00710
test_10137,0.00001
test_10138,1.00000
test_10139,0.41165
test_10140,0.00000
test_10141,0.00000
test_10142,0.00000
test_10143,0.41946
test_10144,0.25697
test_10145,0.00000
test_10146,0.02192
test_10147,0.99998
test_10148,1.00000
test_10149,0.00002
test_10150,0.99999
test_10151,0.00000
test_10152,0.00000
test_10153,1.00000
test_10154,1.00000
test_10155,0.00003
test_10156,1.00000
test_10157,0.19316
test_10158,0.00000
test_10159,0.00000
test_10160,0.00270
test_10161,0.99965
test_10162,0.99770
test_10163,1.00000
test_10164,0.00000
test_10165,0.00000
test_10166,1.00000
test_10167,1.00000
test_10168,1.00000
test_10169,1.00000
test_10170,0.00000
test_10171,0.00000
test_10172,0.00000
test_10173,1.00000
test_10174,1.00000
test_10175,0.65233
test_10176,0.00000
test_10177,0.00000
test_10178,0.00000
test_10179,0.00000
test_10180,0.49594
test_10181,0.00000
test_10182,0.99998
test_10183,0.00000
test_10184,0.00000
test_10185,1.00000
test_10186,0.00000
test_10187,1.00000
test_10188,1.00000
test_10189,0.99365
test_10190,1.00000
test_10191,1.00000
test_10192,0.00000
test_10193,0.01153
test_10194,0.33873
test_10195,0.98337
test_10196,0.00002
test_10197,0.99989
test_10198,0.00000
test_10199,0.00000
test_10200,0.02528
test_10201,0.00000
test_10202,0.99969
test_10203,0.99995
test_10204,0.00000
test_10205,0.78450
test_10206,0.00144
test_10207,0.00000
test_10208,1.00000
test_10209,1.00000
test_10210,0.99035
test_10211,0.00381
test_10212,1.00000
test_10213,0.00007
test_10214,0.99999
test_10215,0.02429
test_10216,0.61481
test_10217,0.99997
test_10218,0.98834
test_10219,0.45942
test_10220,0.10971
test_10221,0.00673
test_10222,1.00000
test_10223,0.03092
test_10224,0.51399
test_10225,0.00476
test_10226,0.00000
test_10227,0.00000
test_10228,0.00785
test_10229,0.44923
test_10230,0.00045
test_10231,0.99999
test_10232,0.99985
test_10233,1.00000
test_10234,0.00000
test_10235,0.07209
test_10236,0.84542
test_10237,0.99959
test_10238,0.00008
test_10239,0.38609
test_10240,1.00000
test_10241,0.00001
test_10242,1.00000
test_10243,1.00000
test_10244,0.02261
test_10245,0.52971
test_10246,0.99998
test_10247,0.99656
test_10248,0.99694
test_10249,0.00013
test_10250,0.89313
test_10251,1.00000
test_10252,0.00000
test_10253,0.39829
test_10254,0.00000
test_10255,0.00000
test_10256,1.00000
test_10257,0.00000
test_10258,0.99998
test_10259,0.00105
test_10260,0.99999
test_10261,1.00000
test_10262,0.00036
test_10263,1.00000
test_10264,0.99993
test_10265,0.00000
test_10266,0.00013
test_10267,1.00000
test_10268,1.00000
test_10269,0.00000
test_10270,0.00000
test_10271,0.00000
test_10272,0.00000
test_10273,0.00014
test_10274,0.99873
test_10275,1.00000
test_10276,1.00000
test_10277,1.00000
test_10278,0.77223
test_10279,0.48194
test_10280,0.68569
test_10281,0.00000
test_10282,0.00001
test_10283,0.00000
test_10284,1.00000
test_10285,0.97496
test_10286,0.16130
test_10287,0.00004
test_10288,1.00000
test_10289,0.95111
test_10290,0.99999
test_10291,0.85369
test_10292,0.71418
test_10293,1.00000
test_10294,0.84790
test_10295,0.99920
test_10296,1.00000
test_10297,0.31081
test_10298,0.00000
test_10299,0.00000
test_10300,0.00000
test_10301,0.43908
test_10302,1.00000
test_10303,1.00000
test_10304,1.00000
test_10305,1.00000
test_10306,0.00000
test_10307,0.00000
test_10308,0.00000
test_10309,1.00000
test_10310,0.00113
test_10311,0.00007
test_10312,0.00001
test_10313,0.00000
test_10314,1.00000
test_10315,0.00008
test_10316,1.00000
test_10317,0.00000
test_10318,1.00000
test_10319,0.96561
test_10320,1.00000
test_10321,1.00000
test_10322,0.00000
test_10323,0.00001
test_10324,0.00000
test_10325,1.00000
test_10326,0.99925
test_10327,1.00000
test_10328,0.00010
test_10329,1.00000
test_10330,0.00000
test_10331,0.99787
test_10332,1.00000
test_10333,1.00000
test_10334,0.00396
test_10335,0.00000
test_10336,1.00000
test_10337,0.00024
test_10338,1.00000
test_10339,0.36184
test_10340,1.00000
test_10341,0.00000
test_10342,0.99984
test_10343,0.99997
test_10344,0.99806
test_10345,0.00032
test_10346,1.00000
test_10347,0.99950
test_10348,1.00000
test_10349,0.00541
test_10350,0.00376
test_10351,0.00000
test_10352,0.00000
test_10353,0.00000
test_10354,1.00000
test_10355,0.17985
test_10356,0.00000
test_10357,0.00000
test_10358,1.00000
test_10359,0.00001
test_10360,0.00007
test_10361,1.00000
test_10362,1.00000
test_10363,0.24658
test_10364,1.00000
test_10365,0.00000
test_10366,0.00006
test_10367,0.00024
test_10368,0.00023
test_10369,0.99475
test_10370,0.99905
test_10371,1.00000
test_10372,0.00001
test_10373,0.72346
test_10374,0.00000
test_10375,1.00000
test_10376,0.99995
test_10377,0.00000
test_10378,0.00000
test_10379,0.04435
test_10380,0.99999
test_10381,0.99872
test_10382,1.00000
test_10383,0.99983
test_10384,0.00000
test_10385,0.00018
test_10386,1.00000
test_10387,1.00000
test_10388,0.00000
test_10389,0.00000
test_10390,0.00000
test_10391,0.00000
test_10392,0.00011
test_10393,0.00000
test_10394,0.00004
test_10395,0.98862
test_10396,0.00000
test_10397,0.00000
test_10398,0.99998
test_10399,0.00000
test_10400,1.00000
test_10401,0.00004
test_10402,0.00011
test_10403,0.00000
test_10404,0.00437
test_10405,0.99981
test_10406,1.00000
test_10407,0.99996
test_10408,1.00000
test_10409,0.00000
test_10410,0.00000
test_10411,0.55679
test_10412,0.00000
test_10413,0.00024
test_10414,0.00000
test_10415,1.00000
test_10416,0.06573
test_10417,0.99969
test_10418,0.37843
test_10419,1.00000
test_10420,0.99997
test_10421,0.99995
test_10422,0.00000
test_10423,1.00000
test_10424,1.00000
test_10425,0.87674
test_10426,1.00000
test_10427,1.00000
test_10428,0.54525
test_10429,0.00037
test_10430,0.00000
test_10431,0.00107
test_10432,0.00000
test_10433,1.00000
test_10434,1.00000
test_10435,0.00000
test_10436,0.00000
test_10437,0.00000
test_10438,1.00000
test_10439,0.00000
test_10440,0.00000
test_10441,0.01366
test_10442,0.00000
test_10443,1.00000
test_10444,0.79983
test_10445,0.16501
test_10446,1.00000
test_10447,1.00000
test_10448,0.00002
test_10449,0.99920
test_10450,1.00000
test_10451,1.00000
test_10452,0.99581
test_10453,0.97695
test_10454,0.00566
test_10455,0.00000
test_10456,0.00000
test_10457,1.00000
test_10458,0.00002
test_10459,0.99855
test_10460,0.99772
test_10461,0.99729
test_10462,0.07531
test_10463,0.00000
test_10464,0.03689
test_10465,0.00000
test_10466,1.00000
test_10467,1.00000
test_10468,0.99997
test_10469,0.01662
test_10470,1.00000
test_10471,0.17624
test_10472,1.00000
test_10473,1.00000
test_10474,1.00000
test_10475,0.99964
test_10476,0.00000
test_10477,0.99997
test_10478,0.00000
test_10479,1.00000
test_10480,0.99994
test_10481,0.00042
test_10482,0.12260
test_10483,0.76571
test_10484,0.99999
test_10485,0.00004
test_10486,0.00000
test_10487,1.00000
test_10488,0.00000
test_10489,0.00000
test_10490,1.00000
test_10491,0.00000
test_10492,0.00000
test_10493,1.00000
test_10494,0.00031
test_10495,1.00000
test_10496,0.00004
test_10497,0.00000
test_10498,0.00000
test_10499,0.93175
test_10500,1.00000
test_10501,0.00000
test_10502,0.00001
test_10503,0.47248
test_10504,0.04326
test_10505,0.99482
test_10506,0.99995
test_10507,0.01304
test_10508,1.00000
test_10509,0.98910
test_10510,0.98570
test_10511,0.00000
test_10512,0.00000
test_10513,1.00000
test_10514,1.00000
test_10515,0.00000
test_10516,0.99994
test_10517,1.00000
test_10518,0.89655
test_10519,0.00000
test_10520,1.00000
test_10521,1.00000
test_10522,0.73390
test_10523,1.00000
test_10524,1.00000
test_10525,0.98602
test_10526,1.00000
test_10527,1.00000
test_10528,1.00000
test_10529,1.00000
test_10530,0.00623
test_10531,1.00000
test_10532,0.00001
test_10533,1.00000
test_10534,0.00000
test_10535,0.00000
test_10536,1.00000
test_10537,0.99962
test_10538,0.00000
test_10539,1.00000
test_10540,0.00000
test_10541,0.00005
test_10542,1.00000
test_10543,1.00000
test_10544,0.00000
test_10545,0.00994
test_10546,1.00000
test_10547,1.00000
test_10548,0.00000
test_10549,0.00021
test_10550,1.00000
test_10551,0.00000
test_10552,0.99999
test_10553,0.00000
test_10554,1.00000
test_10555,1.00000
test_10556,0.00000
test_10557,0.99926
test_10558,0.00000
test_10559,0.99550
test_10560,1.00000
test_10561,0.11879
test_10562,0.57082
test_10563,1.00000
test_10564,1.00000
test_10565,0.81416
test_10566,1.00000
test_10567,0.00057
test_10568,1.00000
test_10569,0.00000
test_10570,0.04418
test_10571,1.00000
test_10572,1.00000
test_10573,1.00000
test_10574,0.53753
test_10575,1.00000
test_10576,0.73385
test_10577,0.99975
test_10578,0.00001
test_10579,0.00000
test_10580,0.80960
test_10581,0.00000
test_10582,1.00000
test_10583,0.00000
test_10584,0.99628
test_10585,0.00000
test_10586,0.00000
test_10587,0.00001
test_10588,0.00000
test_10589,0.00000
test_10590,0.00192
test_10591,0.00000
test_10592,0.00000
test_10593,1.00000
test_10594,0.99998
test_10595,0.00000
test_10596,1.00000
test_10597,0.00000
test_10598,1.00000
test_10599,0.99946
test_10600,0.00000
test_10601,0.00000
test_10602,1.00000
test_10603,1.00000
test_10604,1.00000
test_10605,1.00000
test_10606,0.99989
test_10607,0.99996
test_10608,0.00718
test_10609,1.00000
test_10610,0.00007
test_10611,0.15170
test_10612,0.00000
test_10613,0.00000
test_10614,0.00165
test_10615,1.00000
test_10616,1.00000
test_10617,0.98349
test_10618,1.00000
test_10619,1.00000
test_10620,1.00000
test_10621,0.99995
test_10622,1.00000
test_10623,0.00000
test_10624,1.00000
test_10625,0.99835
test_10626,0.00000
test_10627,0.42480
test_10628,1.00000
test_10629,0.61637
test_10630,1.00000
test_10631,0.42024
test_10632,1.00000
test_10633,1.00000
test_10634,1.00000
test_10635,0.00000
test_10636,1.00000
test_10637,1.00000
test_10638,0.00000
test_10639,1.00000
test_10640,0.00000
test_10641,1.00000
test_10642,0.99604
test_10643,0.99991
test_10644,0.06816
test_10645,0.03729
test_10646,0.00001
test_10647,0.00000
test_10648,1.00000
test_10649,1.00000
test_10650,0.59555
test_10651,0.99017
test_10652,0.01519
test_10653,1.00000
test_10654,0.00019
test_10655,0.00000
test_10656,0.99992
test_10657,0.00001
test_10658,0.99993
test_10659,0.00000
test_10660,0.94247
test_10661,0.99997
test_10662,0.00000
test_10663,0.00000
test_10664,1.00000
test_10665,1.00000
test_10666,0.99937
test_10667,0.00000
test_10668,1.00000
test_10669,0.56109
test_10670,0.00000
test_10671,0.96545
test_10672,0.00000
test_10673,0.00005
test_10674,0.01587
test_10675,0.00000
test_10676,1.00000
test_10677,1.00000
test_10678,1.00000
test_10679,0.99997
test_10680,0.00033
test_10681,1.00000
test_10682,1.00000
test_10683,0.00000
test_10684,0.00000
test_10685,0.00153
test_10686,1.00000
test_10687,0.00000
test_10688,0.00008
test_10689,0.00000
test_10690,0.06713
test_10691,0.23675
test_10692,0.99991
test_10693,0.00000
test_10694,0.99993
test_10695,0.99999
test_10696,0.78141
test_10697,0.00000
test_10698,0.36048
test_10699,1.00000
test_10700,0.00000
test_10701,1.00000
test_10702,0.00000
test_10703,0.00095
test_10704,0.93199
test_10705,1.00000
test_10706,0.00000
test_10707,0.99999
test_10708,1.00000
test_10709,1.00000
test_10710,1.00000
test_10711,1.00000
test_10712,1.00000
test_10713,0.00000
test_10714,1.00000
test_10715,0.00005
test_10716,0.69864
test_10717,0.97569
test_10718,0.00008
test_10719,0.99996
test_10720,1.00000
test_10721,0.00000
test_10722,1.00000
test_10723,0.00001
test_10724,0.00002
test_10725,0.00000
test_10726,1.00000
test_10727,0.00000
test_10728,0.00000
test_10729,0.00000
test_10730,0.81781
test_10731,0.00000
test_10732,0.99099
test_10733,0.00000
test_10734,0.00003
test_10735,1.00000
test_10736,0.00000
test_10737,0.00000
test_10738,1.00000
test_10739,0.99997
test_10740,1.00000
test_10741,1.00000
test_10742,0.00000
test_10743,1.00000
test_10744,0.00000
test_10745,0.00000
test_10746,0.00064
test_10747,1.00000
test_10748,0.99924
test_10749,1.00000
test_10750,0.99938
test_10751,0.00000
test_10752,0.99979
test_10753,1.00000
test_10754,1.00000
test_10755,0.00000
test_10756,0.86350
test_10757,0.00649
test_10758,0.00000
test_10759,1.00000
test_10760,0.00000
test_10761,0.00000
test_10762,1.00000
test_10763,0.99999
test_10764,1.00000
test_10765,0.96665
test_10766,1.00000
test_10767,0.25651
test_10768,1.00000
test_10769,0.00000
test_10770,0.00000
test_10771,0.99778
test_10772,0.00000
test_10773,1.00000
test_10774,0.66805
test_10775,0.00059
test_10776,0.01181
test_10777,0.00000
test_10778,0.99996
test_10779,1.00000
test_10780,0.99999
test_10781,1.00000
test_10782,0.00302
test_10783,0.00000
test_10784,0.00001
test_10785,1.00000
test_10786,1.00000
test_10787,1.00000
test_10788,0.00048
test_10789,0.00000
test_10790,0.02915
test_10791,0.05880
test_10792,0.99978
test_10793,0.78539
test_10794,0.99987
test_10795,0.00000
test_10796,1.00000
test_10797,0.87476
test_10798,1.00000
test_10799,0.00000
test_10800,1.00000
test_10801,0.00000
test_10802,0.00068
test_10803,1.00000
test_10804,0.99679
test_10805,0.00000
test_10806,1.00000
test_10807,1.00000
test_10808,1.00000
test_10809,1.00000
test_10810,0.99970
test_10811,0.00477
test_10812,0.02174
test_10813,0.00000
test_10814,0.00000
test_10815,1.00000
test_10816,0.00167
test_10817,1.00000
test_10818,1.00000
test_10819,0.99996
test_10820,0.00000
test_10821,0.00000
test_10822,0.99999
test_10823,0.64413
test_10824,0.00000
test_10825,0.99979
test_10826,1.00000
test_10827,0.99998
test_10828,1.00000
test_10829,0.00006
test_10830,1.00000
test_10831,0.91221
test_10832,0.47609
test_10833,1.00000
test_10834,0.99996
test_10835,0.00001
test_10836,0.00000
test_10837,0.61972
test_10838,0.00000
test_10839,0.00000
test_10840,1.00000
test_10841,0.00000
test_10842,0.99843
test_10843,0.00000
test_10844,0.00004
test_10845,0.00000
test_10846,1.00000
test_10847,0.00024
test_10848,0.00000
test_10849,0.00000
test_10850,0.00000
test_10851,0.00000
test_10852,0.00250
test_10853,0.71096
test_10854,0.96934
test_10855,0.00000
test_10856,0.00940
test_10857,1.00000
test_10858,0.00000
test_10859,0.99999
test_10860,0.00000
test_10861,0.02811
test_10862,1.00000
test_10863,1.00000
test_10864,0.00000
test_10865,0.99953
test_10866,1.00000
test_10867,0.99996
test_10868,0.00000
test_10869,0.00000
test_10870,0.00005
test_10871,0.00000
test_10872,1.00000
test_10873,1.00000
test_10874,0.11994
test_10875,0.11365
test_10876,0.00000
test_10877,1.00000
test_10878,1.00000
test_10879,0.00000
test_10880,0.43330
test_10881,0.00000
test_10882,0.00000
test_10883,0.91695
test_10884,1.00000
test_10885,0.98360
test_10886,0.73405
test_10887,1.00000
test_10888,1.00000
test_10889,0.02215
test_10890,0.00002
test_10891,0.00005
test_10892,1.00000
test_10893,0.00000
test_10894,0.00000
test_10895,0.99976
test_10896,0.00000
test_10897,0.00000
test_10898,0.33110
test_10899,0.53696
test_10900,0.00239
test_10901,1.00000
test_10902,0.99999
test_10903,1.00000
test_10904,1.00000
test_10905,1.00000
test_10906,1.00000
test_10907,0.00003
test_10908,0.95903
test_10909,1.00000
test_10910,0.00000
test_10911,0.00000
test_10912,1.00000
test_10913,0.00000
test_10914,1.00000
test_10915,0.01346
test_10916,0.00835
test_10917,0.91209
test_10918,0.00004
test_10919,0.01275
test_10920,1.00000
test_10921,0.02985
test_10922,1.00000
test_10923,0.99999
test_10924,0.99977
test_10925,0.99978
test_10926,0.00000
test_10927,0.99998
test_10928,0.00000
test_10929,0.00000
test_10930,1.00000
test_10931,0.00419
test_10932,0.99998
test_10933,1.00000
test_10934,0.00000
test_10935,0.00000
test_10936,1.00000
test_10937,0.98060
test_10938,0.00000
test_10939,0.99986
test_10940,0.00000
test_10941,0.00000
test_10942,0.00007
test_10943,0.00000
test_10944,1.00000
test_10945,0.00000
test_10946,0.00000
test_10947,0.99974
test_10948,0.00009
test_10949,0.00000
test_10950,0.00001
test_10951,1.00000
test_10952,0.00000
test_10953,0.12340
test_10954,1.00000
test_10955,1.00000
test_10956,0.00003
test_10957,0.00000
test_10958,0.00000
test_10959,0.00000
test_10960,0.99974
test_10961,0.15977
test_10962,0.05828
test_10963,0.00000
test_10964,0.00000
test_10965,0.00000
test_10966,0.00002
test_10967,0.99999
test_10968,0.00000
test_10969,1.00000
test_10970,0.00047
test_10971,0.99971
test_10972,1.00000
test_10973,0.00000
test_10974,0.00000
test_10975,0.99941
test_10976,1.00000
test_10977,0.85582
test_10978,0.99990
test_10979,0.00020
test_10980,0.83433
test_10981,0.98870
test_10982,1.00000
test_10983,0.00000
test_10984,1.00000
test_10985,1.00000
test_10986,0.00005
test_10987,1.00000
test_10988,0.00000
test_10989,0.00003
test_10990,0.00000
test_10991,0.00000
test_10992,1.00000
test_10993,1.00000
test_10994,0.00000
test_10995,0.00000
test_10996,0.99722
test_10997,0.99993
test_10998,0.00000
test_10999,0.00001
test_11000,0.00001
test_11001,0.94169
test_11002,0.00011
test_11003,0.00000
test_11004,0.00000
test_11005,0.98413
test_11006,0.00000
test_11007,0.00003
test_11008,0.00003
test_11009,0.00000
test_11010,0.99987
test_11011,1.00000
test_11012,0.00012
test_11013,0.00230
test_11014,0.99972
test_11015,0.70639
test_11016,0.00020
test_11017,0.00010
test_11018,1.00000
test_11019,0.00000
test_11020,0.97982
test_11021,1.00000
test_11022,0.00001
test_11023,0.00000
test_11024,1.00000
test_11025,1.00000
test_11026,1.00000
test_11027,1.00000
test_11028,0.99999
test_11029,0.99324
test_11030,1.00000
test_11031,0.00002
test_11032,0.00000
test_11033,0.04644
test_11034,0.00142
test_11035,1.00000
test_11036,1.00000
test_11037,0.00000
test_11038,1.00000
test_11039,0.75868
test_11040,1.00000
test_11041,0.00000
test_11042,0.00000
test_11043,1.00000
test_11044,1.00000
test_11045,1.00000
test_11046,1.00000
test_11047,1.00000
test_11048,0.99999
test_11049,0.20182
test_11050,0.00012
test_11051,0.92074
test_11052,1.00000
test_11053,1.00000
test_11054,0.99931
test_11055,0.00521
test_11056,0.98794
test_11057,0.00000
test_11058,0.95832
test_11059,0.00000
test_11060,0.99942
test_11061,0.00000
test_11062,1.00000
test_11063,0.00028
test_11064,0.99953
test_11065,1.00000
test_11066,1.00000
test_11067,0.00000
test_11068,0.00000
test_11069,1.00000
test_11070,1.00000
test_11071,1.00000
test_11072,0.00000
test_11073,0.00000
test_11074,0.00000
test_11075,1.00000
test_11076,1.00000
test_11077,0.00000
test_11078,0.00000
test_11079,1.00000
test_11080,0.00000
test_11081,0.01002
test_11082,0.00000
test_11083,0.00000
test_11084,1.00000
test_11085,0.00000
test_11086,0.00152
test_11087,0.01219
test_11088,0.00000
test_11089,0.35351
test_11090,0.97454
test_11091,0.99812
test_11092,0.00000
test_11093,0.99976
test_11094,1.00000
test_11095,1.00000
test_11096,0.01848
test_11097,0.97113
test_11098,0.00000
test_11099,1.00000
test_11100,1.00000
test_11101,0.00000
test_11102,0.13331
test_11103,1.00000
test_11104,0.74839
test_11105,0.00000
test_11106,0.06947
test_11107,1.00000
test_11108,1.00000
test_11109,1.00000
test_11110,1.00000
test_11111,0.44883
test_11112,0.99821
test_11113,0.43236
test_11114,1.00000
test_11115,1.00000
test_11116,1.00000
test_11117,0.96737
test_11118,0.99999
test_11119,0.99998
test_11120,0.00000
test_11121,1.00000
test_11122,0.96612
test_11123,0.68895
test_11124,1.00000
test_11125,1.00000
test_11126,1.00000
test_11127,0.99999
test_11128,0.00000
test_11129,0.32860
test_11130,1.00000
test_11131,0.00001
test_11132,0.99858
test_11133,0.00000
test_11134,0.00007
test_11135,0.99839
test_11136,1.00000
test_11137,0.86251
test_11138,0.96359
test_11139,0.00009
test_11140,0.00016
test_11141,0.98860
test_11142,0.00000
test_11143,0.95947
test_11144,1.00000
test_11145,0.00000
test_11146,0.00000
test_11147,1.00000
test_11148,0.00434
test_11149,0.00000
test_11150,1.00000
test_11151,0.00000
test_11152,1.00000
test_11153,1.00000
test_11154,1.00000
test_11155,0.00223
test_11156,0.00000
test_11157,1.00000
test_11158,0.00000
test_11159,0.00000
test_11160,0.08772
test_11161,0.59891
test_11162,0.00000
test_11163,0.00000
test_11164,0.00034
test_11165,1.00000
test_11166,0.99934
test_11167,0.00000
test_11168,0.01610
test_11169,1.00000
test_11170,0.00001
test_11171,0.00000
test_11172,0.99931
test_11173,0.99995
test_11174,0.00000
test_11175,0.00000
test_11176,0.90345
test_11177,0.00000
test_11178,0.00000
test_11179,0.00000
test_11180,1.00000
test_11181,0.99997
test_11182,0.00001
test_11183,0.47145
test_11184,1.00000
test_11185,1.00000
test_11186,0.00000
test_11187,0.00001
test_11188,1.00000
test_11189,0.00002
test_11190,0.00007
test_11191,1.00000
test_11192,0.00155
test_11193,0.00000
test_11194,0.00000
test_11195,0.99999
test_11196,0.00000
test_11197,0.99988
test_11198,1.00000
test_11199,0.00000
test_11200,0.00000
test_11201,0.82777
test_11202,0.99951
test_11203,0.99719
test_11204,0.73239
test_11205,0.00000
test_11206,1.00000
test_11207,0.00000
test_11208,1.00000
test_11209,0.00000
test_11210,1.00000
test_11211,0.00000
test_11212,0.82760
test_11213,0.00000
test_11214,0.00000
test_11215,0.00000
test_11216,0.00000
test_11217,1.00000
test_11218,1.00000
test_11219,0.99999
test_11220,0.99954
test_11221,0.00272
test_11222,0.00000
test_11223,0.00007
test_11224,1.00000
test_11225,0.00000
test_11226,0.21496
test_11227,1.00000
test_11228,0.00002
test_11229,0.99386
test_11230,0.00000
test_11231,0.77893
test_11232,0.00335
test_11233,0.97650
test_11234,1.00000
test_11235,0.72457
test_11236,0.29012
test_11237,0.00000
test_11238,0.99999
test_11239,0.99303
test_11240,1.00000
test_11241,0.99833
test_11242,1.00000
test_11243,0.99765
test_11244,0.00009
test_11245,0.00000
test_11246,0.99870
test_11247,0.00001
test_11248,0.99995
test_11249,0.00000
test_11250,1.00000
test_11251,1.00000
test_11252,0.00000
test_11253,0.00001
test_11254,0.99983
test_11255,0.01372
test_11256,0.70481
test_11257,1.00000
test_11258,0.99997
test_11259,0.00000
test_11260,0.00000
test_11261,0.00000
test_11262,1.00000
test_11263,0.29526
test_11264,0.36534
test_11265,0.22096
test_11266,0.00000
test_11267,0.00001
test_11268,0.34033
test_11269,0.92051
test_11270,1.00000
test_11271,0.05737
test_11272,0.00000
test_11273,0.99961
test_11274,1.00000
test_11275,0.00000
test_11276,0.00191
test_11277,0.99541
test_11278,0.00000
test_11279,0.01765
test_11280,0.99331
test_11281,1.00000
test_11282,0.02630
test_11283,0.00005
test_11284,0.90401
test_11285,0.00000
test_11286,0.00000
test_11287,0.99977
test_11288,1.00000
test_11289,0.00000
test_11290,1.00000
test_11291,0.99996
test_11292,1.00000
test_11293,0.00000
test_11294,0.95430
test_11295,1.00000
test_11296,0.00000
test_11297,1.00000
test_11298,0.00000
test_11299,0.97958
test_11300,1.00000
test_11301,0.99907
test_11302,0.00000
test_11303,0.99942
test_11304,1.00000
test_11305,0.00003
test_11306,0.99999
test_11307,0.98884
test_11308,1.00000
test_11309,0.00000
test_11310,0.00000
test_11311,0.00000
test_11312,0.88572
test_11313,0.00000
test_11314,0.00000
test_11315,0.00089
test_11316,0.99957
test_11317,0.99988
test_11318,0.43502
test_11319,0.00002
test_11320,0.00000
test_11321,0.00000
test_11322,0.00026
test_11323,0.00000
test_11324,0.00000
test_11325,1.00000
test_11326,0.00000
test_11327,0.99932
test_11328,1.00000
test_11329,0.00001
test_11330,0.00076
test_11331,0.00000
test_11332,1.00000
test_11333,0.01714
test_11334,0.00000
test_11335,0.97184
test_11336,0.60434
test_11337,1.00000
test_11338,0.29166
test_11339,0.12867
test_11340,0.00082
test_11341,0.99887
test_11342,0.00000
test_11343,1.00000
test_11344,0.00000
test_11345,0.00009
test_11346,0.01454
test_11347,1.00000
test_11348,0.65833
test_11349,0.00001
test_11350,0.91207
test_11351,0.00000
test_11352,0.00005
test_11353,1.00000
test_11354,0.00000
test_11355,0.00002
test_11356,0.00001
test_11357,0.00000
test_11358,0.00000
test_11359,0.28510
test_11360,0.27720
test_11361,0.00000
test_11362,0.00451
test_11363,0.00000
test_11364,0.00000
test_11365,0.00000
test_11366,0.61970
test_11367,0.00000
test_11368,0.00000
test_11369,0.77161
test_11370,0.98612
test_11371,0.00000
test_11372,0.00001
test_11373,0.00000
test_11374,0.62998
test_11375,0.02015
test_11376,0.00000
test_11377,1.00000
test_11378,0.69337
test_11379,0.00000
test_11380,0.00000
test_11381,0.00000
test_11382,0.95378
test_11383,0.23417
test_11384,0.01006
test_11385,1.00000
test_11386,1.00000
test_11387,1.00000
test_11388,0.00000
test_11389,0.00000
test_11390,0.08100
test_11391,1.00000
test_11392,0.99963
test_11393,0.95486
test_11394,0.00001
test_11395,1.00000
test_11396,0.01432
test_11397,0.00000
test_11398,0.96277
test_11399,0.39327
test_11400,0.00123
test_11401,1.00000
test_11402,0.99998
test_11403,0.98392
test_11404,1.00000
test_11405,0.04968
test_11406,0.00000
test_11407,0.00000
test_11408,0.47691
test_11409,0.08890
test_11410,0.00000
test_11411,0.00001
test_11412,0.80665
test_11413,0.00000
test_11414,0.00000
test_11415,1.00000
test_11416,0.00000
test_11417,0.99997
test_11418,0.99146
test_11419,1.00000
test_11420,0.00000
test_11421,0.54492
test_11422,0.99958
test_11423,0.00000
test_11424,0.99996
test_11425,0.00001
test_11426,0.00000
test_11427,1.00000
test_11428,0.00000
test_11429,0.97971
test_11430,0.00000
test_11431,1.00000
test_11432,0.99845
test_11433,0.00000
test_11434,0.99987
test_11435,1.00000
test_11436,0.79341
test_11437,0.99691
test_11438,0.00000
test_11439,0.00000
test_11440,0.00001
test_11441,0.00109
test_11442,0.00000
test_11443,0.42161
test_11444,0.01129
test_11445,0.72845
test_11446,0.00000
test_11447,0.96700
test_11448,0.00419
test_11449,1.00000
test_11450,1.00000
test_11451,0.84861
test_11452,0.09066
test_11453,0.00000
test_11454,0.00001
test_11455,0.00000
test_11456,0.00000
test_11457,1.00000
test_11458,0.00226
test_11459,0.00000
test_11460,0.99874
test_11461,0.03738
test_11462,1.00000
test_11463,0.00035
test_11464,1.00000
test_11465,0.96075
test_11466,1.00000
test_11467,0.00000
test_11468,1.00000
test_11469,0.00000
test_11470,0.00000
test_11471,0.99864
test_11472,0.00000
test_11473,0.00009
test_11474,1.00000
test_11475,0.00329
test_11476,0.00000
test_11477,1.00000
test_11478,0.00000
test_11479,0.00071
test_11480,0.99992
test_11481,0.00001
test_11482,0.00777
test_11483,1.00000
test_11484,0.00000
test_11485,1.00000
test_11486,0.99999
test_11487,0.00258
test_11488,0.00000
test_11489,0.99998
test_11490,0.98075
test_11491,0.00000
test_11492,0.05078
test_11493,1.00000
test_11494,0.85847
test_11495,0.00000
test_11496,0.77255
test_11497,1.00000
test_11498,0.75484
test_11499,0.99992
test_11500,0.00000
test_11501,1.00000
test_11502,0.00000
test_11503,0.20557
test_11504,1.00000
test_11505,0.99989
test_11506,0.00000
test_11507,0.00000
test_11508,0.00000
test_11509,0.00004
test_11510,0.00002
test_11511,0.91989
test_11512,0.00000
test_11513,0.00546
test_11514,0.00000
test_11515,0.00000
test_11516,0.00871
test_11517,0.00000
test_11518,0.00001
test_11519,0.99999
test_11520,0.99986
test_11521,0.00008
test_11522,0.00000
test_11523,0.71651
test_11524,0.00000
test_11525,0.99890
test_11526,0.99120
test_11527,0.00047
test_11528,0.00457
test_11529,0.00000
test_11530,0.99750
test_11531,1.00000
test_11532,1.00000
test_11533,0.81910
test_11534,1.00000
test_11535,0.70532
test_11536,1.00000
test_11537,1.00000
test_11538,0.82022
test_11539,1.00000
test_11540,1.00000
test_11541,0.00002
test_11542,0.00000
test_11543,0.97388
test_11544,0.00000
test_11545,1.00000
test_11546,0.00002
test_11547,1.00000
test_11548,0.17369
test_11549,0.00000
test_11550,0.14809
test_11551,0.00000
test_11552,0.99948
test_11553,0.99561
test_11554,0.00000
test_11555,0.99991
test_11556,0.51875
test_11557,0.99998
test_11558,1.00000
test_11559,0.00006
test_11560,0.00002
test_11561,0.00000
test_11562,1.00000
test_11563,1.00000
test_11564,0.01409
test_11565,0.69405
test_11566,0.00000
test_11567,0.32007
test_11568,0.23111
test_11569,1.00000
test_11570,0.00060
test_11571,0.00029
test_11572,0.00000
test_11573,0.86019
test_11574,1.00000
test_11575,1.00000
test_11576,0.92264
test_11577,1.00000
test_11578,0.02847
test_11579,0.99847
test_11580,0.99999
test_11581,0.39309
test_11582,0.00000
test_11583,0.04167
test_11584,0.99998
test_11585,0.00000
test_11586,1.00000
test_11587,1.00000
test_11588,0.00070
test_11589,1.00000
test_11590,1.00000
test_11591,0.99986
test_11592,0.99999
test_11593,0.01054
test_11594,0.99603
test_11595,0.00000
test_11596,1.00000
test_11597,1.00000
test_11598,0.00000
test_11599,0.00000
test_11600,0.62215
test_11601,0.99968
test_11602,0.10354
test_11603,0.99998
test_11604,1.00000
test_11605,1.00000
test_11606,0.00000
test_11607,1.00000
test_11608,0.00000
test_11609,1.00000
test_11610,0.00000
test_11611,1.00000
test_11612,1.00000
test_11613,0.99978
test_11614,0.01001
test_11615,1.00000
test_11616,0.99995
test_11617,1.00000
test_11618,1.00000
test_11619,0.54121
test_11620,0.00210
test_11621,0.00000
test_11622,0.99998
test_11623,0.00000
test_11624,0.99984
test_11625,0.81293
test_11626,1.00000
test_11627,1.00000
test_11628,0.00000
test_11629,0.99654
test_11630,0.00000
test_11631,0.00000
test_11632,0.00000
test_11633,1.00000
test_11634,0.86559
test_11635,1.00000
test_11636,0.99999
test_11637,1.00000
test_11638,0.96957
test_11639,0.00004
test_11640,1.00000
test_11641,0.99923
test_11642,1.00000
test_11643,1.00000
test_11644,0.99514
test_11645,0.00182
test_11646,0.00000
test_11647,0.00001
test_11648,1.00000
test_11649,0.00000
test_11650,1.00000
test_11651,0.00000
test_11652,0.00000
test_11653,0.00000
test_11654,0.00001
test_11655,0.00000
test_11656,1.00000
test_11657,0.00000
test_11658,0.00000
test_11659,0.00000
test_11660,0.99543
test_11661,0.00000
test_11662,1.00000
test_11663,0.00000
test_11664,0.00154
test_11665,0.00000
test_11666,0.00146
test_11667,0.00000
test_11668,1.00000
test_11669,1.00000
test_11670,0.00000
test_11671,0.68844
test_11672,1.00000
test_11673,0.00018
test_11674,0.00000
test_11675,0.00000
test_11676,1.00000
test_11677,0.72346
test_11678,0.00000
test_11679,1.00000
test_11680,0.00000
test_11681,0.00219
test_11682,0.00000
test_11683,0.94251
test_11684,0.99934
test_11685,0.05834
test_11686,0.99999
test_11687,0.00002
test_11688,0.00000
test_11689,0.00000
test_11690,0.99992
test_11691,0.93817
test_11692,0.00001
test_11693,0.99820
test_11694,0.00000
test_11695,1.00000
test_11696,0.00000
test_11697,0.00000
test_11698,0.00000
test_11699,0.00135
test_11700,0.03296
test_11701,0.00000
test_11702,0.00000
test_11703,0.00004
test_11704,0.99708
test_11705,0.99999
test_11706,1.00000
test_11707,0.00000
test_11708,1.00000
test_11709,0.99999
test_11710,0.99900
test_11711,1.00000
test_11712,0.65715
test_11713,0.94886
test_11714,1.00000
test_11715,1.00000
test_11716,0.00004
test_11717,0.00000
test_11718,0.00003
test_11719,0.00000
test_11720,1.00000
test_11721,0.93533
test_11722,0.09068
test_11723,1.00000
test_11724,0.00057
test_11725,0.16494
test_11726,0.99988
test_11727,1.00000
test_11728,1.00000
test_11729,0.96259
test_11730,0.00133
test_11731,0.00000
test_11732,1.00000
test_11733,1.00000
test_11734,0.00000
test_11735,0.99997
test_11736,0.00053
test_11737,0.96899
test_11738,0.99999
test_11739,0.99984
test_11740,0.00443
test_11741,0.00007
test_11742,0.05027
test_11743,0.99075
test_11744,0.99899
test_11745,0.00001
test_11746,0.99657
test_11747,0.93003
test_11748,0.00000
test_11749,1.00000
test_11750,0.00047
test_11751,1.00000
test_11752,1.00000
test_11753,0.00006
test_11754,1.00000
test_11755,0.02908
test_11756,0.99806
test_11757,0.00000
test_11758,0.00000
test_11759,0.21179
test_11760,0.99961
test_11761,0.99999
test_11762,1.00000
test_11763,0.00006
test_11764,1.00000
test_11765,0.00000
test_11766,0.80258
test_11767,0.99979
test_11768,0.00006
test_11769,0.00043
test_11770,0.03011
test_11771,1.00000
test_11772,0.99988
test_11773,0.00667
test_11774,0.00000
test_11775,1.00000
test_11776,0.02511
test_11777,1.00000
test_11778,1.00000
test_11779,1.00000
test_11780,1.00000
test_11781,0.00037
test_11782,0.00000
test_11783,0.00029
test_11784,1.00000
test_11785,0.00000
test_11786,0.89380
test_11787,0.00000
test_11788,0.00000
test_11789,0.00000
test_11790,0.00000
test_11791,0.99998
test_11792,1.00000
test_11793,1.00000
test_11794,1.00000
test_11795,0.99770
test_11796,0.00000
test_11797,0.99995
test_11798,0.00002
test_11799,0.99813
test_11800,0.00000
test_11801,0.00006
test_11802,0.00000
test_11803,0.00000
test_11804,0.00000
test_11805,0.00000
test_11806,0.02294
test_11807,1.00000
test_11808,1.00000
test_11809,0.00023
test_11810,1.00000
test_11811,0.00008
test_11812,0.00497
test_11813,0.00000
test_11814,0.00226
test_11815,0.00000
test_11816,0.99999
test_11817,0.00000
test_11818,0.00000
test_11819,0.98655
test_11820,0.72989
test_11821,1.00000
test_11822,0.99998
test_11823,1.00000
test_11824,1.00000
test_11825,0.96379
test_11826,0.00000
test_11827,1.00000
test_11828,0.00000
test_11829,0.00189
test_11830,1.00000
test_11831,0.00000
test_11832,0.00001
test_11833,0.00000
test_11834,0.99998
test_11835,0.00000
test_11836,0.99663
test_11837,1.00000
test_11838,0.00000
test_11839,0.00000
test_11840,0.00000
test_11841,0.09407
test_11842,0.00000
test_11843,0.00000
test_11844,0.00468
test_11845,1.00000
test_11846,0.00015
test_11847,0.67840
test_11848,1.00000
test_11849,0.00000
test_11850,1.00000
test_11851,0.00000
test_11852,0.04977
test_11853,1.00000
test_11854,0.00000
test_11855,0.96386
test_11856,1.00000
test_11857,0.00000
test_11858,1.00000
test_11859,0.19537
test_11860,0.00857
test_11861,0.00000
test_11862,0.00000
test_11863,0.00026
test_11864,1.00000
test_11865,1.00000
test_11866,0.97686
test_11867,0.99997
test_11868,0.00000
test_11869,0.99956
test_11870,1.00000
test_11871,0.99963
test_11872,1.00000
test_11873,0.96800
test_11874,0.99321
test_11875,1.00000
test_11876,1.00000
test_11877,0.01739
test_11878,0.99296
test_11879,0.00000
test_11880,0.00000
test_11881,1.00000
test_11882,1.00000
test_11883,0.00000
test_11884,1.00000
test_11885,0.76560
test_11886,0.00352
test_11887,1.00000
test_11888,0.08587
test_11889,0.06581
test_11890,0.00000
test_11891,0.82749
test_11892,0.00002
test_11893,1.00000
test_11894,1.00000
test_11895,0.00000
test_11896,1.00000
test_11897,0.00000
test_11898,0.00000
test_11899,1.00000
test_11900,1.00000
test_11901,1.00000
test_11902,1.00000
test_11903,0.99961
test_11904,1.00000
test_11905,1.00000
test_11906,0.00000
test_11907,1.00000
test_11908,0.00001
test_11909,0.00000
test_11910,1.00000
test_11911,1.00000
test_11912,0.00000
test_11913,0.00000
test_11914,0.02452
test_11915,0.00000
test_11916,0.00000
test_11917,0.38939
test_11918,0.99998
test_11919,0.73562
test_11920,1.00000
test_11921,0.44062
test_11922,0.00001
test_11923,1.00000
test_11924,1.00000
test_11925,1.00000
test_11926,0.98234
test_11927,1.00000
test_11928,0.00002
test_11929,0.00024
test_11930,1.00000
test_11931,0.99866
test_11932,0.00848
test_11933,0.41250
test_11934,0.00000
test_11935,0.00000
test_11936,1.00000
test_11937,0.00000
test_11938,1.00000
test_11939,0.00001
test_11940,0.00002
test_11941,0.00000
test_11942,0.99971
test_11943,0.00000
test_11944,0.00000
test_11945,1.00000
test_11946,0.87515
test_11947,0.01262
test_11948,0.10355
test_11949,0.99740
test_11950,0.00000
test_11951,0.00000
test_11952,0.00000
test_11953,0.00025
test_11954,0.00000
test_11955,1.00000
test_11956,0.14607
test_11957,0.99986
test_11958,0.08215
test_11959,0.06584
test_11960,0.00000
test_11961,0.00002
test_11962,0.00000
test_11963,1.00000
test_11964,0.00000
test_11965,0.99994
test_11966,1.00000
test_11967,0.00029
test_11968,1.00000
test_11969,0.00000
test_11970,0.00000
test_11971,0.00001
test_11972,1.00000
test_11973,0.01117
test_11974,1.00000
test_11975,1.00000
test_11976,0.00000
test_11977,0.99999
test_11978,1.00000
test_11979,1.00000
test_11980,1.00000
test_11981,0.00001
test_11982,1.00000
test_11983,0.99057
test_11984,0.92591
test_11985,0.00081
test_11986,0.33591
test_11987,0.00024
test_11988,1.00000
test_11989,0.99395
test_11990,1.00000
test_11991,0.98167
test_11992,0.00000
test_11993,1.00000
test_11994,0.42038
test_11995,0.99703
test_11996,0.00000
test_11997,1.00000
test_11998,0.00000
test_11999,0.10489
test_12000,0.84641
test_12001,0.00001
test_12002,0.00000
test_12003,0.18535
test_12004,0.98941
test_12005,0.00001
test_12006,0.00000
test_12007,0.90215
test_12008,0.00670
test_12009,0.00000
test_12010,0.00000
test_12011,1.00000
test_12012,0.72115
test_12013,0.00000
test_12014,0.98708
test_12015,1.00000
test_12016,0.94232
test_12017,1.00000
test_12018,0.99848
test_12019,0.99980
test_12020,0.00000
test_12021,1.00000
test_12022,1.00000
test_12023,0.00000
test_12024,0.00000
test_12025,1.00000
test_12026,0.00000
test_12027,1.00000
test_12028,0.00000
test_12029,0.11211
test_12030,0.00902
test_12031,1.00000
test_12032,0.00001
test_12033,1.00000
test_12034,1.00000
test_12035,0.99999
test_12036,0.00000
test_12037,0.42504
test_12038,0.03457
test_12039,0.00000
test_12040,1.00000
test_12041,1.00000
test_12042,0.00000
test_12043,1.00000
test_12044,0.00091
test_12045,0.00000
test_12046,1.00000
test_12047,0.00000
test_12048,1.00000
test_12049,0.00000
test_12050,0.00462
test_12051,0.00000
test_12052,0.00000
test_12053,0.00000
test_12054,1.00000
test_12055,1.00000
test_12056,0.06482
test_12057,0.99976
test_12058,0.68067
test_12059,1.00000
test_12060,1.00000
test_12061,0.00000
test_12062,0.00000
test_12063,0.99957
test_12064,1.00000
test_12065,0.79244
test_12066,0.00001
test_12067,1.00000
test_12068,0.00001
test_12069,0.00000
test_12070,0.00002
test_12071,0.99983
test_12072,0.93216
test_12073,0.00008
test_12074,0.00032
test_12075,1.00000
test_12076,0.92621
test_12077,0.00000
test_12078,1.00000
test_12079,0.00000
test_12080,0.00000
test_12081,1.00000
test_12082,0.00000
test_12083,0.00000
test_12084,1.00000
test_12085,0.98442
test_12086,1.00000
test_12087,1.00000
test_12088,0.00028
test_12089,0.00000
test_12090,0.00023
test_12091,1.00000
test_12092,1.00000
test_12093,1.00000
test_12094,1.00000
test_12095,1.00000
test_12096,1.00000
test_12097,0.00006
test_12098,0.99988
test_12099,0.00052
test_12100,0.11805
test_12101,1.00000
test_12102,0.00000
test_12103,0.00000
test_12104,0.23714
test_12105,0.00000
test_12106,0.99999
test_12107,1.00000
test_12108,1.00000
test_12109,0.00000
test_12110,0.00000
test_12111,1.00000
test_12112,1.00000
test_12113,0.94248
test_12114,1.00000
test_12115,0.00000
test_12116,0.00000
test_12117,0.00000
test_12118,0.99991
test_12119,1.00000
test_12120,0.99997
test_12121,0.00000
test_12122,0.00025
test_12123,0.00001
test_12124,1.00000
test_12125,0.67763
test_12126,1.00000
test_12127,0.99997
test_12128,1.00000
test_12129,0.00002
test_12130,1.00000
test_12131,1.00000
test_12132,0.00000
test_12133,1.00000
test_12134,1.00000
test_12135,0.00000
test_12136,1.00000
test_12137,0.99996
test_12138,0.00000
test_12139,0.99926
test_12140,0.99987
test_12141,0.00000
test_12142,0.99988
test_12143,0.99866
test_12144,0.34977
test_12145,0.23069
test_12146,1.00000
test_12147,0.00000
test_12148,0.00009
test_12149,1.00000
test_12150,0.00000
test_12151,0.99991
test_12152,0.95780
test_12153,0.42373
test_12154,1.00000
test_12155,0.99999
test_12156,0.00000
test_12157,0.94958
test_12158,0.00000
test_12159,1.00000
test_12160,1.00000
test_12161,1.00000
test_12162,1.00000
test_12163,0.51125
test_12164,1.00000
test_12165,0.00012
test_12166,1.00000
test_12167,1.00000
test_12168,0.00000
test_12169,0.99999
test_12170,0.00000
test_12171,0.00000
test_12172,0.99985
test_12173,1.00000
test_12174,1.00000
test_12175,0.99999
test_12176,0.00014
test_12177,0.00000
test_12178,0.00000
test_12179,0.01681
test_12180,1.00000
test_12181,1.00000
test_12182,0.69633
test_12183,1.00000
test_12184,0.00000
test_12185,1.00000
test_12186,0.84978
test_12187,0.00000
test_12188,0.00000
test_12189,0.34286
test_12190,1.00000
test_12191,1.00000
test_12192,0.00036
test_12193,0.00000
test_12194,0.00000
test_12195,0.00000
test_12196,0.00000
test_12197,0.00001
test_12198,0.04886
test_12199,0.00250
test_12200,0.21928
test_12201,0.00000
test_12202,1.00000
test_12203,0.99962
test_12204,0.00041
test_12205,0.00002
test_12206,0.00002
test_12207,0.00000
test_12208,1.00000
test_12209,1.00000
test_12210,0.00000
test_12211,0.00000
test_12212,1.00000
test_12213,0.00001
test_12214,1.00000
test_12215,1.00000
test_12216,0.01527
test_12217,0.00000
test_12218,0.00094
test_12219,0.00000
test_12220,0.00000
test_12221,0.00003
test_12222,0.00000
test_12223,0.00000
test_12224,0.78917
test_12225,0.00000
test_12226,0.00000
test_12227,0.00001
test_12228,1.00000
test_12229,0.00000
test_12230,0.01515
test_12231,0.00001
test_12232,0.00019
test_12233,0.00000
test_12234,0.97278
test_12235,0.03290
test_12236,0.00000
test_12237,0.99999
test_12238,1.00000
test_12239,0.99999
test_12240,0.00003
test_12241,0.00157
test_12242,0.00000
test_12243,0.99989
test_12244,0.00000
test_12245,0.50315
test_12246,1.00000
test_12247,0.00000
test_12248,0.00002
test_12249,0.00000
test_12250,0.00109
test_12251,0.00000
test_12252,0.00035
test_12253,0.89148
test_12254,1.00000
test_12255,0.00010
test_12256,0.00000
test_12257,0.00003
test_12258,0.00000
test_12259,0.99996
test_12260,1.00000
test_12261,1.00000
test_12262,0.70865
test_12263,0.99456
test_12264,0.01888
test_12265,0.00000
test_12266,0.00637
test_12267,0.00000
test_12268,0.00000
test_12269,1.00000
test_12270,0.00000
test_12271,0.00000
test_12272,1.00000
test_12273,0.00000
test_12274,0.99954
test_12275,0.00000
test_12276,0.00594
test_12277,0.95688
test_12278,0.00000
test_12279,0.99885
test_12280,1.00000
test_12281,0.00000
test_12282,0.00000
test_12283,0.99996
test_12284,0.00000
test_12285,0.03094
test_12286,0.00000
test_12287,0.99924
test_12288,1.00000
test_12289,0.00000
test_12290,0.06195
test_12291,0.99912
test_12292,0.99406
test_12293,0.99928
test_12294,0.03741
test_12295,0.99990
test_12296,0.99999
test_12297,0.00000
test_12298,0.87422
test_12299,0.93958
test_12300,0.00004
test_12301,0.99985
test_12302,0.00000
test_12303,0.00005
test_12304,0.99999
test_12305,0.00000
test_12306,0.99995
test_12307,0.85675
test_12308,0.48027
test_12309,1.00000
test_12310,0.00034
test_12311,0.60513
test_12312,1.00000
test_12313,0.00000
test_12314,0.99393
test_12315,0.00003
test_12316,0.00007
test_12317,0.00000
test_12318,0.00000
test_12319,0.99996
test_12320,1.00000
test_12321,0.99999
test_12322,0.00000
test_12323,0.00004
test_12324,0.00000
test_12325,1.00000
test_12326,1.00000
test_12327,1.00000
test_12328,0.00000
test_12329,0.99376
test_12330,0.99877
test_12331,0.00000
test_12332,0.99718
test_12333,0.00001
test_12334,0.00000
test_12335,0.97983
test_12336,0.00000
test_12337,0.00296
test_12338,0.00000
test_12339,0.99950
test_12340,0.99999
test_12341,0.00000
test_12342,0.00000
test_12343,0.00000
test_12344,0.53539
test_12345,0.97875
test_12346,1.00000
test_12347,1.00000
test_12348,0.39430
test_12349,0.00001
test_12350,0.04135
test_12351,0.00000
test_12352,1.00000
test_12353,0.99971
test_12354,0.00005
test_12355,0.00000
test_12356,0.70914
test_12357,0.99998
test_12358,0.00000
test_12359,1.00000
test_12360,0.00000
test_12361,1.00000
test_12362,0.33980
test_12363,0.00015
test_12364,0.00000
test_12365,1.00000
test_12366,0.52132
test_12367,0.08291
test_12368,0.99999
test_12369,0.99932
test_12370,0.00000
test_12371,1.00000
test_12372,1.00000
test_12373,1.00000
test_12374,0.00000
test_12375,1.00000
test_12376,0.00000
test_12377,0.00000
test_12378,0.00014
test_12379,0.00000
test_12380,0.00000
test_12381,0.00136
test_12382,0.00000
test_12383,0.00000
test_12384,0.99990
test_12385,0.00000
test_12386,0.98150
test_12387,1.00000
test_12388,0.00000
test_12389,0.00580
test_12390,1.00000
test_12391,1.00000
test_12392,0.00000
test_12393,0.00000
test_12394,0.99998
test_12395,1.00000
test_12396,0.98875
test_12397,0.00000
test_12398,0.00322
test_12399,0.00000
test_12400,1.00000
test_12401,0.00000
test_12402,0.00003
test_12403,0.95040
test_12404,0.00000
test_12405,0.01198
test_12406,0.86908
test_12407,0.99991
test_12408,1.00000
test_12409,1.00000
test_12410,0.00007
test_12411,1.00000
test_12412,1.00000
test_12413,0.00391
test_12414,0.00000
test_12415,0.88218
test_12416,0.95761
test_12417,0.99998
test_12418,0.99999
test_12419,0.31192
test_12420,1.00000
test_12421,0.00000
test_12422,1.00000
test_12423,0.00000
test_12424,0.00014
test_12425,0.00003
test_12426,1.00000
test_12427,0.00617
test_12428,1.00000
test_12429,0.99987
test_12430,1.00000
test_12431,1.00000
test_12432,1.00000
test_12433,0.39306
test_12434,1.00000
test_12435,0.00000
test_12436,0.00000
test_12437,0.00008
test_12438,0.00000
test_12439,0.00000
test_12440,0.93086
test_12441,1.00000
test_12442,1.00000
test_12443,0.00001
test_12444,0.00000
test_12445,1.00000
test_12446,0.66855
test_12447,0.00004
test_12448,0.00000
test_12449,0.99931
test_12450,1.00000
test_12451,1.00000
test_12452,0.99960
test_12453,1.00000
test_12454,1.00000
test_12455,0.00005
test_12456,0.00567
test_12457,0.00000
test_12458,1.00000
test_12459,0.99998
test_12460,0.00000
test_12461,1.00000
test_12462,0.01153
test_12463,0.08117
test_12464,0.08765
test_12465,1.00000
test_12466,0.00182
test_12467,0.99999
test_12468,0.08420
test_12469,0.01323
test_12470,0.79249
test_12471,0.75079
test_12472,0.00000
test_12473,1.00000
test_12474,0.00000
test_12475,0.24473
test_12476,0.43334
test_12477,0.00000
test_12478,0.99982
test_12479,0.00000
test_12480,0.00000
test_12481,0.00000
test_12482,1.00000
test_12483,0.00030
test_12484,1.00000
test_12485,0.00000
test_12486,0.00000
test_12487,0.09920
test_12488,0.00000
test_12489,1.00000
test_12490,0.00031
test_12491,0.00000
test_12492,0.00687
test_12493,0.99998
test_12494,0.99977
test_12495,0.00000
test_12496,0.84494
test_12497,0.00000
test_12498,0.75847
test_12499,1.00000
test_12500,0.99881
test_12501,1.00000
test_12502,0.00000
test_12503,1.00000
test_12504,1.00000
test_12505,0.00006
test_12506,1.00000
test_12507,0.63828
test_12508,1.00000
test_12509,0.00000
test_12510,1.00000
test_12511,0.00000
test_12512,0.00005
test_12513,0.00335
test_12514,1.00000
test_12515,0.02618
test_12516,1.00000
test_12517,0.00002
test_12518,0.00000
test_12519,0.00000
test_12520,0.00000
test_12521,0.00000
test_12522,0.00000
test_12523,0.00000
test_12524,1.00000
test_12525,0.00000
test_12526,1.00000
test_12527,0.00000
test_12528,0.00002
test_12529,0.00016
test_12530,0.99711
test_12531,0.00000
test_12532,0.36495
test_12533,1.00000
test_12534,1.00000
test_12535,0.99787
test_12536,0.00000
test_12537,0.04130
test_12538,1.00000
test_12539,0.00000
test_12540,0.48481
test_12541,0.63588
test_12542,0.00000
test_12543,0.00000
test_12544,0.00000
test_12545,1.00000
test_12546,0.00005
test_12547,0.00000
test_12548,0.49498
test_12549,0.99997
test_12550,0.25717
test_12551,0.00013
test_12552,0.99991
test_12553,0.99999
test_12554,0.00000
test_12555,1.00000
test_12556,0.04334
test_12557,0.00086
test_12558,0.00000
test_12559,0.99999
test_12560,1.00000
test_12561,0.98619
test_12562,0.00000
test_12563,1.00000
test_12564,0.52980
test_12565,0.00000
test_12566,1.00000
test_12567,0.00000
test_12568,0.00000
test_12569,0.99900
test_12570,1.00000
test_12571,0.00000
test_12572,0.99945
test_12573,0.00000
test_12574,0.00001
test_12575,0.00000
test_12576,0.81527
test_12577,0.00000
test_12578,0.00001
test_12579,1.00000
test_12580,0.00000
test_12581,0.99772
test_12582,0.11862
test_12583,1.00000
test_12584,0.57290
test_12585,1.00000
test_12586,0.00000
test_12587,0.00000
test_12588,0.00000
test_12589,0.00000
test_12590,0.99948
test_12591,1.00000
test_12592,0.00000
test_12593,0.00000
test_12594,0.98301
test_12595,1.00000
test_12596,0.00000
test_12597,1.00000
test_12598,0.00000
test_12599,0.00000
test_12600,1.00000
test_12601,0.99997
test_12602,0.62377
test_12603,1.00000
test_12604,0.00000
test_12605,0.00150
test_12606,0.99807
test_12607,0.00000
test_12608,0.99995
test_12609,1.00000
test_12610,0.03220
test_12611,0.00000
test_12612,0.00000
test_12613,0.99989
test_12614,1.00000
test_12615,0.98798
test_12616,0.03745
test_12617,0.00000
test_12618,0.00000
test_12619,1.00000
test_12620,0.98357
test_12621,0.00000
test_12622,0.00000
test_12623,0.82959
test_12624,0.99461
test_12625,0.00000
test_12626,0.00000
test_12627,0.00001
test_12628,0.00000
test_12629,0.99999
test_12630,0.00002
test_12631,1.00000
test_12632,0.00168
test_12633,0.00003
test_12634,0.00000
test_12635,0.00001
test_12636,0.99905
test_12637,0.45647
test_12638,0.00000
test_12639,0.99998
test_12640,0.01946
test_12641,0.00000
test_12642,0.28090
test_12643,1.00000
test_12644,0.00000
test_12645,1.00000
test_12646,1.00000
test_12647,0.00000
test_12648,0.14206
test_12649,0.01375
test_12650,1.00000
test_12651,1.00000
test_12652,0.00000
test_12653,1.00000
test_12654,0.00000
test_12655,0.44729
test_12656,0.99999
test_12657,1.00000
test_12658,0.99996
test_12659,0.00000
test_12660,0.00018
test_12661,0.99986
test_12662,0.97648
test_12663,0.00000
test_12664,0.00000
test_12665,1.00000
test_12666,0.00000
test_12667,1.00000
test_12668,0.00231
test_12669,0.00000
test_12670,1.00000
test_12671,1.00000
test_12672,0.00000
test_12673,0.00000
test_12674,0.99990
test_12675,0.00001
test_12676,1.00000
test_12677,1.00000
test_12678,0.00108
test_12679,1.00000
test_12680,0.63652
test_12681,0.38934
test_12682,1.00000
test_12683,0.00000
test_12684,1.00000
test_12685,0.00002
test_12686,0.97857
test_12687,1.00000
test_12688,1.00000
test_12689,0.02832
test_12690,0.00000
test_12691,0.99997
test_12692,0.43898
test_12693,1.00000
test_12694,0.00001
test_12695,0.00000
test_12696,0.24467
test_12697,0.00000
test_12698,0.99986
test_12699,0.00000
test_12700,0.00000
test_12701,0.99813
test_12702,0.00000
test_12703,0.00000
test_12704,1.00000
test_12705,1.00000
test_12706,0.00000
test_12707,0.99558
test_12708,1.00000
test_12709,1.00000
test_12710,0.00000
test_12711,0.61162
test_12712,0.99999
test_12713,0.55003
test_12714,0.00000
test_12715,0.07603
test_12716,0.00000
test_12717,0.00180
test_12718,0.00000
test_12719,0.97209
test_12720,1.00000
test_12721,1.00000
test_12722,0.99979
test_12723,0.00000
test_12724,0.00000
test_12725,0.92676
test_12726,0.99476
test_12727,0.58453
test_12728,0.93358
test_12729,0.70891
test_12730,0.00000
test_12731,1.00000
test_12732,0.00635
test_12733,1.00000
test_12734,1.00000
test_12735,1.00000
test_12736,1.00000
test_12737,1.00000
test_12738,0.01050
test_12739,1.00000
test_12740,0.00000
test_12741,0.00000
test_12742,0.06742
test_12743,0.00009
test_12744,0.00000
test_12745,0.09922
test_12746,0.99919
test_12747,0.76699
test_12748,0.86510
test_12749,0.00000
test_12750,0.00000
test_12751,0.00010
test_12752,1.00000
test_12753,0.00000
test_12754,0.00000
test_12755,0.97962
test_12756,1.00000
test_12757,0.94269
test_12758,0.00001
test_12759,0.00000
test_12760,0.98947
test_12761,0.53581
test_12762,0.00001
test_12763,0.27959
test_12764,0.00000
test_12765,1.00000
test_12766,0.00000
test_12767,0.00000
test_12768,1.00000
test_12769,0.99848
test_12770,0.00000
test_12771,0.00000
test_12772,0.70573
test_12773,0.99988
test_12774,0.00000
test_12775,1.00000
test_12776,0.00000
test_12777,0.00000
test_12778,1.00000
test_12779,0.00023
test_12780,1.00000
test_12781,1.00000
test_12782,0.00000
test_12783,0.99991
test_12784,0.04534
test_12785,0.99999
test_12786,0.97694
test_12787,0.99999
test_12788,0.00000
test_12789,0.90493
test_12790,0.00000
test_12791,0.00000
test_12792,0.00000
test_12793,1.00000
test_12794,0.00001
test_12795,1.00000
test_12796,1.00000
test_12797,1.00000
test_12798,0.98179
test_12799,0.00000
test_12800,0.78952
test_12801,0.73144
test_12802,0.00000
test_12803,1.00000
test_12804,1.00000
test_12805,0.03717
test_12806,0.00001
test_12807,1.00000
test_12808,0.00000
test_12809,0.99900
test_12810,0.00001
test_12811,0.42803
test_12812,1.00000
test_12813,1.00000
test_12814,0.11437
test_12815,0.00000
test_12816,0.00005
test_12817,0.00000
test_12818,0.00000
test_12819,0.00000
test_12820,1.00000
test_12821,0.00000
test_12822,0.99998
test_12823,1.00000
test_12824,0.00000
test_12825,0.00051
test_12826,0.00025
test_12827,0.00000
test_12828,0.65364
test_12829,0.99999
test_12830,0.00000
test_12831,0.00002
test_12832,1.00000
test_12833,0.00012
test_12834,1.00000
test_12835,0.99977
test_12836,0.94670
test_12837,1.00000
test_12838,1.00000
test_12839,0.00001
test_12840,0.00000
test_12841,0.00000
test_12842,0.00002
test_12843,1.00000
test_12844,0.99399
test_12845,0.00000
test_12846,0.00001
test_12847,0.99999
test_12848,1.00000
test_12849,0.00001
test_12850,0.99985
test_12851,0.00000
test_12852,0.00001
test_12853,0.23829
test_12854,0.97063
test_12855,0.00010
test_12856,1.00000
test_12857,0.98293
test_12858,0.00000
test_12859,1.00000
test_12860,1.00000
test_12861,0.00000
test_12862,0.00000
test_12863,0.00000
test_12864,0.00000
test_12865,1.00000
test_12866,0.99677
test_12867,0.99917
test_12868,0.00254
test_12869,0.00000
test_12870,1.00000
test_12871,0.54435
test_12872,0.89269
test_12873,1.00000
test_12874,1.00000
test_12875,0.00000
test_12876,0.00027
test_12877,0.00000
test_12878,0.99998
test_12879,0.99999
test_12880,0.00000
test_12881,0.00000
test_12882,1.00000
test_12883,0.00000
test_12884,0.18890
test_12885,0.00000
test_12886,0.01738
test_12887,0.00001
test_12888,0.00124
test_12889,0.00000
test_12890,1.00000
test_12891,0.00000
test_12892,0.00000
test_12893,1.00000
test_12894,0.00040
test_12895,0.99995
test_12896,1.00000
test_12897,1.00000
test_12898,0.40280
test_12899,0.00001
test_12900,0.99714
test_12901,0.16199
test_12902,1.00000
test_12903,0.65930
test_12904,0.91422
test_12905,1.00000
test_12906,0.00000
test_12907,0.00000
test_12908,0.99998
test_12909,1.00000
test_12910,0.00001
test_12911,1.00000
test_12912,1.00000
test_12913,0.00000
test_12914,0.00000
test_12915,0.99997
test_12916,1.00000
test_12917,1.00000
test_12918,0.00000
test_12919,0.99992
test_12920,1.00000
test_12921,0.00000
test_12922,0.00000
test_12923,0.91056
test_12924,1.00000
test_12925,1.00000
test_12926,0.99984
test_12927,0.05591
test_12928,0.00000
test_12929,1.00000
test_12930,1.00000
test_12931,0.00001
test_12932,0.00000
test_12933,1.00000
test_12934,0.99993
test_12935,0.24622
test_12936,0.95982
test_12937,0.99946
test_12938,0.00005
test_12939,1.00000
test_12940,1.00000
test_12941,0.00036
test_12942,0.11090
test_12943,0.00001
test_12944,1.00000
test_12945,0.00003
test_12946,1.00000
test_12947,1.00000
test_12948,0.00012
test_12949,0.00000
test_12950,0.99988
test_12951,0.01206
test_12952,0.88789
test_12953,1.00000
test_12954,0.00000
test_12955,0.09360
test_12956,1.00000
test_12957,0.00201
test_12958,0.00000
test_12959,0.25457
test_12960,0.99999
test_12961,0.00000
test_12962,0.04395
test_12963,0.99999
test_12964,0.00000
test_12965,0.99969
test_12966,0.98770
test_12967,0.00000
test_12968,0.00011
test_12969,0.38310
test_12970,0.03480
test_12971,0.00000
test_12972,0.00221
test_12973,0.00000
test_12974,0.00000
test_12975,0.00727
test_12976,0.00000
test_12977,0.00000
test_12978,0.99958
test_12979,0.00054
test_12980,0.00000
test_12981,1.00000
test_12982,1.00000
test_12983,0.00000
test_12984,0.94393
test_12985,0.91238
test_12986,0.99995
test_12987,0.99999
test_12988,0.00093
test_12989,0.93442
test_12990,0.99680
test_12991,0.00086
test_12992,0.00116
test_12993,1.00000
test_12994,0.00004
test_12995,0.99989
test_12996,0.99998
test_12997,0.00000
test_12998,1.00000
test_12999,0.08347
test_13000,0.00006
test_13001,1.00000
test_13002,0.00000
test_13003,1.00000
test_13004,0.00053
test_13005,0.99700
test_13006,0.00051
test_13007,0.00000
test_13008,0.00002
test_13009,0.99964
test_13010,0.00001
test_13011,0.28520
test_13012,0.00954
test_13013,0.99992
test_13014,0.00026
test_13015,0.99998
test_13016,0.00000
test_13017,0.99974
test_13018,0.00000
test_13019,1.00000
test_13020,0.00001
test_13021,0.00363
test_13022,0.00680
test_13023,0.76260
test_13024,1.00000
test_13025,1.00000
test_13026,0.99999
test_13027,0.99806
test_13028,0.00000
test_13029,1.00000
test_13030,0.01421
test_13031,1.00000
test_13032,1.00000
test_13033,0.00000
test_13034,0.99976
test_13035,0.00079
test_13036,0.00328
test_13037,1.00000
test_13038,0.99635
test_13039,1.00000
test_13040,1.00000
test_13041,0.73911
test_13042,0.99999
test_13043,1.00000
test_13044,0.99981
test_13045,0.00000
test_13046,1.00000
test_13047,0.00000
test_13048,0.00000
test_13049,1.00000
test_13050,0.00000
test_13051,0.00006
test_13052,0.95226
test_13053,0.99999
test_13054,0.00000
test_13055,0.21930
test_13056,1.00000
test_13057,0.00000
test_13058,0.00000
test_13059,1.00000
test_13060,0.99974
test_13061,1.00000
test_13062,1.00000
test_13063,0.00000
test_13064,0.00000
test_13065,1.00000
test_13066,0.95847
test_13067,0.00007
test_13068,0.74405
test_13069,1.00000
test_13070,0.99154
test_13071,0.00000
test_13072,0.00003
test_13073,0.53500
test_13074,1.00000
test_13075,0.06161
test_13076,0.00046
test_13077,0.28854
test_13078,1.00000
test_13079,1.00000
test_13080,0.00000
test_13081,0.00000
test_13082,0.98193
test_13083,0.18778
test_13084,1.00000
test_13085,1.00000
test_13086,1.00000
test_13087,0.00000
test_13088,1.00000
test_13089,0.00170
test_13090,0.00000
test_13091,0.88861
test_13092,1.00000
test_13093,0.00001
test_13094,0.92678
test_13095,1.00000
test_13096,0.00000
test_13097,0.00006
test_13098,0.00000
test_13099,0.00002
test_13100,0.00461
test_13101,0.00001
test_13102,0.00001
test_13103,0.00000
test_13104,0.00000
test_13105,1.00000
test_13106,0.66254
test_13107,0.92418
test_13108,1.00000
test_13109,0.00000
test_13110,1.00000
test_13111,0.79459
test_13112,0.97028
test_13113,0.00000
test_13114,0.00005
test_13115,0.97417
test_13116,0.96236
test_13117,0.00000
test_13118,0.00002
test_13119,0.00000
test_13120,0.00000
test_13121,0.00000
test_13122,0.00000
test_13123,0.00000
test_13124,1.00000
test_13125,0.99524
test_13126,0.00008
test_13127,0.99856
test_13128,0.66802
test_13129,0.00000
test_13130,0.99883
test_13131,0.81353
test_13132,1.00000
test_13133,0.39125
test_13134,0.00000
test_13135,0.00000
test_13136,0.00000
test_13137,1.00000
test_13138,0.99660
test_13139,0.61301
test_13140,0.71090
test_13141,1.00000
test_13142,0.00000
test_13143,1.00000
test_13144,0.00000
test_13145,0.00189
test_13146,1.00000
test_13147,0.99995
test_13148,0.00000
test_13149,0.00000
test_13150,0.11290
test_13151,1.00000
test_13152,0.00000
test_13153,1.00000
test_13154,0.00099
test_13155,1.00000
test_13156,0.00003
test_13157,1.00000
test_13158,0.99579
test_13159,1.00000
test_13160,0.15350
test_13161,0.00032
test_13162,1.00000
test_13163,1.00000
test_13164,0.00001
test_13165,0.00254
test_13166,0.00000
test_13167,0.00000
test_13168,0.08889
test_13169,0.00000
test_13170,0.00001
test_13171,0.00035
test_13172,1.00000
test_13173,0.00000
test_13174,1.00000
test_13175,0.00000
test_13176,0.06831
test_13177,0.00000
test_13178,0.83838
test_13179,0.00000
test_13180,0.99938
test_13181,0.00000
test_13182,0.99999
test_13183,1.00000
test_13184,0.00000
test_13185,1.00000
test_13186,0.99984
test_13187,0.99997
test_13188,0.00000
test_13189,0.00000
test_13190,0.00212
test_13191,0.00000
test_13192,1.00000
test_13193,0.00215
test_13194,1.00000
test_13195,0.00002
test_13196,1.00000
test_13197,0.00000
test_13198,0.00003
test_13199,1.00000
test_13200,0.00521
test_13201,0.00001
test_13202,0.72002
test_13203,1.00000
test_13204,0.65273
test_13205,0.00000
test_13206,0.00000
test_13207,0.99984
test_13208,0.00000
test_13209,0.00000
test_13210,1.00000
test_13211,0.99998
test_13212,1.00000
test_13213,0.00000
test_13214,0.00001
test_13215,0.00000
test_13216,0.99999
test_13217,1.00000
test_13218,1.00000
test_13219,0.00000
test_13220,1.00000
test_13221,0.00021
test_13222,1.00000
test_13223,0.00001
test_13224,1.00000
test_13225,0.00000
test_13226,1.00000
test_13227,1.00000
test_13228,0.00039
test_13229,0.00000
test_13230,0.00001
test_13231,0.99996
test_13232,1.00000
test_13233,0.00000
test_13234,0.99998
test_13235,0.00000
test_13236,0.03524
test_13237,0.00000
test_13238,1.00000
test_13239,1.00000
test_13240,0.00000
test_13241,0.00001
test_13242,0.00002
test_13243,0.98027
test_13244,1.00000
test_13245,0.68782
test_13246,1.00000
test_13247,1.00000
test_13248,0.87747
test_13249,0.01964
test_13250,1.00000
test_13251,0.00001
test_13252,0.00001
test_13253,0.00538
test_13254,0.00140
test_13255,0.98222
test_13256,0.00000
test_13257,0.00000
test_13258,0.98695
test_13259,1.00000
test_13260,0.00816
test_13261,0.00000
test_13262,0.00000
test_13263,0.00049
test_13264,0.55544
test_13265,1.00000
test_13266,1.00000
test_13267,0.71158
test_13268,0.00002
test_13269,0.00000
test_13270,0.00000
test_13271,0.00000
test_13272,0.00000
test_13273,1.00000
test_13274,0.00001
test_13275,0.00002
test_13276,0.14115
test_13277,0.00001
test_13278,0.02308
test_13279,0.00000
test_13280,0.00000
test_13281,1.00000
test_13282,0.00000
test_13283,0.99861
test_13284,0.99996
test_13285,0.00000
test_13286,0.99999
test_13287,0.00000
test_13288,0.99332
test_13289,0.00000
test_13290,1.00000
test_13291,1.00000
test_13292,1.00000
test_13293,0.99998
test_13294,0.79105
test_13295,1.00000
test_13296,0.99995
test_13297,0.00000
test_13298,0.99999
test_13299,1.00000
test_13300,0.15200
test_13301,0.29576
test_13302,1.00000
test_13303,0.00000
test_13304,0.97302
test_13305,0.00006
test_13306,0.00000
test_13307,0.00004
test_13308,0.99996
test_13309,1.00000
test_13310,1.00000
test_13311,1.00000
test_13312,0.26075
test_13313,0.29905
test_13314,0.99998
test_13315,1.00000
test_13316,0.00007
test_13317,1.00000
test_13318,0.00000
test_13319,0.99991
test_13320,0.00000
test_13321,0.99975
test_13322,0.00000
test_13323,1.00000
test_13324,0.00010
test_13325,0.00000
test_13326,0.00000
test_13327,1.00000
test_13328,0.00000
test_13329,0.00000
test_13330,0.00000
test_13331,0.00143
test_13332,0.00000
test_13333,1.00000
test_13334,0.00149
test_13335,0.00000
test_13336,0.90354
test_13337,1.00000
test_13338,0.00023
test_13339,0.95924
test_13340,0.00056
test_13341,1.00000
test_13342,0.00049
test_13343,1.00000
test_13344,1.00000
test_13345,0.99998
test_13346,0.95487
test_13347,0.00000
test_13348,0.19022
test_13349,0.00000
test_13350,0.00010
test_13351,0.99998
test_13352,0.00000
test_13353,0.00000
test_13354,0.99999
test_13355,0.00000
test_13356,1.00000
test_13357,0.00000
test_13358,1.00000
test_13359,0.99716
test_13360,1.00000
test_13361,0.27253
test_13362,1.00000
test_13363,0.00000
test_13364,1.00000
test_13365,1.00000
test_13366,1.00000
test_13367,1.00000
test_13368,0.90458
test_13369,0.01036
test_13370,0.50986
test_13371,1.00000
test_13372,1.00000
test_13373,0.99839
test_13374,0.99981
test_13375,1.00000
test_13376,1.00000
test_13377,0.99988
test_13378,0.00000
test_13379,0.00000
test_13380,0.99769
test_13381,0.00000
test_13382,1.00000
test_13383,1.00000
test_13384,0.99909
test_13385,1.00000
test_13386,0.00000
test_13387,0.00002
test_13388,0.00000
test_13389,0.00000
test_13390,0.00574
test_13391,1.00000
test_13392,0.01074
test_13393,0.25518
test_13394,0.95537
test_13395,1.00000
test_13396,1.00000
test_13397,0.82728
test_13398,0.00001
test_13399,0.99992
test_13400,1.00000
test_13401,0.00000
test_13402,1.00000
test_13403,0.99998
test_13404,1.00000
test_13405,1.00000
test_13406,0.49660
test_13407,0.00000
test_13408,0.00169
test_13409,0.99382
test_13410,0.00694
test_13411,1.00000
test_13412,0.44493
test_13413,0.00023
test_13414,0.69201
test_13415,1.00000
test_13416,1.00000
test_13417,0.00000
test_13418,0.00494
test_13419,0.99991
test_13420,1.00000
test_13421,0.00000
test_13422,0.00000
test_13423,0.24673
test_13424,0.99892
test_13425,0.00003
test_13426,0.00000
test_13427,1.00000
test_13428,1.00000
test_13429,0.99746
test_13430,0.00000
test_13431,1.00000
test_13432,0.00000
test_13433,0.00001
test_13434,1.00000
test_13435,0.19849
test_13436,0.00000
test_13437,0.00000
test_13438,1.00000
test_13439,1.00000
test_13440,1.00000
test_13441,0.99698
test_13442,1.00000
test_13443,0.99905
test_13444,0.99998
test_13445,1.00000
test_13446,0.00000
test_13447,0.04553
test_13448,0.00000
test_13449,0.00000
test_13450,0.77369
test_13451,0.00089
test_13452,1.00000
test_13453,1.00000
test_13454,0.00000
test_13455,0.00001
test_13456,1.00000
test_13457,0.35281
test_13458,0.91892
test_13459,0.99998
test_13460,0.42928
test_13461,0.00000
test_13462,0.99984
test_13463,0.00000
test_13464,0.00000
test_13465,0.00344
test_13466,1.00000
test_13467,0.00008
test_13468,0.00000
test_13469,1.00000
test_13470,0.17711
test_13471,1.00000
test_13472,1.00000
test_13473,1.00000
test_13474,0.99158
test_13475,1.00000
test_13476,0.00001
test_13477,1.00000
test_13478,1.00000
test_13479,1.00000
test_13480,0.99997
test_13481,1.00000
test_13482,0.06697
test_13483,0.81752
test_13484,0.00000
test_13485,1.00000
test_13486,0.24318
test_13487,0.05467
test_13488,0.00001
test_13489,0.99159
test_13490,0.00000
test_13491,0.00003
test_13492,1.00000
test_13493,1.00000
test_13494,0.00000
test_13495,0.00001
test_13496,1.00000
test_13497,0.00000
test_13498,0.04401
test_13499,0.00000
test_13500,1.00000
test_13501,0.00000
test_13502,0.00021
test_13503,0.00598
test_13504,0.00000
test_13505,0.00112
test_13506,0.00123
test_13507,0.00003
test_13508,1.00000
test_13509,0.00001
test_13510,0.11613
test_13511,0.70439
test_13512,1.00000
test_13513,0.00201
test_13514,0.00003
test_13515,0.00008
test_13516,0.00000
test_13517,0.03789
test_13518,0.00000
test_13519,0.87653
test_13520,0.01145
test_13521,1.00000
test_13522,0.00000
test_13523,1.00000
test_13524,0.84697
test_13525,0.99999
test_13526,0.00000
test_13527,0.99985
test_13528,0.98638
test_13529,1.00000
test_13530,1.00000
test_13531,0.00003
test_13532,0.00001
test_13533,1.00000
test_13534,0.00000
test_13535,1.00000
test_13536,0.00063
test_13537,0.00000
test_13538,0.00004
test_13539,0.00002
test_13540,0.99999
test_13541,1.00000
test_13542,0.00000
test_13543,0.00000
test_13544,1.00000
test_13545,1.00000
test_13546,1.00000
test_13547,0.00001
test_13548,0.47649
test_13549,0.67525
test_13550,0.00001
test_13551,0.98918
test_13552,0.00000
test_13553,1.00000
test_13554,1.00000
test_13555,0.00000
test_13556,0.27175
test_13557,1.00000
test_13558,0.00000
test_13559,0.00000
test_13560,0.00000
test_13561,0.00000
test_13562,0.04495
test_13563,1.00000
test_13564,0.99987
test_13565,1.00000
test_13566,0.67674
test_13567,0.99999
test_13568,0.94467
test_13569,0.99999
test_13570,0.99955
test_13571,0.00003
test_13572,0.99987
test_13573,1.00000
test_13574,0.01169
test_13575,1.00000
test_13576,0.00051
test_13577,0.00000
test_13578,0.99998
test_13579,0.16109
test_13580,0.00000
test_13581,0.99999
test_13582,1.00000
test_13583,0.00000
test_13584,1.00000
test_13585,1.00000
test_13586,1.00000
test_13587,0.00000
test_13588,1.00000
test_13589,0.99984
test_13590,0.00000
test_13591,0.00001
test_13592,1.00000
test_13593,1.00000
test_13594,0.00000
test_13595,0.00000
test_13596,0.00000
test_13597,0.00000
test_13598,0.00000
test_13599,0.99998
test_13600,0.00000
test_13601,1.00000
test_13602,0.99999
test_13603,1.00000
test_13604,1.00000
test_13605,0.00119
test_13606,1.00000
test_13607,0.00000
test_13608,0.00000
test_13609,1.00000
test_13610,1.00000
test_13611,0.99920
test_13612,1.00000
test_13613,0.99651
test_13614,1.00000
test_13615,0.99600
test_13616,0.00000
test_13617,1.00000
test_13618,0.00000
test_13619,0.99809
test_13620,0.00284
test_13621,0.96280
test_13622,1.00000
test_13623,0.00077
test_13624,0.00000
test_13625,0.94748
test_13626,0.00001
test_13627,0.00000
test_13628,0.17731
test_13629,0.00000
test_13630,0.00000
test_13631,0.00003
test_13632,1.00000
test_13633,0.00022
test_13634,0.99971
test_13635,0.99999
test_13636,1.00000
test_13637,0.93905
test_13638,1.00000
test_13639,0.99998
test_13640,0.94304
test_13641,0.96232
test_13642,0.00216
test_13643,0.00000
test_13644,0.00000
test_13645,1.00000
test_13646,1.00000
test_13647,0.99823
test_13648,0.00094
test_13649,0.00000
test_13650,0.00000
test_13651,0.00074
test_13652,0.00004
test_13653,1.00000
test_13654,0.00000
test_13655,0.00000
test_13656,0.00159
test_13657,0.00000
test_13658,0.86311
test_13659,0.98811
test_13660,0.00288
test_13661,0.09358
test_13662,0.99996
test_13663,0.00000
test_13664,1.00000
test_13665,0.00000
test_13666,1.00000
test_13667,0.00000
test_13668,0.00000
test_13669,0.56663
test_13670,0.00066
test_13671,0.00097
test_13672,0.00000
test_13673,0.00002
test_13674,0.96553
test_13675,0.02651
test_13676,0.70990
test_13677,0.00001
test_13678,0.00000
test_13679,0.00000
test_13680,0.00023
test_13681,1.00000
test_13682,0.99993
test_13683,1.00000
test_13684,0.00000
test_13685,0.99956
test_13686,0.00000
test_13687,1.00000
test_13688,1.00000
test_13689,1.00000
test_13690,0.00002
test_13691,1.00000
test_13692,0.00193
test_13693,0.00001
test_13694,0.00000
test_13695,1.00000
test_13696,1.00000
test_13697,0.00001
test_13698,1.00000
test_13699,1.00000
test_13700,1.00000
test_13701,0.00000
test_13702,1.00000
test_13703,0.00496
test_13704,0.00000
test_13705,1.00000
test_13706,0.00000
test_13707,0.00000
test_13708,0.00000
test_13709,0.97964
test_13710,0.04818
test_13711,0.01138
test_13712,0.99990
test_13713,0.99973
test_13714,0.00001
test_13715,0.80732
test_13716,0.00000
test_13717,1.00000
test_13718,0.94582
test_13719,0.04461
test_13720,0.32641
test_13721,1.00000
test_13722,0.61304
test_13723,0.00115
test_13724,0.00000
test_13725,1.00000
test_13726,0.00000
test_13727,0.99556
test_13728,0.00000
test_13729,1.00000
test_13730,0.00000
test_13731,0.00000
test_13732,1.00000
test_13733,1.00000
test_13734,0.00000
test_13735,1.00000
test_13736,0.99952
test_13737,0.00000
test_13738,0.99995
test_13739,1.00000
test_13740,0.00298
test_13741,0.00000
test_13742,0.00000
test_13743,0.00000
test_13744,0.42306
test_13745,0.08592
test_13746,0.01942
test_13747,0.00000
test_13748,0.00000
test_13749,0.97690
test_13750,0.00000
test_13751,0.99999
test_13752,0.00000
test_13753,1.00000
test_13754,1.00000
test_13755,0.00000
test_13756,1.00000
test_13757,0.61903
test_13758,0.00000
test_13759,0.29906
test_13760,0.00000
test_13761,0.00000
test_13762,0.00000
test_13763,1.00000
test_13764,1.00000
test_13765,1.00000
test_13766,0.00000
test_13767,0.10932
test_13768,1.00000
test_13769,1.00000
test_13770,0.00013
test_13771,0.99998
test_13772,0.00000
test_13773,0.99967
test_13774,0.00000
test_13775,0.00000
test_13776,1.00000
test_13777,0.21895
test_13778,1.00000
test_13779,0.74406
test_13780,1.00000
test_13781,0.00000
test_13782,1.00000
test_13783,0.04023
test_13784,0.00000
test_13785,1.00000
test_13786,0.00000
test_13787,1.00000
test_13788,0.00143
test_13789,0.28663
test_13790,0.00008
test_13791,0.00000
test_13792,0.99966
test_13793,0.00000
test_13794,0.00000
test_13795,0.00000
test_13796,1.00000
test_13797,1.00000
test_13798,0.00000
test_13799,0.00000
test_13800,0.99958
test_13801,0.99983
test_13802,0.00000
test_13803,0.00000
test_13804,0.00000
test_13805,0.00005
test_13806,0.99999
test_13807,0.00000
test_13808,1.00000
test_13809,0.11897
test_13810,1.00000
test_13811,0.00023
test_13812,0.92344
test_13813,1.00000
test_13814,0.00000
test_13815,1.00000
test_13816,1.00000
test_13817,0.99974
test_13818,0.00004
test_13819,0.99582
test_13820,1.00000
test_13821,0.00044
test_13822,0.00001
test_13823,1.00000
test_13824,0.00000
test_13825,0.00004
test_13826,0.99999
test_13827,1.00000
test_13828,0.99493
test_13829,1.00000
test_13830,0.00000
test_13831,0.00000
test_13832,0.99950
test_13833,1.00000
test_13834,0.00043
test_13835,1.00000
test_13836,1.00000
test_13837,0.50964
test_13838,0.06089
test_13839,1.00000
test_13840,1.00000
test_13841,0.00000
test_13842,1.00000
test_13843,0.00151
test_13844,0.00001
test_13845,1.00000
test_13846,0.99948
test_13847,0.00000
test_13848,1.00000
test_13849,0.11252
test_13850,0.58144
test_13851,0.99420
test_13852,0.15606
test_13853,0.99999
test_13854,0.95630
test_13855,0.00005
test_13856,0.00000
test_13857,0.99967
test_13858,0.99987
test_13859,0.99997
test_13860,0.00000
test_13861,1.00000
test_13862,0.99999
test_13863,0.99956
test_13864,0.00000
test_13865,1.00000
test_13866,0.00000
test_13867,0.00000
test_13868,0.00000
test_13869,0.32534
test_13870,0.04772
test_13871,0.00007
test_13872,0.00000
test_13873,0.99997
test_13874,1.00000
test_13875,0.00000
test_13876,1.00000
test_13877,0.11402
test_13878,0.99953
test_13879,0.00000
test_13880,0.22116
test_13881,1.00000
test_13882,0.00000
test_13883,0.99999
test_13884,0.00000
test_13885,0.00000
test_13886,0.01722
test_13887,0.88925
test_13888,0.99818
test_13889,0.00000
test_13890,0.00065
test_13891,1.00000
test_13892,1.00000
test_13893,0.00000
test_13894,0.00000
test_13895,0.00000
test_13896,0.99945
test_13897,0.00000
test_13898,1.00000
test_13899,1.00000
test_13900,1.00000
test_13901,0.00000
test_13902,0.00000
test_13903,1.00000
test_13904,0.90522
test_13905,0.00000
test_13906,1.00000
test_13907,1.00000
test_13908,0.00000
test_13909,0.05637
test_13910,1.00000
test_13911,0.00555
test_13912,0.99998
test_13913,0.00000
test_13914,0.00000
test_13915,0.00000
test_13916,0.99891
test_13917,0.00000
test_13918,0.00001
test_13919,1.00000
test_13920,0.00007
test_13921,1.00000
test_13922,0.98372
test_13923,1.00000
test_13924,1.00000
test_13925,1.00000
test_13926,1.00000
test_13927,0.00000
test_13928,1.00000
test_13929,0.99969
test_13930,1.00000
test_13931,1.00000
test_13932,1.00000
test_13933,0.00742
test_13934,0.00000
test_13935,0.00000
test_13936,0.99991
test_13937,0.96677
test_13938,0.99333
test_13939,1.00000
test_13940,1.00000
test_13941,0.00000
test_13942,0.00000
test_13943,0.98813
test_13944,1.00000
test_13945,0.00058
test_13946,0.00037
test_13947,1.00000
test_13948,0.00000
test_13949,0.00005
test_13950,0.00000
test_13951,0.00000
test_13952,0.92994
test_13953,0.99988
test_13954,1.00000
test_13955,1.00000
test_13956,1.00000
test_13957,0.00793
test_13958,0.99974
test_13959,0.00000
test_13960,0.99476
test_13961,1.00000
test_13962,0.96665
test_13963,1.00000
test_13964,0.99998
test_13965,1.00000
test_13966,0.00000
test_13967,1.00000
test_13968,0.99937
test_13969,0.00008
test_13970,0.00001
test_13971,0.99999
test_13972,0.00000
test_13973,1.00000
test_13974,0.88252
test_13975,1.00000
test_13976,0.99917
test_13977,1.00000
test_13978,0.99993
test_13979,0.00000
test_13980,0.00010
test_13981,0.00000
test_13982,0.00491
test_13983,0.99999
test_13984,0.50741
test_13985,1.00000
test_13986,0.99753
test_13987,0.00000
test_13988,1.00000
test_13989,1.00000
test_13990,1.00000
test_13991,0.33160
test_13992,1.00000
test_13993,0.00000
test_13994,0.00570
test_13995,0.98915
test_13996,0.99999
test_13997,0.00000
test_13998,0.00000
test_13999,1.00000
test_14000,0.00000
test_14001,0.00000
test_14002,0.00000
test_14003,0.06160
test_14004,0.99556
test_14005,0.04753
test_14006,1.00000
test_14007,1.00000
test_14008,0.99999
test_14009,0.99993
test_14010,0.00000
test_14011,1.00000
test_14012,1.00000
test_14013,1.00000
test_14014,0.00000
test_14015,0.88239
test_14016,1.00000
test_14017,0.00000
test_14018,0.00001
test_14019,0.99990
test_14020,0.59573
test_14021,0.00000
test_14022,1.00000
test_14023,0.00000
test_14024,0.00000
test_14025,1.00000
test_14026,0.00014
test_14027,0.00000
test_14028,1.00000
test_14029,0.00000
test_14030,1.00000
test_14031,1.00000
test_14032,0.00000
test_14033,0.00000
test_14034,0.00000
test_14035,0.73142
test_14036,0.00000
test_14037,0.00078
test_14038,0.00000
test_14039,0.76396
test_14040,0.00076
test_14041,0.00000
test_14042,1.00000
test_14043,0.90982
test_14044,0.18465
test_14045,0.00000
test_14046,0.09143
test_14047,0.99728
test_14048,0.00000
test_14049,0.00522
test_14050,0.00003
test_14051,0.00000
test_14052,0.99932
test_14053,1.00000
test_14054,1.00000
test_14055,0.00082
test_14056,0.00000
test_14057,0.99995
test_14058,1.00000
test_14059,0.99950
test_14060,0.00000
test_14061,1.00000
test_14062,0.00043
test_14063,0.00000
test_14064,1.00000
test_14065,1.00000
test_14066,0.51583
test_14067,0.00030
test_14068,1.00000
test_14069,0.00000
test_14070,0.00409
test_14071,0.00000
test_14072,0.00062
test_14073,0.00012
test_14074,1.00000
test_14075,0.00000
test_14076,0.00000
test_14077,1.00000
test_14078,0.99996
test_14079,1.00000
test_14080,1.00000
test_14081,0.99369
test_14082,0.00976
test_14083,0.00001
test_14084,0.60856
test_14085,1.00000
test_14086,0.00693
test_14087,1.00000
test_14088,1.00000
test_14089,0.69238
test_14090,0.30421
test_14091,0.00000
test_14092,0.18941
test_14093,0.02548
test_14094,1.00000
test_14095,0.99999
test_14096,1.00000
test_14097,0.98582
test_14098,0.99991
test_14099,0.00011
test_14100,0.01748
test_14101,1.00000
test_14102,0.00365
test_14103,0.00001
test_14104,0.99534
test_14105,0.00000
test_14106,0.99995
test_14107,1.00000
test_14108,0.00000
test_14109,0.00000
test_14110,0.00000
test_14111,1.00000
test_14112,0.00000
test_14113,0.00000
test_14114,0.00001
test_14115,0.00000
test_14116,1.00000
test_14117,0.99982
test_14118,0.00029
test_14119,1.00000
test_14120,0.00000
test_14121,0.00000
test_14122,0.99907
test_14123,0.96584
test_14124,0.00000
test_14125,0.99960
test_14126,0.99111
test_14127,0.88340
test_14128,0.00000
test_14129,0.22059
test_14130,0.00000
test_14131,0.05349
test_14132,0.99190
test_14133,0.00000
test_14134,0.00000
test_14135,0.85540
test_14136,0.62058
test_14137,0.00000
test_14138,0.00002
test_14139,0.00000
test_14140,0.71312
test_14141,0.95652
test_14142,0.00000
test_14143,0.00000
test_14144,0.00011
test_14145,0.00524
test_14146,0.99999
test_14147,1.00000
test_14148,0.00000
test_14149,0.99975
test_14150,0.00042
test_14151,0.73062
test_14152,0.99977
test_14153,0.00000
test_14154,0.82273
test_14155,0.42095
test_14156,0.00000
test_14157,0.00000
test_14158,1.00000
test_14159,0.00000
test_14160,0.00285
test_14161,0.00000
test_14162,0.91297
test_14163,1.00000
test_14164,0.00293
test_14165,1.00000
test_14166,0.00001
test_14167,0.87965
test_14168,0.00000
test_14169,0.00000
test_14170,1.00000
test_14171,0.99863
test_14172,0.00000
test_14173,0.00000
test_14174,0.79900
test_14175,1.00000
test_14176,0.00038
test_14177,0.00000
test_14178,0.00000
test_14179,0.99999
test_14180,0.00044
test_14181,0.03644
test_14182,0.00000
test_14183,0.99988
test_14184,0.04426
test_14185,1.00000
test_14186,0.00000
test_14187,0.00000
test_14188,0.00764
test_14189,0.00000
test_14190,1.00000
test_14191,1.00000
test_14192,0.99999
test_14193,0.00019
test_14194,0.00001
test_14195,1.00000
test_14196,1.00000
test_14197,0.99958
test_14198,0.68388
test_14199,0.00002
test_14200,0.00002
test_14201,0.00000
test_14202,0.00568
test_14203,0.96553
test_14204,0.90388
test_14205,0.84068
test_14206,0.89250
test_14207,0.00000
test_14208,0.99998
test_14209,0.02879
test_14210,1.00000
test_14211,0.00000
test_14212,1.00000
test_14213,0.00000
test_14214,1.00000
test_14215,0.99998
test_14216,0.02062
test_14217,0.00000
test_14218,0.13798
test_14219,0.61238
test_14220,0.00000
test_14221,1.00000
test_14222,0.00000
test_14223,0.00000
test_14224,0.00162
test_14225,1.00000
test_14226,0.00000
test_14227,1.00000
test_14228,0.00000
test_14229,1.00000
test_14230,1.00000
test_14231,0.00030
test_14232,0.00000
test_14233,1.00000
test_14234,0.00000
test_14235,0.00000
test_14236,0.00000
test_14237,1.00000
test_14238,0.00488
test_14239,1.00000
test_14240,0.00000
test_14241,0.99993
test_14242,0.00000
test_14243,1.00000
test_14244,0.99999
test_14245,0.99813
test_14246,1.00000
test_14247,1.00000
test_14248,1.00000
test_14249,0.00000
test_14250,1.00000
test_14251,0.99990
test_14252,0.94636
test_14253,1.00000
test_14254,1.00000
test_14255,0.00001
test_14256,0.00000
test_14257,1.00000
test_14258,0.00000
test_14259,0.99999
test_14260,0.00000
test_14261,0.00000
test_14262,0.99894
test_14263,0.00791
test_14264,1.00000
test_14265,0.00000
test_14266,0.00000
test_14267,0.27513
test_14268,0.00000
test_14269,0.01646
test_14270,0.00000
test_14271,0.00000
test_14272,0.99996
test_14273,0.00000
test_14274,1.00000
test_14275,0.00000
test_14276,0.00000
test_14277,0.00000
test_14278,1.00000
test_14279,1.00000
test_14280,0.98275
test_14281,0.99978
test_14282,0.97642
test_14283,0.00000
test_14284,1.00000
test_14285,0.99997
test_14286,1.00000
test_14287,0.00003
test_14288,0.98078
test_14289,1.00000
test_14290,0.07583
test_14291,1.00000
test_14292,0.00008
test_14293,1.00000
test_14294,0.00000
test_14295,1.00000
test_14296,1.00000
test_14297,0.98992
test_14298,1.00000
test_14299,1.00000
test_14300,0.00000
test_14301,0.00000
test_14302,0.00000
test_14303,0.99583
test_14304,0.83558
test_14305,0.62780
test_14306,0.99999
test_14307,1.00000
test_14308,1.00000
test_14309,0.00000
test_14310,0.00000
test_14311,1.00000
test_14312,0.09433
test_14313,0.99999
test_14314,1.00000
test_14315,0.00000
test_14316,0.00000
test_14317,0.23291
test_14318,0.00000
test_14319,1.00000
test_14320,0.00000
test_14321,1.00000
test_14322,0.99999
test_14323,0.00019
test_14324,0.99986
test_14325,0.20654
test_14326,0.00011
test_14327,0.00000
test_14328,1.00000
test_14329,0.00021
test_14330,0.00004
test_14331,0.00001
test_14332,0.99711
test_14333,0.00003
test_14334,1.00000
test_14335,0.99999
test_14336,1.00000
test_14337,0.00000
test_14338,0.00001
test_14339,1.00000
test_14340,0.74999
test_14341,1.00000
test_14342,0.00002
test_14343,1.00000
test_14344,0.00012
test_14345,0.00000
test_14346,1.00000
test_14347,1.00000
test_14348,0.00000
test_14349,0.99998
test_14350,0.00000
test_14351,0.00000
test_14352,0.00000
test_14353,1.00000
test_14354,0.00000
test_14355,1.00000
test_14356,0.99695
test_14357,0.00000
test_14358,1.00000
test_14359,0.99998
test_14360,0.99992
test_14361,0.00000
test_14362,1.00000
test_14363,0.00000
test_14364,1.00000
test_14365,0.00051
test_14366,0.99996
test_14367,1.00000
test_14368,0.99994
test_14369,0.99997
test_14370,1.00000
test_14371,0.77022
test_14372,0.00003
test_14373,0.21161
test_14374,0.99284
test_14375,0.00121
test_14376,0.00000
test_14377,0.00000
test_14378,1.00000
test_14379,0.00000
test_14380,1.00000
test_14381,0.01663
test_14382,0.03716
test_14383,1.00000
test_14384,0.00006
test_14385,0.00005
test_14386,0.76131
test_14387,0.15546
test_14388,0.00000
test_14389,0.00623
test_14390,1.00000
test_14391,0.99981
test_14392,1.00000
test_14393,0.00000
test_14394,1.00000
test_14395,0.97534
test_14396,1.00000
test_14397,1.00000
test_14398,0.14092
test_14399,0.99012
test_14400,0.99951
test_14401,0.78292
test_14402,0.00000
test_14403,0.99976
test_14404,0.00025
test_14405,1.00000
test_14406,0.00021
test_14407,0.00507
test_14408,0.00368
test_14409,0.99975
test_14410,1.00000
test_14411,0.00000
test_14412,0.99992
test_14413,0.99990
test_14414,0.00000
test_14415,0.17532
test_14416,1.00000
test_14417,0.00000
test_14418,0.00000
test_14419,0.00000
test_14420,0.00000
test_14421,1.00000
test_14422,0.05221
test_14423,0.00000
test_14424,0.00002
test_14425,0.89595
test_14426,0.00000
test_14427,1.00000
test_14428,0.00000
test_14429,1.00000
test_14430,0.00000
test_14431,0.99769
test_14432,0.00000
test_14433,1.00000
test_14434,1.00000
test_14435,0.00001
test_14436,0.03861
test_14437,1.00000
test_14438,0.99996
test_14439,0.00002
test_14440,0.00000
test_14441,1.00000
test_14442,0.00000
test_14443,1.00000
test_14444,0.99913
test_14445,0.00000
test_14446,0.00031
test_14447,1.00000
test_14448,0.00016
test_14449,0.00000
test_14450,0.59165
test_14451,0.99947
test_14452,0.00000
test_14453,0.04302
test_14454,0.00000
test_14455,0.99989
test_14456,0.99993
test_14457,0.00879
test_14458,1.00000
test_14459,0.00002
test_14460,0.00000
test_14461,0.00003
test_14462,1.00000
test_14463,0.61161
test_14464,0.99984
test_14465,1.00000
test_14466,0.99992
test_14467,0.00083
test_14468,0.01679
test_14469,0.00001
test_14470,0.72309
test_14471,0.00000
test_14472,0.00000
test_14473,0.00002
test_14474,0.95310
test_14475,0.99952
test_14476,1.00000
test_14477,0.99887
test_14478,1.00000
test_14479,0.99661
test_14480,1.00000
test_14481,0.12333
test_14482,0.99993
test_14483,0.37826
test_14484,1.00000
test_14485,0.74182
test_14486,0.00000
test_14487,0.99980
test_14488,1.00000
test_14489,0.00117
test_14490,0.00000
test_14491,1.00000
test_14492,0.00048
test_14493,0.00000
test_14494,0.00001
test_14495,0.00000
test_14496,0.00000
test_14497,1.00000
test_14498,1.00000
test_14499,0.00000
test_14500,0.00000
test_14501,0.00000
test_14502,1.00000
test_14503,0.99988
test_14504,0.00000
test_14505,0.00000
test_14506,0.00000
test_14507,0.97387
test_14508,0.00000
test_14509,0.00003
test_14510,0.99997
test_14511,0.99999
test_14512,1.00000
test_14513,0.00000
test_14514,0.00011
test_14515,0.00000
test_14516,1.00000
test_14517,0.00000
test_14518,0.99999
test_14519,0.55932
test_14520,0.00000
test_14521,1.00000
test_14522,0.00000
test_14523,1.00000
test_14524,1.00000
test_14525,0.99991
test_14526,0.00000
test_14527,0.65100
test_14528,1.00000
test_14529,0.00001
test_14530,1.00000
test_14531,0.99466
test_14532,0.00035
test_14533,0.00000
test_14534,0.99999
test_14535,0.00000
test_14536,1.00000
test_14537,0.00000
test_14538,0.00038
test_14539,0.00000
test_14540,0.96577
test_14541,0.00000
test_14542,1.00000
test_14543,0.00000
test_14544,0.00000
test_14545,0.01760
test_14546,0.99402
test_14547,0.99963
test_14548,0.00002
test_14549,0.02094
test_14550,0.99986
test_14551,0.93241
test_14552,0.05561
test_14553,1.00000
test_14554,0.00003
test_14555,0.00000
test_14556,0.86929
test_14557,0.99998
test_14558,0.00000
test_14559,0.00000
test_14560,0.00000
test_14561,0.99980
test_14562,1.00000
test_14563,1.00000
test_14564,0.00000
test_14565,1.00000
test_14566,0.18933
test_14567,1.00000
test_14568,1.00000
test_14569,0.00062
test_14570,0.99998
test_14571,0.00227
test_14572,0.29712
test_14573,1.00000
test_14574,1.00000
test_14575,0.00000
test_14576,0.91620
test_14577,0.97504
test_14578,0.00000
test_14579,0.00000
test_14580,0.99975
test_14581,0.99999
test_14582,1.00000
test_14583,1.00000
test_14584,1.00000
test_14585,0.99977
test_14586,0.00000
test_14587,0.00000
test_14588,1.00000
test_14589,0.00000
test_14590,1.00000
test_14591,1.00000
test_14592,0.43180
test_14593,0.99999
test_14594,1.00000
test_14595,1.00000
test_14596,0.00000
test_14597,0.03386
test_14598,0.00000
test_14599,1.00000
test_14600,1.00000
test_14601,1.00000
test_14602,0.41340
test_14603,0.63062
test_14604,0.90711
test_14605,0.00000
test_14606,0.72723
test_14607,0.00000
test_14608,1.00000
test_14609,1.00000
test_14610,0.00000
test_14611,0.00002
test_14612,0.00000
test_14613,1.00000
test_14614,1.00000
test_14615,0.97092
test_14616,0.47197
test_14617,1.00000
test_14618,1.00000
test_14619,1.00000
test_14620,1.00000
test_14621,1.00000
test_14622,1.00000
test_14623,1.00000
test_14624,0.99999
test_14625,0.99377
test_14626,1.00000
test_14627,1.00000
test_14628,0.32563
test_14629,1.00000
test_14630,0.00000
test_14631,0.00000
test_14632,0.00000
test_14633,1.00000
test_14634,0.00003
test_14635,0.95491
test_14636,0.00007
test_14637,0.00000
test_14638,0.99998
test_14639,0.00000
test_14640,0.02193
test_14641,0.00000
test_14642,0.00000
test_14643,0.99889
test_14644,0.00000
test_14645,0.01094
test_14646,0.00013
test_14647,0.00616
test_14648,0.00000
test_14649,0.99787
test_14650,1.00000
test_14651,1.00000
test_14652,0.00000
test_14653,0.99999
test_14654,0.00000
test_14655,0.90664
test_14656,0.00003
test_14657,1.00000
test_14658,0.00000
test_14659,1.00000
test_14660,0.00000
test_14661,0.00000
test_14662,0.98439
test_14663,0.99501
test_14664,1.00000
test_14665,0.00000
test_14666,1.00000
test_14667,0.39969
test_14668,1.00000
test_14669,0.00001
test_14670,1.00000
test_14671,0.00000
test_14672,0.99897
test_14673,0.99215
test_14674,0.99994
test_14675,1.00000
test_14676,0.99999
test_14677,0.00000
test_14678,0.98610
test_14679,1.00000
test_14680,0.01555
test_14681,1.00000
test_14682,0.99997
test_14683,0.00000
test_14684,1.00000
test_14685,0.99954
test_14686,0.09118
test_14687,0.01887
test_14688,1.00000
test_14689,0.00000
test_14690,0.99996
test_14691,1.00000
test_14692,0.00000
test_14693,0.99990
test_14694,0.87004
test_14695,1.00000
test_14696,1.00000
test_14697,0.00001
test_14698,0.99991
test_14699,1.00000
test_14700,1.00000
test_14701,0.00000
test_14702,1.00000
test_14703,0.00000
test_14704,1.00000
test_14705,0.00001
test_14706,0.11147
test_14707,0.00000
test_14708,0.00000
test_14709,1.00000
test_14710,1.00000
test_14711,0.00097
test_14712,0.00000
test_14713,1.00000
test_14714,0.99999
test_14715,0.93646
test_14716,0.99868
test_14717,0.16991
test_14718,0.00000
test_14719,0.01947
test_14720,1.00000
test_14721,0.99953
test_14722,1.00000
test_14723,1.00000
test_14724,0.81908
test_14725,0.99999
test_14726,1.00000
test_14727,0.99978
test_14728,0.00000
test_14729,0.06591
test_14730,0.99975
test_14731,1.00000
test_14732,0.99998
test_14733,0.99562
test_14734,0.00000
test_14735,1.00000
test_14736,1.00000
test_14737,1.00000
test_14738,0.00000
test_14739,1.00000
test_14740,1.00000
test_14741,0.00000
test_14742,0.00000
test_14743,1.00000
test_14744,1.00000
test_14745,1.00000
test_14746,0.99902
test_14747,1.00000
test_14748,0.00000
test_14749,0.99999
test_14750,0.00001
test_14751,0.00000
test_14752,0.00000
test_14753,0.00000
test_14754,1.00000
test_14755,0.00089
test_14756,1.00000
test_14757,1.00000
test_14758,1.00000
test_14759,0.00283
test_14760,0.52268
test_14761,0.99708
test_14762,0.00000
test_14763,0.28043
test_14764,1.00000
test_14765,0.00000
test_14766,1.00000
test_14767,1.00000
test_14768,1.00000
test_14769,1.00000
test_14770,1.00000
test_14771,1.00000
test_14772,0.17921
test_14773,0.00014
test_14774,0.99998
test_14775,0.00000
test_14776,0.52734
test_14777,1.00000
test_14778,0.99997
test_14779,0.00000
test_14780,1.00000
test_14781,0.00000
test_14782,0.99976
test_14783,0.00000
test_14784,0.20079
test_14785,0.99764
test_14786,0.01677
test_14787,0.00003
test_14788,0.99392
test_14789,0.13590
test_14790,0.00370
test_14791,1.00000
test_14792,0.97927
test_14793,1.00000
test_14794,0.00000
test_14795,0.99949
test_14796,0.99998
test_14797,1.00000
test_14798,1.00000
test_14799,0.07820
test_14800,0.09395
test_14801,0.00000
test_14802,0.00000
test_14803,0.13073
test_14804,0.00000
test_14805,0.00015
test_14806,0.00000
test_14807,0.00000
test_14808,0.99468
test_14809,1.00000
test_14810,0.01477
test_14811,0.00004
test_14812,0.99998
test_14813,1.00000
test_14814,0.99637
test_14815,0.99999
test_14816,0.00000
test_14817,0.99407
test_14818,0.00018
test_14819,1.00000
test_14820,0.00000
test_14821,0.00063
test_14822,1.00000
test_14823,0.00000
test_14824,0.98028
test_14825,0.06720
test_14826,0.99995
test_14827,1.00000
test_14828,0.00000
test_14829,1.00000
test_14830,0.85106
test_14831,1.00000
test_14832,0.00000
test_14833,0.00000
test_14834,0.99759
test_14835,0.00000
test_14836,1.00000
test_14837,0.00000
test_14838,0.00000
test_14839,0.19856
test_14840,0.00001
test_14841,1.00000
test_14842,1.00000
test_14843,0.00000
test_14844,0.68282
test_14845,1.00000
test_14846,1.00000
test_14847,1.00000
test_14848,1.00000
test_14849,1.00000
test_14850,0.00000
test_14851,1.00000
test_14852,0.00001
test_14853,0.00000
test_14854,0.00387
test_14855,0.99989
test_14856,0.00000
test_14857,1.00000
test_14858,0.99931
test_14859,0.99985
test_14860,1.00000
test_14861,0.07710
test_14862,1.00000
test_14863,0.06808
test_14864,0.00000
test_14865,0.98809
test_14866,0.00000
test_14867,0.00000
test_14868,0.00000
test_14869,1.00000
test_14870,0.00000
test_14871,0.99996
test_14872,0.99994
test_14873,0.04121
test_14874,0.00279
test_14875,0.99949
test_14876,0.00001
test_14877,0.00000
test_14878,1.00000
test_14879,0.99652
test_14880,1.00000
test_14881,0.00005
test_14882,0.00000
test_14883,1.00000
test_14884,0.00145
test_14885,0.98925
test_14886,0.00001
test_14887,0.99148
test_14888,1.00000
test_14889,0.00000
test_14890,0.00000
test_14891,1.00000
test_14892,0.00002
test_14893,0.00000
test_14894,0.94700
test_14895,0.99838
test_14896,0.00000
test_14897,0.00000
test_14898,0.99999
test_14899,0.00000
test_14900,0.00002
test_14901,0.00000
test_14902,0.00000
test_14903,0.99998
test_14904,0.99994
test_14905,1.00000
test_14906,1.00000
test_14907,0.49507
test_14908,0.00000
test_14909,0.00000
test_14910,0.04286
test_14911,1.00000
test_14912,1.00000
test_14913,1.00000
test_14914,0.99998
test_14915,0.00000
test_14916,1.00000
test_14917,0.99968
test_14918,0.16203
test_14919,0.00000
test_14920,0.30037
test_14921,0.00000
test_14922,0.00000
test_14923,0.00000
test_14924,1.00000
test_14925,1.00000
test_14926,0.00000
test_14927,0.00000
test_14928,1.00000
test_14929,0.00000
test_14930,0.12866
test_14931,1.00000
test_14932,0.01373
test_14933,0.00003
test_14934,0.00000
test_14935,0.00000
test_14936,0.99999
test_14937,0.99959
test_14938,0.03229
test_14939,0.00000
test_14940,0.09711
test_14941,0.99773
test_14942,0.99995
test_14943,0.00000
test_14944,0.37499
test_14945,0.00005
test_14946,0.00004
test_14947,0.98617
test_14948,0.99990
test_14949,0.17316
test_14950,1.00000
test_14951,0.02603
test_14952,0.37863
test_14953,1.00000
test_14954,0.00000
test_14955,0.00000
test_14956,0.00248
test_14957,0.42587
test_14958,0.00000
test_14959,0.00000
test_14960,0.99999
test_14961,1.00000
test_14962,0.99973
test_14963,0.87530
test_14964,0.64295
test_14965,1.00000
test_14966,1.00000
test_14967,0.00008
test_14968,0.00000
test_14969,0.00001
test_14970,0.00000
test_14971,0.00006
test_14972,1.00000
test_14973,0.01174
test_14974,1.00000
test_14975,1.00000
test_14976,0.00000
test_14977,0.00000
test_14978,0.17190
test_14979,0.00000
test_14980,1.00000
test_14981,0.99996
test_14982,0.50911
test_14983,1.00000
test_14984,0.00000
test_14985,0.00077
test_14986,0.99996
test_14987,0.00000
test_14988,0.03956
test_14989,1.00000
test_14990,0.00000
test_14991,1.00000
test_14992,1.00000
test_14993,1.00000
test_14994,0.82916
test_14995,0.00192
test_14996,1.00000
test_14997,0.00000
test_14998,1.00000
test_14999,1.00000
test_15000,1.00000
test_15001,0.99728
test_15002,0.00000
test_15003,0.00000
test_15004,0.00464
test_15005,0.00002
test_15006,0.00000
test_15007,0.00012
test_15008,1.00000
test_15009,0.00000
test_15010,0.00000
test_15011,0.00000
test_15012,0.00018
test_15013,1.00000
test_15014,0.97435
test_15015,0.99982
test_15016,0.00000
test_15017,0.00197
test_15018,0.99993
test_15019,0.18509
test_15020,1.00000
test_15021,0.00001
test_15022,0.00000
test_15023,0.99995
test_15024,1.00000
test_15025,0.00000
test_15026,0.00000
test_15027,0.00000
test_15028,0.00001
test_15029,0.99928
test_15030,0.00000
test_15031,0.00000
test_15032,0.00000
test_15033,0.00000
test_15034,1.00000
test_15035,0.99872
test_15036,0.00000
test_15037,0.00074
test_15038,0.99999
test_15039,0.01434
test_15040,0.97490
test_15041,0.00000
test_15042,0.99999
test_15043,0.00000
test_15044,0.99882
test_15045,0.01010
test_15046,0.00000
test_15047,0.98228
test_15048,1.00000
test_15049,1.00000
test_15050,1.00000
test_15051,1.00000
test_15052,0.87818
test_15053,0.00000
test_15054,0.00000
test_15055,0.00002
test_15056,1.00000
test_15057,0.99288
test_15058,0.73202
test_15059,1.00000
test_15060,0.11816
test_15061,0.99997
test_15062,1.00000
test_15063,1.00000
test_15064,0.00000
test_15065,1.00000
test_15066,0.00000
test_15067,0.99979
test_15068,0.82805
test_15069,0.00000
test_15070,0.99550
test_15071,0.00140
test_15072,1.00000
test_15073,0.00001
test_15074,0.00000
test_15075,0.00000
test_15076,0.89683
test_15077,0.98695
test_15078,0.00542
test_15079,0.04123
test_15080,0.05125
test_15081,0.27080
test_15082,0.99978
test_15083,1.00000
test_15084,1.00000
test_15085,1.00000
test_15086,0.00000
test_15087,0.95929
test_15088,0.99975
test_15089,0.00000
test_15090,0.00000
test_15091,1.00000
test_15092,1.00000
test_15093,0.00001
test_15094,1.00000
test_15095,0.00328
test_15096,0.00000
test_15097,1.00000
test_15098,0.00000
test_15099,1.00000
test_15100,1.00000
test_15101,0.00016
test_15102,1.00000
test_15103,0.64998
test_15104,1.00000
test_15105,0.99998
test_15106,0.99384
test_15107,0.00000
test_15108,0.00000
test_15109,0.71713
test_15110,1.00000
test_15111,1.00000
test_15112,0.99885
test_15113,0.57103
test_15114,0.99998
test_15115,1.00000
test_15116,1.00000
test_15117,0.25760
test_15118,0.01591
test_15119,0.00000
test_15120,0.00000
test_15121,0.00000
test_15122,0.08306
test_15123,0.01489
test_15124,0.00000
test_15125,0.34228
test_15126,0.00093
test_15127,0.99843
test_15128,0.01940
test_15129,0.00000
test_15130,0.00000
test_15131,0.51000
test_15132,0.00001
test_15133,1.00000
test_15134,1.00000
test_15135,1.00000
test_15136,1.00000
test_15137,0.00268
test_15138,0.99986
test_15139,0.00000
test_15140,0.00000
test_15141,1.00000
test_15142,1.00000
test_15143,0.00000
test_15144,0.00000
test_15145,1.00000
test_15146,1.00000
test_15147,0.00000
test_15148,0.88556
test_15149,0.00033
test_15150,0.17154
test_15151,1.00000
test_15152,0.00212
test_15153,0.00000
test_15154,1.00000
test_15155,0.00141
test_15156,0.00899
test_15157,0.00429
test_15158,0.00000
test_15159,0.00000
test_15160,0.99906
test_15161,1.00000
test_15162,1.00000
test_15163,0.00000
test_15164,0.99998
test_15165,0.00000
test_15166,0.00000
test_15167,0.04409
test_15168,0.00000
test_15169,0.00140
test_15170,0.01191
test_15171,0.99997
test_15172,0.00032
test_15173,0.00000
test_15174,0.00002
test_15175,0.97236
test_15176,0.99956
test_15177,0.01465
test_15178,0.00000
test_15179,0.67918
test_15180,1.00000
test_15181,0.00000
test_15182,0.99783
test_15183,0.00000
test_15184,1.00000
test_15185,1.00000
test_15186,0.99992
test_15187,0.99155
test_15188,1.00000
test_15189,0.99999
test_15190,0.00000
test_15191,0.05006
test_15192,0.00000
test_15193,0.37589
test_15194,0.00000
test_15195,0.00000
test_15196,0.00000
test_15197,1.00000
test_15198,0.00000
test_15199,0.00000
test_15200,0.00000
test_15201,0.99787
test_15202,1.00000
test_15203,0.00000
test_15204,1.00000
test_15205,1.00000
test_15206,1.00000
test_15207,0.99780
test_15208,0.00000
test_15209,0.00000
test_15210,0.00000
test_15211,0.00027
test_15212,0.00000
test_15213,1.00000
test_15214,0.99163
test_15215,1.00000
test_15216,0.99949
test_15217,0.19971
test_15218,1.00000
test_15219,1.00000
test_15220,0.00000
test_15221,0.00000
test_15222,1.00000
test_15223,0.02449
test_15224,0.00096
test_15225,0.00106
test_15226,0.00004
test_15227,0.00000
test_15228,1.00000
test_15229,0.00134
test_15230,1.00000
test_15231,1.00000
test_15232,0.00000
test_15233,0.00023
test_15234,0.75875
test_15235,0.00000
test_15236,0.99996
test_15237,0.00000
test_15238,0.99993
test_15239,0.36208
test_15240,1.00000
test_15241,0.00028
test_15242,0.00000
test_15243,0.00000
test_15244,0.00000
test_15245,0.94614
test_15246,0.00199
test_15247,0.99996
test_15248,0.93860
test_15249,0.60380
test_15250,1.00000
test_15251,1.00000
test_15252,0.99875
test_15253,1.00000
test_15254,0.00000
test_15255,0.00000
test_15256,0.00000
test_15257,0.98535
test_15258,0.00000
test_15259,0.00000
test_15260,0.99849
test_15261,1.00000
test_15262,0.99996
test_15263,1.00000
test_15264,0.00000
test_15265,0.00025
test_15266,1.00000
test_15267,0.00019
test_15268,0.00002
test_15269,1.00000
test_15270,1.00000
test_15271,0.96864
test_15272,1.00000
test_15273,0.93837
test_15274,0.00589
test_15275,0.00004
test_15276,0.53355
test_15277,0.00000
test_15278,1.00000
test_15279,1.00000
test_15280,0.99999
test_15281,0.00000
test_15282,1.00000
test_15283,1.00000
test_15284,0.00217
test_15285,0.68822
test_15286,0.99999
test_15287,0.99865
test_15288,0.00108
test_15289,0.00017
test_15290,0.64635
test_15291,0.10339
test_15292,0.00083
test_15293,0.00000
test_15294,1.00000
test_15295,0.05011
test_15296,1.00000
test_15297,1.00000
test_15298,0.00000
test_15299,0.00000
test_15300,0.00000
test_15301,0.00000
test_15302,0.00000
test_15303,0.61706
test_15304,0.98468
test_15305,0.99880
test_15306,1.00000
test_15307,0.95641
test_15308,0.18743
test_15309,1.00000
test_15310,0.00002
test_15311,0.00000
test_15312,0.00000
test_15313,0.00000
test_15314,0.04701
test_15315,0.68062
test_15316,1.00000
test_15317,0.11997
test_15318,0.00000
test_15319,0.00000
test_15320,0.00000
test_15321,1.00000
test_15322,0.00049
test_15323,1.00000
test_15324,0.99124
test_15325,1.00000
test_15326,0.86806
test_15327,0.99999
test_15328,0.00007
test_15329,1.00000
test_15330,0.00000
test_15331,1.00000
test_15332,0.99913
test_15333,0.00000
test_15334,0.34378
test_15335,0.00003
test_15336,0.99931
test_15337,1.00000
test_15338,0.00000
test_15339,0.24656
test_15340,0.99994
test_15341,1.00000
test_15342,0.00261
test_15343,0.00000
test_15344,1.00000
test_15345,0.99999
test_15346,0.00012
test_15347,1.00000
test_15348,0.00000
test_15349,0.99991
test_15350,0.00000
test_15351,0.00000
test_15352,0.00046
test_15353,0.07994
test_15354,0.99987
test_15355,0.67757
test_15356,0.00003
test_15357,0.00000
test_15358,0.06262
test_15359,0.99838
test_15360,1.00000
test_15361,1.00000
test_15362,0.00001
test_15363,0.56640
test_15364,0.98786
test_15365,0.00000
test_15366,0.00279
test_15367,1.00000
test_15368,0.99858
test_15369,1.00000
test_15370,0.00000
test_15371,0.00268
test_15372,0.00000
test_15373,0.00000
test_15374,0.99869
test_15375,0.00006
test_15376,1.00000
test_15377,0.99999
test_15378,1.00000
test_15379,1.00000
test_15380,1.00000
test_15381,1.00000
test_15382,0.00000
test_15383,0.00012
test_15384,0.05542
test_15385,0.00017
test_15386,0.99398
test_15387,1.00000
test_15388,1.00000
test_15389,1.00000
test_15390,0.00000
test_15391,1.00000
test_15392,0.25139
test_15393,0.99999
test_15394,0.00000
test_15395,1.00000
test_15396,0.00000
test_15397,1.00000
test_15398,1.00000
test_15399,0.45521
test_15400,0.36653
test_15401,0.00001
test_15402,0.39320
test_15403,0.00000
test_15404,0.00000
test_15405,1.00000
test_15406,0.98024
test_15407,1.00000
test_15408,0.49586
test_15409,0.98762
test_15410,0.99896
test_15411,0.99996
test_15412,1.00000
test_15413,1.00000
test_15414,1.00000
test_15415,0.99999
test_15416,0.00000
test_15417,0.99966
test_15418,1.00000
test_15419,1.00000
test_15420,1.00000
test_15421,0.84342
test_15422,0.00000
test_15423,0.03908
test_15424,1.00000
test_15425,1.00000
test_15426,0.97932
test_15427,1.00000
test_15428,1.00000
test_15429,1.00000
test_15430,1.00000
test_15431,1.00000
test_15432,0.00000
test_15433,0.00029
test_15434,0.99993
test_15435,0.99998
test_15436,0.00004
test_15437,1.00000
test_15438,0.00000
test_15439,1.00000
test_15440,0.00000
test_15441,1.00000
test_15442,0.00000
test_15443,0.00001
test_15444,0.00000
test_15445,0.99991
test_15446,0.99976
test_15447,0.00000
test_15448,1.00000
test_15449,0.00000
test_15450,1.00000
test_15451,0.00000
test_15452,0.99738
test_15453,0.71184
test_15454,0.03491
test_15455,1.00000
test_15456,1.00000
test_15457,0.00127
test_15458,0.00064
test_15459,0.02870
test_15460,0.99790
test_15461,0.93703
test_15462,0.99980
test_15463,0.00000
test_15464,0.00000
test_15465,1.00000
test_15466,1.00000
test_15467,0.00208
test_15468,0.99990
test_15469,0.00000
test_15470,0.73605
test_15471,0.00000
test_15472,0.00000
test_15473,0.82595
test_15474,0.00000
test_15475,0.00022
test_15476,0.00000
test_15477,0.99998
test_15478,1.00000
test_15479,1.00000
test_15480,0.99873
test_15481,1.00000
test_15482,0.00000
test_15483,0.99995
test_15484,0.00024
test_15485,0.99966
test_15486,0.31416
test_15487,0.00000
test_15488,0.00001
test_15489,0.00004
test_15490,0.00000
test_15491,0.00000
test_15492,1.00000
test_15493,0.00000
test_15494,0.99488
test_15495,0.01926
test_15496,0.00000
test_15497,1.00000
test_15498,0.99998
test_15499,1.00000
test_15500,0.00000
test_15501,1.00000
test_15502,0.99999
test_15503,1.00000
test_15504,1.00000
test_15505,1.00000
test_15506,1.00000
test_15507,0.00000
test_15508,1.00000
test_15509,0.00000
test_15510,0.00003
test_15511,1.00000
test_15512,0.00000
test_15513,0.87966
test_15514,1.00000
test_15515,0.98848
test_15516,0.99954
test_15517,0.00000
test_15518,0.00004
test_15519,1.00000
test_15520,0.00000
test_15521,1.00000
test_15522,0.73196
test_15523,0.00000
test_15524,0.00000
test_15525,0.00000
test_15526,1.00000
test_15527,1.00000
test_15528,0.00005
test_15529,0.00149
test_15530,0.99982
test_15531,0.00004
test_15532,0.00000
test_15533,0.00007
test_15534,0.00000
test_15535,0.00000
test_15536,0.00320
test_15537,0.99998
test_15538,0.95262
test_15539,0.26577
test_15540,0.00000
test_15541,1.00000
test_15542,0.00000
test_15543,0.20852
test_15544,1.00000
test_15545,0.80367
test_15546,0.00001
test_15547,0.00000
test_15548,0.00000
test_15549,0.00004
test_15550,0.99991
test_15551,0.00000
test_15552,0.00000
test_15553,0.99999
test_15554,0.00184
test_15555,0.99999
test_15556,0.99996
test_15557,0.00000
test_15558,0.00600
test_15559,0.00059
test_15560,1.00000
test_15561,1.00000
test_15562,1.00000
test_15563,1.00000
test_15564,0.00017
test_15565,0.00000
test_15566,0.99972
test_15567,0.00000
test_15568,1.00000
test_15569,0.00000
test_15570,0.99995
test_15571,0.15205
test_15572,0.00000
test_15573,1.00000
test_15574,1.00000
test_15575,0.00005
test_15576,1.00000
test_15577,0.99989
test_15578,1.00000
test_15579,0.99997
test_15580,1.00000
test_15581,0.00000
test_15582,0.97619
test_15583,0.00000
test_15584,0.00002
test_15585,1.00000
test_15586,1.00000
test_15587,0.00000
test_15588,0.48211
test_15589,1.00000
test_15590,0.00000
test_15591,0.00231
test_15592,0.99997
test_15593,1.00000
test_15594,0.99750
test_15595,0.00001
test_15596,1.00000
test_15597,0.99999
test_15598,0.84284
test_15599,0.00000
test_15600,0.00592
test_15601,0.99998
test_15602,0.00000
test_15603,0.00000
test_15604,0.87094
test_15605,0.00001
test_15606,0.68225
test_15607,1.00000
test_15608,0.26147
test_15609,1.00000
test_15610,0.39151
test_15611,0.91605
test_15612,1.00000
test_15613,1.00000
test_15614,0.85909
test_15615,0.00000
test_15616,0.00002
test_15617,0.99978
test_15618,0.00000
test_15619,1.00000
test_15620,0.00004
test_15621,1.00000
test_15622,0.00000
test_15623,0.00219
test_15624,0.00000
test_15625,0.00428
test_15626,1.00000
test_15627,0.99999
test_15628,0.46003
test_15629,0.00000
test_15630,0.00000
test_15631,1.00000
test_15632,0.99467
test_15633,0.99543
test_15634,0.00000
test_15635,0.00000
test_15636,1.00000
test_15637,1.00000
test_15638,1.00000
test_15639,0.31509
test_15640,1.00000
test_15641,0.99986
test_15642,0.99999
test_15643,1.00000
test_15644,0.05499
test_15645,1.00000
test_15646,1.00000
test_15647,0.00000
test_15648,0.99974
test_15649,0.00000
test_15650,1.00000
test_15651,0.00000
test_15652,1.00000
test_15653,0.00000
test_15654,1.00000
test_15655,0.00789
test_15656,0.98339
test_15657,0.19787
test_15658,0.99988
test_15659,0.00000
test_15660,0.00077
test_15661,0.00001
test_15662,0.00834
test_15663,1.00000
test_15664,0.00000
test_15665,0.99264
test_15666,1.00000
test_15667,0.00001
test_15668,1.00000
test_15669,1.00000
test_15670,0.00044
test_15671,0.75325
test_15672,1.00000
test_15673,0.00000
test_15674,0.36082
test_15675,1.00000
test_15676,0.00000
test_15677,0.00000
test_15678,1.00000
test_15679,0.99999
test_15680,1.00000
test_15681,0.00000
test_15682,0.00195
test_15683,0.06724
test_15684,1.00000
test_15685,0.00000
test_15686,1.00000
test_15687,0.99987
test_15688,0.99999
test_15689,0.71528
test_15690,0.05552
test_15691,0.00000
test_15692,0.00000
test_15693,1.00000
test_15694,0.00144
test_15695,0.00000
test_15696,0.99986
test_15697,1.00000
test_15698,0.00000
test_15699,1.00000
test_15700,0.00000
test_15701,0.99999
test_15702,1.00000
test_15703,0.99852
test_15704,0.00000
test_15705,0.00000
test_15706,1.00000
test_15707,1.00000
test_15708,0.00000
test_15709,1.00000
test_15710,1.00000
test_15711,0.99993
test_15712,0.00000
test_15713,1.00000
test_15714,0.03426
test_15715,1.00000
test_15716,0.00001
test_15717,0.00000
test_15718,1.00000
test_15719,0.00415
test_15720,1.00000
test_15721,1.00000
test_15722,1.00000
test_15723,1.00000
test_15724,1.00000
test_15725,0.99999
test_15726,0.99991
test_15727,0.03270
test_15728,0.00016
test_15729,0.00002
test_15730,0.00000
test_15731,0.00517
test_15732,0.99701
test_15733,1.00000
test_15734,0.00017
test_15735,0.00000
test_15736,0.00000
test_15737,0.99999
test_15738,0.31614
test_15739,0.10574
test_15740,0.00000
test_15741,1.00000
test_15742,1.00000
test_15743,1.00000
test_15744,0.12654
test_15745,0.99986
test_15746,1.00000
test_15747,1.00000
test_15748,0.00000
test_15749,1.00000
test_15750,0.99998
test_15751,1.00000
test_15752,0.96269
test_15753,1.00000
test_15754,0.00000
test_15755,1.00000
test_15756,0.00001
test_15757,1.00000
test_15758,0.99984
test_15759,0.00001
test_15760,1.00000
test_15761,0.99991
test_15762,0.95410
test_15763,0.77998
test_15764,0.96910
test_15765,1.00000
test_15766,0.00000
test_15767,0.88771
test_15768,0.02105
test_15769,0.00000
test_15770,0.99890
test_15771,0.00000
test_15772,1.00000
test_15773,0.00000
test_15774,1.00000
test_15775,1.00000
test_15776,0.00000
test_15777,0.00000
test_15778,0.00000
test_15779,0.00000
test_15780,0.00438
test_15781,0.00005
test_15782,0.99885
test_15783,0.99996
test_15784,0.00000
test_15785,0.00233
test_15786,1.00000
test_15787,0.57403
test_15788,0.00105
test_15789,0.00000
test_15790,0.99825
test_15791,0.00004
test_15792,1.00000
test_15793,0.99999
test_15794,1.00000
test_15795,0.00000
test_15796,0.00007
test_15797,0.00000
test_15798,0.01063
test_15799,0.00001
test_15800,0.99998
test_15801,1.00000
test_15802,0.02984
test_15803,0.00477
test_15804,0.00000
test_15805,1.00000
test_15806,0.00001
test_15807,0.99995
test_15808,1.00000
test_15809,1.00000
test_15810,0.00000
test_15811,0.99995
test_15812,0.02951
test_15813,1.00000
test_15814,0.99654
test_15815,0.00001
test_15816,0.00571
test_15817,0.04884
test_15818,0.00000
test_15819,1.00000
test_15820,0.00000
test_15821,1.00000
test_15822,0.99618
test_15823,0.00000
test_15824,1.00000
test_15825,0.00000
test_15826,0.00000
test_15827,1.00000
test_15828,0.99996
test_15829,0.96460
test_15830,0.00000
test_15831,0.00000
test_15832,1.00000
test_15833,1.00000
test_15834,0.07626
test_15835,0.00000
test_15836,1.00000
test_15837,1.00000
test_15838,0.00000
test_15839,1.00000
test_15840,0.99998
test_15841,0.00001
test_15842,0.99979
test_15843,0.02652
test_15844,0.00001
test_15845,0.99368
test_15846,0.23142
test_15847,0.00000
test_15848,0.00001
test_15849,1.00000
test_15850,0.00210
test_15851,1.00000
test_15852,0.00000
test_15853,1.00000
test_15854,0.99862
test_15855,0.99996
test_15856,0.99999
test_15857,0.00000
test_15858,0.71379
test_15859,1.00000
test_15860,0.00000
test_15861,1.00000
test_15862,0.00000
test_15863,1.00000
test_15864,1.00000
test_15865,1.00000
test_15866,0.56058
test_15867,1.00000
test_15868,0.77979
test_15869,0.00000
test_15870,0.00000
test_15871,0.71596
test_15872,0.00000
test_15873,0.00000
test_15874,0.41411
test_15875,0.00000
test_15876,0.00000
test_15877,0.00001
test_15878,1.00000
test_15879,0.00000
test_15880,0.00339
test_15881,0.00000
test_15882,1.00000
test_15883,0.00003
test_15884,1.00000
test_15885,1.00000
test_15886,0.00303
test_15887,0.99999
test_15888,0.97742
test_15889,0.97222
test_15890,0.14388
test_15891,0.99772
test_15892,0.99994
test_15893,0.00000
test_15894,0.00000
test_15895,1.00000
test_15896,1.00000
test_15897,0.99999
test_15898,0.84604
test_15899,0.00000
test_15900,1.00000
test_15901,0.99958
test_15902,0.00000
test_15903,0.26672
test_15904,0.00000
test_15905,0.99930
test_15906,0.00000
test_15907,0.99986
test_15908,0.00000
test_15909,1.00000
test_15910,0.99994
test_15911,0.00086
test_15912,0.99970
test_15913,0.99785
test_15914,1.00000
test_15915,0.00001
test_15916,0.00000
test_15917,0.00000
test_15918,0.00000
test_15919,1.00000
test_15920,1.00000
test_15921,1.00000
test_15922,0.00000
test_15923,0.99998
test_15924,0.00000
test_15925,0.03047
test_15926,1.00000
test_15927,1.00000
test_15928,1.00000
test_15929,1.00000
test_15930,0.00000
test_15931,0.00003
test_15932,1.00000
test_15933,1.00000
test_15934,0.00010
test_15935,1.00000
test_15936,0.21621
test_15937,0.99998
test_15938,1.00000
test_15939,0.89922
test_15940,0.99981
test_15941,0.99999
test_15942,0.00000
test_15943,1.00000
test_15944,0.00000
test_15945,1.00000
test_15946,0.00108
test_15947,0.10174
test_15948,0.99669
test_15949,0.92356
test_15950,0.00000
test_15951,0.00000
test_15952,1.00000
test_15953,0.00205
test_15954,1.00000
test_15955,0.00000
test_15956,0.06054
test_15957,0.00000
test_15958,0.99985
test_15959,1.00000
test_15960,0.00000
test_15961,0.99996
test_15962,1.00000
test_15963,0.00018
test_15964,1.00000
test_15965,0.00000
test_15966,1.00000
test_15967,0.00020
test_15968,0.00002
test_15969,0.07682
test_15970,0.96813
test_15971,0.00000
test_15972,0.00058
test_15973,0.01301
test_15974,0.69292
test_15975,0.00015
test_15976,0.99699
test_15977,0.95797
test_15978,0.99734
test_15979,0.99952
test_15980,0.15327
test_15981,1.00000
test_15982,0.00000
test_15983,1.00000
test_15984,1.00000
test_15985,0.00000
test_15986,0.00000
test_15987,0.00000
test_15988,1.00000
test_15989,0.00000
test_15990,0.99974
test_15991,0.99998
test_15992,0.00000
test_15993,1.00000
test_15994,0.00000
test_15995,0.55082
test_15996,0.11278
test_15997,0.00102
test_15998,0.20448
test_15999,1.00000
test_16000,0.00000
test_16001,0.00002
test_16002,0.00000
test_16003,0.99603
test_16004,0.00000
test_16005,0.00000
test_16006,0.17556
test_16007,0.99998
test_16008,0.45670
test_16009,0.00000
test_16010,0.97890
test_16011,0.87418
test_16012,0.00000
test_16013,1.00000
test_16014,0.00000
test_16015,0.00000
test_16016,0.36509
test_16017,0.00000
test_16018,0.99999
test_16019,0.00000
test_16020,1.00000
test_16021,1.00000
test_16022,1.00000
test_16023,0.00000
test_16024,0.00000
test_16025,0.00000
test_16026,0.99974
test_16027,1.00000
test_16028,0.00004
test_16029,0.00000
test_16030,0.00000
test_16031,0.38632
test_16032,1.00000
test_16033,0.00000
test_16034,1.00000
test_16035,0.00000
test_16036,0.00000
test_16037,0.00000
test_16038,0.00000
test_16039,0.00010
test_16040,0.00323
test_16041,1.00000
test_16042,1.00000
test_16043,0.99999
test_16044,0.98660
test_16045,1.00000
test_16046,0.00000
test_16047,0.03311
test_16048,0.99982
test_16049,0.00002
test_16050,1.00000
test_16051,1.00000
test_16052,0.00000
test_16053,1.00000
test_16054,0.00000
test_16055,0.00000
test_16056,0.79244
test_16057,1.00000
test_16058,0.02780
test_16059,1.00000
test_16060,1.00000
test_16061,1.00000
test_16062,0.00000
test_16063,0.99879
test_16064,1.00000
test_16065,1.00000
test_16066,0.99487
test_16067,1.00000
test_16068,0.00000
test_16069,0.72909
test_16070,0.30432
test_16071,0.99955
test_16072,0.98915
test_16073,0.00000
test_16074,0.03315
test_16075,0.99999
test_16076,0.99996
test_16077,1.00000
test_16078,0.99860
test_16079,0.98628
test_16080,1.00000
test_16081,0.99061
test_16082,1.00000
test_16083,0.20016
test_16084,0.00000
test_16085,0.00000
test_16086,1.00000
test_16087,1.00000
test_16088,1.00000
test_16089,0.00000
test_16090,0.00000
test_16091,0.97733
test_16092,0.00000
test_16093,0.01755
test_16094,1.00000
test_16095,0.99984
test_16096,1.00000
test_16097,0.07738
test_16098,0.90041
test_16099,0.99999
test_16100,0.00000
test_16101,0.00000
test_16102,1.00000
test_16103,0.00000
test_16104,0.00000
test_16105,0.98112
test_16106,0.99998
test_16107,0.99999
test_16108,0.00000
test_16109,1.00000
test_16110,0.00000
test_16111,0.99990
test_16112,1.00000
test_16113,0.99999
test_16114,0.99855
test_16115,0.00000
test_16116,0.45207
test_16117,1.00000
test_16118,0.95810
test_16119,0.99779
test_16120,0.00000
test_16121,1.00000
test_16122,0.00000
test_16123,1.00000
test_16124,0.99672
test_16125,1.00000
test_16126,0.00011
test_16127,1.00000
test_16128,0.00000
test_16129,0.03986
test_16130,0.99951
test_16131,0.21056
test_16132,1.00000
test_16133,0.00000
test_16134,1.00000
test_16135,1.00000
test_16136,1.00000
test_16137,1.00000
test_16138,1.00000
test_16139,0.99966
test_16140,0.00005
test_16141,0.00015
test_16142,0.00002
test_16143,0.95668
test_16144,0.95686
test_16145,0.00000
test_16146,0.00000
test_16147,0.19724
test_16148,0.00097
test_16149,0.18357
test_16150,0.99985
test_16151,1.00000
test_16152,0.00000
test_16153,1.00000
test_16154,0.00776
test_16155,1.00000
test_16156,1.00000
test_16157,0.00003
test_16158,0.00000
test_16159,0.00000
test_16160,0.09920
test_16161,1.00000
test_16162,0.87695
test_16163,0.00000
test_16164,0.91509
test_16165,0.00000
test_16166,0.00000
test_16167,0.17119
test_16168,0.00000
test_16169,1.00000
test_16170,1.00000
test_16171,0.00222
test_16172,0.00000
test_16173,0.94827
test_16174,0.00000
test_16175,0.99999
test_16176,0.00000
test_16177,0.00000
test_16178,0.00000
test_16179,0.00000
test_16180,0.00000
test_16181,1.00000
test_16182,0.00001
test_16183,0.00001
test_16184,1.00000
test_16185,1.00000
test_16186,0.00417
test_16187,0.00016
test_16188,0.00002
test_16189,0.87667
test_16190,0.72549
test_16191,0.01302
test_16192,0.99999
test_16193,0.99999
test_16194,0.00002
test_16195,1.00000
test_16196,0.00015
test_16197,0.99486
test_16198,0.00000
test_16199,0.91306
test_16200,0.00008
test_16201,0.00000
test_16202,1.00000
test_16203,0.99996
test_16204,1.00000
test_16205,1.00000
test_16206,1.00000
test_16207,0.99999
test_16208,0.00000
test_16209,0.88201
test_16210,1.00000
test_16211,1.00000
test_16212,1.00000
test_16213,0.99995
test_16214,0.00000
test_16215,0.43907
test_16216,1.00000
test_16217,0.00000
test_16218,1.00000
test_16219,1.00000
test_16220,1.00000
test_16221,0.99565
test_16222,0.99261
test_16223,0.99980
test_16224,1.00000
test_16225,0.99836
test_16226,0.99998
test_16227,0.00000
test_16228,0.00002
test_16229,0.99933
test_16230,0.99998
test_16231,1.00000
test_16232,0.00000
test_16233,0.00000
test_16234,0.96841
test_16235,1.00000
test_16236,0.00000
test_16237,1.00000
test_16238,0.00505
test_16239,0.00024
test_16240,0.99490
test_16241,0.00000
test_16242,0.09808
test_16243,0.99992
test_16244,0.23639
test_16245,1.00000
test_16246,0.99701
test_16247,0.00000
test_16248,1.00000
test_16249,0.00000
test_16250,1.00000
test_16251,0.99972
test_16252,0.00000
test_16253,0.96535
test_16254,0.93069
test_16255,0.00000
test_16256,0.00132
test_16257,0.48749
test_16258,0.00000
test_16259,1.00000
test_16260,0.22320
test_16261,0.99992
test_16262,1.00000
test_16263,0.65329
test_16264,0.00000
test_16265,1.00000
test_16266,1.00000
test_16267,0.00000
test_16268,1.00000
test_16269,0.00000
test_16270,0.97657
test_16271,1.00000
test_16272,1.00000
test_16273,1.00000
test_16274,1.00000
test_16275,0.00000
test_16276,0.00001
test_16277,1.00000
test_16278,0.00000
test_16279,0.00000
test_16280,0.99995
test_16281,0.99940
test_16282,1.00000
test_16283,0.00000
test_16284,0.15895
test_16285,0.70500
test_16286,0.00001
test_16287,1.00000
test_16288,0.00000
test_16289,0.99934
test_16290,0.00019
test_16291,1.00000
test_16292,0.97267
test_16293,0.99792
test_16294,0.00000
test_16295,0.99999
test_16296,0.00000
test_16297,1.00000
test_16298,0.86094
test_16299,0.82132
test_16300,0.00000
test_16301,0.00000
test_16302,0.00000
test_16303,1.00000
test_16304,0.00000
test_16305,1.00000
test_16306,0.99936
test_16307,1.00000
test_16308,0.99999
test_16309,1.00000
test_16310,0.00000
test_16311,0.99319
test_16312,0.99054
test_16313,0.00000
test_16314,1.00000
test_16315,0.03420
test_16316,0.40339
test_16317,0.99987
test_16318,0.99989
test_16319,0.00000
test_16320,1.00000
test_16321,0.88057
test_16322,0.00057
test_16323,0.00573
test_16324,0.99999
test_16325,0.28589
test_16326,0.99998
test_16327,0.00001
test_16328,0.00741
test_16329,0.00000
test_16330,0.37314
test_16331,0.00000
test_16332,0.29693
test_16333,0.00000
test_16334,0.99986
test_16335,1.00000
test_16336,0.00000
test_16337,0.74550
test_16338,1.00000
test_16339,0.88840
test_16340,0.99985
test_16341,1.00000
test_16342,0.51895
test_16343,0.99717
test_16344,0.99977
test_16345,0.00003
test_16346,0.99948
test_16347,0.00000
test_16348,1.00000
test_16349,1.00000
test_16350,0.97864
test_16351,0.90166
test_16352,0.00000
test_16353,0.99999
test_16354,0.00011
test_16355,1.00000
test_16356,0.00470
test_16357,0.12531
test_16358,0.00000
test_16359,0.98788
test_16360,0.01180
test_16361,0.00000
test_16362,1.00000
test_16363,0.99955
test_16364,0.00744
test_16365,0.99990
test_16366,0.00000
test_16367,1.00000
test_16368,0.00005
test_16369,0.00000
test_16370,0.00000
test_16371,0.16050
test_16372,1.00000
test_16373,0.99999
test_16374,0.00000
test_16375,1.00000
test_16376,0.99903
test_16377,1.00000
test_16378,0.13004
test_16379,0.00000
test_16380,0.00000
test_16381,0.91599
test_16382,0.00000
test_16383,0.60985
test_16384,1.00000
test_16385,0.00000
test_16386,0.99988
test_16387,1.00000
test_16388,0.25625
test_16389,1.00000
test_16390,1.00000
test_16391,0.00003
test_16392,1.00000
test_16393,0.00675
test_16394,0.99997
test_16395,0.00001
test_16396,1.00000
test_16397,0.00000
test_16398,1.00000
test_16399,0.00000
test_16400,0.00000
test_16401,1.00000
test_16402,1.00000
test_16403,0.99781
test_16404,1.00000
test_16405,0.00000
test_16406,0.00990
test_16407,1.00000
test_16408,0.78661
test_16409,0.00000
test_16410,0.00001
test_16411,0.04515
test_16412,0.00000
test_16413,0.00000
test_16414,1.00000
test_16415,1.00000
test_16416,0.00003
test_16417,0.02597
test_16418,0.00000
test_16419,0.00000
test_16420,0.00000
test_16421,1.00000
test_16422,1.00000
test_16423,1.00000
test_16424,0.80249
test_16425,0.00768
test_16426,0.01360
test_16427,0.99707
test_16428,0.00000
test_16429,1.00000
test_16430,1.00000
test_16431,1.00000
test_16432,0.00000
test_16433,0.00004
test_16434,0.00006
test_16435,0.00003
test_16436,0.00000
test_16437,0.99997
test_16438,1.00000
test_16439,1.00000
test_16440,1.00000
test_16441,0.00000
test_16442,0.99996
test_16443,0.00000
test_16444,1.00000
test_16445,0.95035
test_16446,0.00000
test_16447,0.99036
test_16448,0.19001
test_16449,1.00000
test_16450,0.00000
test_16451,0.00000
test_16452,0.00000
test_16453,0.99898
test_16454,0.00000
test_16455,1.00000
test_16456,0.97504
test_16457,0.00569
test_16458,0.00000
test_16459,0.01315
test_16460,0.00000
test_16461,1.00000
test_16462,0.00229
test_16463,1.00000
test_16464,1.00000
test_16465,1.00000
test_16466,0.92745
test_16467,0.50374
test_16468,0.99991
test_16469,1.00000
test_16470,0.99983
test_16471,0.00009
test_16472,0.00000
test_16473,0.01720
test_16474,0.99915
test_16475,0.00001
test_16476,0.00000
test_16477,0.00000
test_16478,1.00000
test_16479,0.27235
test_16480,0.99997
test_16481,0.00000
test_16482,1.00000
test_16483,0.00000
test_16484,0.65397
test_16485,0.00000
test_16486,0.99983
test_16487,0.28157
test_16488,0.00000
test_16489,0.00000
test_16490,0.69942
test_16491,0.16437
test_16492,0.00000
test_16493,0.00000
test_16494,0.00001
test_16495,0.00034
test_16496,0.50269
test_16497,0.00000
test_16498,0.00000
test_16499,0.00009
test_16500,0.00015
test_16501,1.00000
test_16502,0.00002
test_16503,0.00000
test_16504,0.00000
test_16505,1.00000
test_16506,0.00000
test_16507,0.99999
test_16508,1.00000
test_16509,0.00000
test_16510,0.00001
test_16511,1.00000
test_16512,0.00000
test_16513,0.00000
test_16514,0.00000
test_16515,0.75036
test_16516,1.00000
test_16517,0.00000
test_16518,1.00000
test_16519,1.00000
test_16520,0.02310
test_16521,0.00000
test_16522,1.00000
test_16523,1.00000
test_16524,0.28564
test_16525,0.00000
test_16526,1.00000
test_16527,0.00000
test_16528,0.00000
test_16529,1.00000
test_16530,0.00000
test_16531,0.00000
test_16532,1.00000
test_16533,0.00000
test_16534,0.99891
test_16535,1.00000
test_16536,0.00000
test_16537,0.85987
test_16538,1.00000
test_16539,1.00000
test_16540,0.00000
test_16541,0.00000
test_16542,0.99309
test_16543,0.99980
test_16544,0.00100
test_16545,0.00000
test_16546,1.00000
test_16547,1.00000
test_16548,0.00022
test_16549,0.03745
test_16550,1.00000
test_16551,1.00000
test_16552,1.00000
test_16553,0.00005
test_16554,0.00003
test_16555,0.00112
test_16556,1.00000
test_16557,1.00000
test_16558,1.00000
test_16559,0.99887
test_16560,0.00318
test_16561,0.97345
test_16562,0.00013
test_16563,0.03368
test_16564,1.00000
test_16565,0.99971
test_16566,0.00000
test_16567,1.00000
test_16568,1.00000
test_16569,0.00000
test_16570,0.30775
test_16571,0.97071
test_16572,0.87926
test_16573,0.00000
test_16574,0.00001
test_16575,0.00048
test_16576,0.00000
test_16577,0.00000
test_16578,1.00000
test_16579,0.01863
test_16580,0.00000
test_16581,0.00000
test_16582,1.00000
test_16583,1.00000
test_16584,1.00000
test_16585,0.00000
test_16586,0.74868
test_16587,0.98865
test_16588,0.63298
test_16589,1.00000
test_16590,0.00000
test_16591,1.00000
test_16592,0.00097
test_16593,0.00005
test_16594,0.00000
test_16595,0.00384
test_16596,0.00000
test_16597,1.00000
test_16598,0.99973
test_16599,0.63361
test_16600,0.99999
test_16601,0.00000
test_16602,0.99966
test_16603,0.93026
test_16604,1.00000
test_16605,0.00000
test_16606,0.00000
test_16607,0.02215
test_16608,1.00000
test_16609,1.00000
test_16610,0.00000
test_16611,0.99336
test_16612,0.00000
test_16613,1.00000
test_16614,0.98329
test_16615,0.00589
test_16616,0.00000
test_16617,0.20464
test_16618,0.01290
test_16619,0.00000
test_16620,0.09841
test_16621,1.00000
test_16622,1.00000
test_16623,0.34235
test_16624,1.00000
test_16625,0.00000
test_16626,0.00003
test_16627,0.00000
test_16628,0.00001
test_16629,0.00001
test_16630,0.00000
test_16631,0.00000
test_16632,1.00000
test_16633,0.00000
test_16634,0.10339
test_16635,0.00000
test_16636,0.99980
test_16637,0.00003
test_16638,1.00000
test_16639,1.00000
test_16640,0.72530
test_16641,0.37107
test_16642,0.99999
test_16643,1.00000
test_16644,1.00000
test_16645,1.00000
test_16646,1.00000
test_16647,0.98793
test_16648,0.35932
test_16649,0.99919
test_16650,0.00000
test_16651,0.00000
test_16652,0.00000
test_16653,0.89758
test_16654,1.00000
test_16655,0.00000
test_16656,0.36169
test_16657,1.00000
test_16658,0.92963
test_16659,0.37589
test_16660,1.00000
test_16661,0.00000
test_16662,1.00000
test_16663,0.00000
test_16664,1.00000
test_16665,0.00001
test_16666,1.00000
test_16667,0.00000
test_16668,1.00000
test_16669,0.00018
test_16670,0.00004
test_16671,0.00000
test_16672,1.00000
test_16673,0.00002
test_16674,0.00000
test_16675,0.00249
test_16676,0.99894
test_16677,0.63290
test_16678,0.99997
test_16679,0.00000
test_16680,0.31107
test_16681,0.00000
test_16682,1.00000
test_16683,0.00001
test_16684,0.00000
test_16685,0.00000
test_16686,0.00002
test_16687,1.00000
test_16688,0.99973
test_16689,0.99812
test_16690,1.00000
test_16691,0.00000
test_16692,1.00000
test_16693,0.00000
test_16694,1.00000
test_16695,0.00052
test_16696,0.00000
test_16697,0.00000
test_16698,0.72627
test_16699,0.00000
test_16700,0.00598
test_16701,0.00000
test_16702,0.00000
test_16703,1.00000
test_16704,0.00062
test_16705,0.99977
test_16706,1.00000
test_16707,0.19273
test_16708,1.00000
test_16709,1.00000
test_16710,0.00000
test_16711,0.99845
test_16712,0.00002
test_16713,0.00000
test_16714,0.00000
test_16715,0.00000
test_16716,0.00000
test_16717,0.45278
test_16718,0.00000
test_16719,0.90106
test_16720,0.00000
test_16721,1.00000
test_16722,1.00000
test_16723,1.00000
test_16724,0.00000
test_16725,0.06841
test_16726,0.00000
test_16727,0.99997
test_16728,0.00000
test_16729,0.00011
test_16730,0.99980
test_16731,0.00000
test_16732,0.00041
test_16733,0.00000
test_16734,0.99994
test_16735,0.00000
test_16736,1.00000
test_16737,1.00000
test_16738,1.00000
test_16739,1.00000
test_16740,1.00000
test_16741,0.00000
test_16742,0.00000
test_16743,0.00000
test_16744,0.99985
test_16745,0.00027
test_16746,0.00529
test_16747,0.86848
test_16748,1.00000
test_16749,0.99978
test_16750,0.00015
test_16751,1.00000
test_16752,0.00005
test_16753,1.00000
test_16754,0.00001
test_16755,0.00021
test_16756,1.00000
test_16757,0.00000
test_16758,0.99999
test_16759,0.29310
test_16760,0.99991
test_16761,1.00000
test_16762,1.00000
test_16763,1.00000
test_16764,0.00000
test_16765,0.99999
test_16766,1.00000
test_16767,0.00002
test_16768,0.00000
test_16769,0.99284
test_16770,0.87477
test_16771,0.99913
test_16772,0.00000
test_16773,0.26965
test_16774,0.99988
test_16775,0.00000
test_16776,0.00039
test_16777,0.99141
test_16778,0.00006
test_16779,0.00000
test_16780,1.00000
test_16781,0.00000
test_16782,1.00000
test_16783,1.00000
test_16784,0.99999
test_16785,1.00000
test_16786,0.00000
test_16787,0.03614
test_16788,0.21000
test_16789,1.00000
test_16790,0.04193
test_16791,0.00000
test_16792,0.99996
test_16793,0.00000
test_16794,0.99997
test_16795,0.00000
test_16796,0.95187
test_16797,0.00067
test_16798,0.01855
test_16799,0.99999
test_16800,0.98981
test_16801,1.00000
test_16802,0.99996
test_16803,0.00000
test_16804,1.00000
test_16805,1.00000
test_16806,1.00000
test_16807,1.00000
test_16808,0.00000
test_16809,0.00001
test_16810,0.00000
test_16811,0.99999
test_16812,0.00000
test_16813,0.00001
test_16814,0.90633
test_16815,0.99994
test_16816,0.00000
test_16817,1.00000
test_16818,0.00001
test_16819,1.00000
test_16820,0.16556
test_16821,0.99994
test_16822,1.00000
test_16823,0.98708
test_16824,1.00000
test_16825,0.12591
test_16826,0.99069
test_16827,0.07401
test_16828,0.00000
test_16829,0.00000
test_16830,0.00000
test_16831,0.98574
test_16832,1.00000
test_16833,0.00315
test_16834,0.97767
test_16835,1.00000
test_16836,0.00000
test_16837,0.99999
test_16838,0.00018
test_16839,0.99661
test_16840,1.00000
test_16841,1.00000
test_16842,0.66298
test_16843,0.00000
test_16844,1.00000
test_16845,0.00000
test_16846,0.00000
test_16847,0.02614
test_16848,1.00000
test_16849,1.00000
test_16850,0.00002
test_16851,0.00000
test_16852,0.05695
test_16853,0.00001
test_16854,0.00000
test_16855,0.00000
test_16856,0.99377
test_16857,1.00000
test_16858,1.00000
test_16859,0.00000
test_16860,1.00000
test_16861,0.02735
test_16862,0.00000
test_16863,1.00000
test_16864,1.00000
test_16865,0.04399
test_16866,0.00039
test_16867,0.03173
test_16868,0.99676
test_16869,0.83203
test_16870,1.00000
test_16871,1.00000
test_16872,1.00000
test_16873,0.00000
test_16874,0.01070
test_16875,0.00000
test_16876,0.99999
test_16877,0.00000
test_16878,0.00000
test_16879,0.66835
test_16880,0.99877
test_16881,0.00000
test_16882,0.00003
test_16883,1.00000
test_16884,1.00000
test_16885,0.02244
test_16886,0.99971
test_16887,1.00000
test_16888,1.00000
test_16889,0.99997
test_16890,1.00000
test_16891,0.00277
test_16892,1.00000
test_16893,0.99999
test_16894,1.00000
test_16895,0.02605
test_16896,1.00000
test_16897,0.00028
test_16898,0.00000
test_16899,0.07160
test_16900,0.00001
test_16901,0.00002
test_16902,0.00000
test_16903,1.00000
test_16904,1.00000
test_16905,0.00000
test_16906,0.49009
test_16907,1.00000
test_16908,0.00000
test_16909,1.00000
test_16910,0.00001
test_16911,0.00069
test_16912,1.00000
test_16913,0.15606
test_16914,0.00000
test_16915,1.00000
test_16916,0.99996
test_16917,0.00000
test_16918,0.99005
test_16919,0.00001
test_16920,0.99996
test_16921,1.00000
test_16922,0.98500
test_16923,0.00000
test_16924,0.99595
test_16925,0.00003
test_16926,0.00000
test_16927,0.00694
test_16928,0.00000
test_16929,0.00375
test_16930,0.04260
test_16931,0.97088
test_16932,0.00009
test_16933,0.99999
test_16934,0.99998
test_16935,0.97525
test_16936,0.99334
test_16937,0.99006
test_16938,0.00048
test_16939,0.99992
test_16940,1.00000
test_16941,0.99999
test_16942,1.00000
test_16943,0.77097
test_16944,0.00000
test_16945,0.00000
test_16946,0.98821
test_16947,0.00014
test_16948,0.00000
test_16949,0.99988
test_16950,1.00000
test_16951,0.99978
test_16952,0.99998
test_16953,1.00000
test_16954,0.00000
test_16955,0.00211
test_16956,0.00000
test_16957,0.00017
test_16958,1.00000
test_16959,0.08054
test_16960,1.00000
test_16961,0.00000
test_16962,0.00026
test_16963,1.00000
test_16964,0.00000
test_16965,1.00000
test_16966,0.00000
test_16967,0.00012
test_16968,0.00000
test_16969,0.99996
test_16970,0.00000
test_16971,1.00000
test_16972,0.02637
test_16973,1.00000
test_16974,0.95027
test_16975,0.00000
test_16976,0.00000
test_16977,0.46182
test_16978,1.00000
test_16979,0.06500
test_16980,1.00000
test_16981,1.00000
test_16982,0.00000
test_16983,1.00000
test_16984,0.00000
test_16985,0.00000
test_16986,0.02093
test_16987,0.00000
test_16988,0.00000
test_16989,0.00000
test_16990,0.00000
test_16991,0.00000
test_16992,1.00000
test_16993,0.07068
test_16994,0.00000
test_16995,0.17529
test_16996,0.32670
test_16997,1.00000
test_16998,0.00000
test_16999,1.00000
test_17000,0.07489
test_17001,0.99998
test_17002,0.99997
test_17003,0.00000
test_17004,1.00000
test_17005,0.99743
test_17006,0.99988
test_17007,0.84534
test_17008,1.00000
test_17009,0.00000
test_17010,0.00001
test_17011,0.07056
test_17012,0.20868
test_17013,0.03488
test_17014,0.00000
test_17015,0.00607
test_17016,0.99981
test_17017,0.54127
test_17018,0.00002
test_17019,0.00000
test_17020,0.99997
test_17021,1.00000
test_17022,0.00002
test_17023,0.00000
test_17024,0.99999
test_17025,0.00000
test_17026,0.00110
test_17027,1.00000
test_17028,0.99999
test_17029,0.00003
test_17030,1.00000
test_17031,0.00069
test_17032,1.00000
test_17033,0.82569
test_17034,0.00000
test_17035,0.37699
test_17036,1.00000
test_17037,0.00000
test_17038,0.11837
test_17039,0.00000
test_17040,0.05893
test_17041,0.04002
test_17042,0.00000
test_17043,0.00000
test_17044,0.64599
test_17045,0.00351
test_17046,1.00000
test_17047,0.99915
test_17048,0.89711
test_17049,1.00000
test_17050,0.63850
test_17051,0.99998
test_17052,0.00000
test_17053,1.00000
test_17054,1.00000
test_17055,0.00000
test_17056,1.00000
test_17057,1.00000
test_17058,0.00000
test_17059,0.00000
test_17060,0.09073
test_17061,0.00001
test_17062,0.98612
test_17063,0.99867
test_17064,0.00000
test_17065,0.98662
test_17066,0.00000
test_17067,1.00000
test_17068,0.00000
test_17069,1.00000
test_17070,0.00000
test_17071,1.00000
test_17072,0.97724
test_17073,0.00314
test_17074,1.00000
test_17075,0.99988
test_17076,0.00001
test_17077,0.45053
test_17078,0.05825
test_17079,1.00000
test_17080,1.00000
test_17081,0.00001
test_17082,1.00000
test_17083,0.99995
test_17084,0.00001
test_17085,0.00154
test_17086,1.00000
test_17087,0.99714
test_17088,1.00000
test_17089,0.00000
test_17090,0.01354
test_17091,0.00000
test_17092,0.00000
test_17093,0.00067
test_17094,0.00000
test_17095,1.00000
test_17096,0.00000
test_17097,1.00000
test_17098,0.00119
test_17099,1.00000
test_17100,0.00000
test_17101,0.06654
test_17102,1.00000
test_17103,0.00000
test_17104,0.48244
test_17105,1.00000
test_17106,1.00000
test_17107,0.00000
test_17108,0.00000
test_17109,1.00000
test_17110,1.00000
test_17111,0.72792
test_17112,1.00000
test_17113,0.99998
test_17114,1.00000
test_17115,0.20301
test_17116,1.00000
test_17117,0.00001
test_17118,0.98630
test_17119,0.99999
test_17120,0.32093
test_17121,0.74198
test_17122,1.00000
test_17123,0.00017
test_17124,0.00003
test_17125,0.99993
test_17126,0.99912
test_17127,0.00000
test_17128,0.00000
test_17129,1.00000
test_17130,1.00000
test_17131,0.00000
test_17132,0.99959
test_17133,0.00000
test_17134,0.00000
test_17135,0.00000
test_17136,1.00000
test_17137,0.03842
test_17138,0.99458
test_17139,0.01271
test_17140,0.00000
test_17141,0.15698
test_17142,1.00000
test_17143,1.00000
test_17144,0.00000
test_17145,0.00000
test_17146,1.00000
test_17147,1.00000
test_17148,0.00000
test_17149,0.82847
test_17150,0.00000
test_17151,1.00000
test_17152,0.00007
test_17153,0.00000
test_17154,0.00000
test_17155,0.00000
test_17156,0.00000
test_17157,1.00000
test_17158,0.92702
test_17159,0.00000
test_17160,0.99995
test_17161,0.99523
test_17162,0.00000
test_17163,0.99738
test_17164,1.00000
test_17165,1.00000
test_17166,0.00000
test_17167,0.00342
test_17168,1.00000
test_17169,1.00000
test_17170,0.19765
test_17171,0.00001
test_17172,0.94631
test_17173,1.00000
test_17174,0.99925
test_17175,0.00571
test_17176,0.00667
test_17177,1.00000
test_17178,0.99998
test_17179,0.99763
test_17180,1.00000
test_17181,1.00000
test_17182,0.00000
test_17183,0.99244
test_17184,0.00369
test_17185,0.99999
test_17186,0.99657
test_17187,0.99999
test_17188,0.00000
test_17189,0.00143
test_17190,0.00000
test_17191,0.12918
test_17192,0.22638
test_17193,0.00003
test_17194,0.99962
test_17195,0.00000
test_17196,0.00000
test_17197,0.00001
test_17198,0.00000
test_17199,0.00000
test_17200,1.00000
test_17201,0.00000
test_17202,0.00000
test_17203,1.00000
test_17204,1.00000
test_17205,0.00000
test_17206,1.00000
test_17207,0.00000
test_17208,1.00000
test_17209,0.32196
test_17210,0.00671
test_17211,0.00002
test_17212,1.00000
test_17213,0.62645
test_17214,1.00000
test_17215,1.00000
test_17216,0.00000
test_17217,0.00000
test_17218,0.00000
test_17219,0.00000
test_17220,0.00000
test_17221,0.00000
test_17222,1.00000
test_17223,0.00004
test_17224,0.00000
test_17225,0.07090
test_17226,0.00070
test_17227,0.99684
test_17228,1.00000
test_17229,1.00000
test_17230,1.00000
test_17231,0.99999
test_17232,0.00000
test_17233,0.00000
test_17234,0.62830
test_17235,1.00000
test_17236,0.00000
test_17237,1.00000
test_17238,0.00006
test_17239,0.99547
test_17240,0.00005
test_17241,0.00000
test_17242,1.00000
test_17243,0.00000
test_17244,1.00000
test_17245,0.00000
test_17246,0.00115
test_17247,0.00000
test_17248,0.02256
test_17249,0.99998
test_17250,0.00000
test_17251,1.00000
test_17252,0.99718
test_17253,0.44260
test_17254,0.00000
test_17255,1.00000
test_17256,0.00000
test_17257,0.00000
test_17258,0.00766
test_17259,1.00000
test_17260,0.00000
test_17261,1.00000
test_17262,0.00003
test_17263,1.00000
test_17264,1.00000
test_17265,1.00000
test_17266,0.00000
test_17267,0.00101
test_17268,0.00069
test_17269,0.00006
test_17270,0.97700
test_17271,0.00000
test_17272,1.00000
test_17273,1.00000
test_17274,0.99964
test_17275,0.51339
test_17276,1.00000
test_17277,0.99994
test_17278,0.00006
test_17279,0.00256
test_17280,0.19930
test_17281,0.00000
test_17282,1.00000
test_17283,0.00000
test_17284,0.98908
test_17285,1.00000
test_17286,1.00000
test_17287,0.00000
test_17288,1.00000
test_17289,0.99982
test_17290,0.00000
test_17291,0.99999
test_17292,1.00000
test_17293,0.00014
test_17294,0.99985
test_17295,0.00017
test_17296,0.02357
test_17297,0.99966
test_17298,0.49877
test_17299,1.00000
test_17300,0.00038
test_17301,0.99996
test_17302,0.07602
test_17303,0.00000
test_17304,0.00000
test_17305,0.99964
test_17306,0.99999
test_17307,0.99957
test_17308,0.98711
test_17309,0.00000
test_17310,0.99999
test_17311,0.00000
test_17312,0.99992
test_17313,0.19224
test_17314,0.99994
test_17315,0.00003
test_17316,0.00000
test_17317,1.00000
test_17318,0.99317
test_17319,1.00000
test_17320,1.00000
test_17321,1.00000
test_17322,0.00000
test_17323,1.00000
test_17324,0.00000
test_17325,0.00076
test_17326,0.99998
test_17327,0.00000
test_17328,0.99204
test_17329,0.00000
test_17330,0.00000
test_17331,0.21767
test_17332,1.00000
test_17333,0.34223
test_17334,0.00000
test_17335,0.99770
test_17336,0.00000
test_17337,0.00000
test_17338,1.00000
test_17339,0.00000
test_17340,0.00003
test_17341,0.00000
test_17342,0.00000
test_17343,0.00000
test_17344,0.99999
test_17345,1.00000
test_17346,0.99999
test_17347,0.00003
test_17348,1.00000
test_17349,0.00000
test_17350,0.00000
test_17351,0.99968
test_17352,1.00000
test_17353,1.00000
test_17354,0.99999
test_17355,0.00000
test_17356,0.00000
test_17357,1.00000
test_17358,0.00000
test_17359,0.99704
test_17360,1.00000
test_17361,1.00000
test_17362,0.00000
test_17363,0.00000
test_17364,0.02532
test_17365,0.00023
test_17366,0.00091
test_17367,0.99886
test_17368,0.00007
test_17369,0.30955
test_17370,0.44540
test_17371,1.00000
test_17372,0.58936
test_17373,0.00000
test_17374,1.00000
test_17375,0.00012
test_17376,1.00000
test_17377,0.00000
test_17378,0.00001
test_17379,1.00000
test_17380,1.00000
test_17381,0.00000
test_17382,0.46732
test_17383,1.00000
test_17384,0.00000
test_17385,0.00000
test_17386,0.00000
test_17387,0.99992
test_17388,0.00000
test_17389,0.00000
test_17390,0.00001
test_17391,0.04695
test_17392,0.00000
test_17393,0.34652
test_17394,0.00000
test_17395,0.00000
test_17396,1.00000
test_17397,0.00000
test_17398,1.00000
test_17399,0.96707
test_17400,0.00119
test_17401,0.99997
test_17402,1.00000
test_17403,0.99845
test_17404,1.00000
test_17405,0.96522
test_17406,0.00000
test_17407,1.00000
test_17408,0.00004
test_17409,1.00000
test_17410,1.00000
test_17411,1.00000
test_17412,0.54272
test_17413,0.99999
test_17414,0.00000
test_17415,0.00000
test_17416,0.99999
test_17417,1.00000
test_17418,0.27385
test_17419,0.00000
test_17420,1.00000
test_17421,0.98320
test_17422,0.99877
test_17423,0.99996
test_17424,1.00000
test_17425,0.53457
test_17426,0.73400
test_17427,1.00000
test_17428,0.00010
test_17429,0.00008
test_17430,0.99992
test_17431,0.00000
test_17432,0.00326
test_17433,0.00001
test_17434,0.53428
test_17435,0.99897
test_17436,0.00000
test_17437,1.00000
test_17438,1.00000
test_17439,0.00000
test_17440,0.00000
test_17441,1.00000
test_17442,0.00000
test_17443,1.00000
test_17444,0.00000
test_17445,0.00000
test_17446,1.00000
test_17447,0.00000
test_17448,0.98103
test_17449,1.00000
test_17450,1.00000
test_17451,0.00097
test_17452,0.00000
test_17453,1.00000
test_17454,1.00000
test_17455,0.00000
test_17456,0.00001
test_17457,0.99812
test_17458,0.00003
test_17459,0.01416
test_17460,0.00003
test_17461,0.97075
test_17462,0.07222
test_17463,0.00000
test_17464,0.00000
test_17465,0.00000
test_17466,0.09865
test_17467,1.00000
test_17468,1.00000
test_17469,0.00008
test_17470,0.00209
test_17471,1.00000
test_17472,0.99912
test_17473,1.00000
test_17474,1.00000
test_17475,0.00073
test_17476,0.99981
test_17477,0.00000
test_17478,0.00000
test_17479,0.00000
test_17480,1.00000
test_17481,0.97652
test_17482,1.00000
test_17483,0.00000
test_17484,0.00000
test_17485,0.99886
test_17486,0.00000
test_17487,0.51412
test_17488,0.00000
test_17489,1.00000
test_17490,0.00000
test_17491,0.99999
test_17492,0.00000
test_17493,1.00000
test_17494,0.00341
test_17495,0.06741
test_17496,0.04509
test_17497,0.00000
test_17498,0.00087
test_17499,1.00000
test_17500,0.00000
test_17501,0.95279
test_17502,0.00000
test_17503,0.99999
test_17504,0.00001
test_17505,0.00000
test_17506,0.00000
test_17507,1.00000
test_17508,1.00000
test_17509,1.00000
test_17510,0.00000
test_17511,0.95016
test_17512,0.25294
test_17513,0.99992
test_17514,1.00000
test_17515,1.00000
test_17516,0.00000
test_17517,0.96274
test_17518,0.00291
test_17519,0.00000
test_17520,0.00000
test_17521,1.00000
test_17522,0.96192
test_17523,0.00000
test_17524,1.00000
test_17525,0.99999
test_17526,1.00000
test_17527,0.09157
test_17528,0.98274
test_17529,0.00474
test_17530,1.00000
test_17531,0.00736
test_17532,0.00003
test_17533,1.00000
test_17534,0.99507
test_17535,0.99998
test_17536,1.00000
test_17537,0.99335
test_17538,0.99933
test_17539,0.00311
test_17540,0.00000
test_17541,1.00000
test_17542,1.00000
test_17543,0.99980
test_17544,0.00000
test_17545,1.00000
test_17546,1.00000
test_17547,0.00006
test_17548,0.99991
test_17549,0.00000
test_17550,0.99926
test_17551,0.00000
test_17552,1.00000
test_17553,0.00000
test_17554,1.00000
test_17555,0.00000
test_17556,0.00000
test_17557,1.00000
test_17558,1.00000
test_17559,1.00000
test_17560,0.00001
test_17561,0.93969
test_17562,0.00000
test_17563,0.00001
test_17564,0.34458
test_17565,0.00001
test_17566,0.00000
test_17567,1.00000
test_17568,1.00000
test_17569,0.00000
test_17570,0.99773
test_17571,0.00000
test_17572,1.00000
test_17573,1.00000
test_17574,0.00000
test_17575,0.00085
test_17576,1.00000
test_17577,1.00000
test_17578,0.00000
test_17579,0.01954
test_17580,0.08060
test_17581,0.00015
test_17582,1.00000
test_17583,0.04004
test_17584,1.00000
test_17585,0.99318
test_17586,0.00002
test_17587,0.00036
test_17588,0.00000
test_17589,1.00000
test_17590,0.09454
test_17591,0.92013
test_17592,0.17224
test_17593,1.00000
test_17594,0.00000
test_17595,0.99999
test_17596,0.99999
test_17597,0.99993
test_17598,0.18757
test_17599,1.00000
test_17600,0.00058
test_17601,0.17295
test_17602,0.20915
test_17603,0.10114
test_17604,0.00000
test_17605,0.00000
test_17606,0.00000
test_17607,0.00000
test_17608,0.00000
test_17609,1.00000
test_17610,0.99990
test_17611,0.99984
test_17612,0.15510
test_17613,0.00005
test_17614,1.00000
test_17615,0.00000
test_17616,1.00000
test_17617,0.00000
test_17618,0.00000
test_17619,1.00000
test_17620,0.68848
test_17621,0.00000
test_17622,0.00000
test_17623,0.18134
test_17624,1.00000
test_17625,1.00000
test_17626,0.00000
test_17627,0.00000
test_17628,1.00000
test_17629,0.99997
test_17630,0.99648
test_17631,0.05152
test_17632,0.04323
test_17633,1.00000
test_17634,0.00000
test_17635,0.97267
test_17636,0.00000
test_17637,0.00005
test_17638,0.91822
test_17639,0.93189
test_17640,0.99472
test_17641,0.00007
test_17642,0.99908
test_17643,0.00000
test_17644,0.87758
test_17645,1.00000
test_17646,0.89913
test_17647,0.00000
test_17648,0.19825
test_17649,0.00000
test_17650,0.00000
test_17651,0.99999
test_17652,0.00619
test_17653,0.00000
test_17654,0.00000
test_17655,0.00007
test_17656,1.00000
test_17657,0.99962
test_17658,0.00000
test_17659,0.00000
test_17660,1.00000
test_17661,0.99925
test_17662,0.00000
test_17663,1.00000
test_17664,0.00000
test_17665,0.00000
test_17666,0.00000
test_17667,1.00000
test_17668,0.00001
test_17669,0.46040
test_17670,0.00000
test_17671,0.00000
test_17672,1.00000
test_17673,0.00021
test_17674,0.00000
test_17675,1.00000
test_17676,1.00000
test_17677,1.00000
test_17678,0.00000
test_17679,0.91251
test_17680,0.00000
test_17681,0.00112
test_17682,0.50795
test_17683,0.99999
test_17684,1.00000
test_17685,0.99974
test_17686,0.00000
test_17687,0.00008
test_17688,0.00000
test_17689,0.99891
test_17690,0.00128
test_17691,0.04685
test_17692,0.99968
test_17693,0.99992
test_17694,0.91111
test_17695,1.00000
test_17696,1.00000
test_17697,1.00000
test_17698,0.00000
test_17699,0.00000
test_17700,0.00217
test_17701,1.00000
test_17702,0.00002
test_17703,0.00000
test_17704,0.00000
test_17705,0.00000
test_17706,1.00000
test_17707,0.00000
test_17708,1.00000
test_17709,0.00816
test_17710,0.05063
test_17711,0.00059
test_17712,0.16976
test_17713,0.00000
test_17714,0.00003
test_17715,0.20460
test_17716,0.00000
test_17717,1.00000
test_17718,0.83143
test_17719,0.00000
test_17720,0.00000
test_17721,0.17319
test_17722,0.00000
test_17723,0.80335
test_17724,1.00000
test_17725,0.00000
test_17726,0.95468
test_17727,1.00000
test_17728,0.99999
test_17729,1.00000
test_17730,1.00000
test_17731,0.00001
test_17732,1.00000
test_17733,1.00000
test_17734,0.00000
test_17735,0.54979
test_17736,1.00000
test_17737,0.00054
test_17738,0.58395
test_17739,0.99472
test_17740,0.00000
test_17741,1.00000
test_17742,0.00000
test_17743,1.00000
test_17744,1.00000
test_17745,0.00000
test_17746,0.00000
test_17747,0.00001
test_17748,1.00000
test_17749,1.00000
test_17750,0.00001
test_17751,0.68493
test_17752,0.00001
test_17753,0.95242
test_17754,0.00000
test_17755,1.00000
test_17756,0.00000
test_17757,0.98906
test_17758,0.00000
test_17759,1.00000
test_17760,0.85425
test_17761,0.12774
test_17762,0.01964
test_17763,0.00739
test_17764,0.00018
test_17765,1.00000
test_17766,0.00303
test_17767,0.00077
test_17768,1.00000
test_17769,0.00000
test_17770,0.99998
test_17771,0.47799
test_17772,0.99935
test_17773,0.00004
test_17774,0.00000
test_17775,0.00000
test_17776,1.00000
test_17777,0.00001
test_17778,0.00038
test_17779,0.00000
test_17780,1.00000
test_17781,0.00000
test_17782,1.00000
test_17783,0.00000
test_17784,1.00000
test_17785,1.00000
test_17786,0.99377
test_17787,0.94971
test_17788,1.00000
test_17789,0.00000
test_17790,0.00000
test_17791,0.99997
test_17792,0.00001
test_17793,0.00000
test_17794,0.00004
test_17795,0.00017
test_17796,0.00001
test_17797,1.00000
test_17798,0.00000
test_17799,0.00000
test_17800,0.99775
test_17801,0.00000
test_17802,0.27604
test_17803,0.00012
test_17804,0.99998
test_17805,0.07458
test_17806,1.00000
test_17807,0.00002
test_17808,0.00000
test_17809,0.00000
test_17810,0.00000
test_17811,0.63942
test_17812,0.00000
test_17813,0.92832
test_17814,0.00314
test_17815,0.99964
test_17816,0.99999
test_17817,0.99981
test_17818,0.21157
test_17819,1.00000
test_17820,0.00000
test_17821,1.00000
test_17822,0.00000
test_17823,0.00001
test_17824,0.99988
test_17825,0.00195
test_17826,0.99997
test_17827,0.98634
test_17828,1.00000
test_17829,0.99040
test_17830,1.00000
test_17831,0.00000
test_17832,0.00000
test_17833,1.00000
test_17834,0.56903
test_17835,1.00000
test_17836,1.00000
test_17837,1.00000
test_17838,1.00000
test_17839,1.00000
test_17840,0.97164
test_17841,1.00000
test_17842,1.00000
test_17843,0.00001
test_17844,0.00000
test_17845,0.41739
test_17846,0.00000
test_17847,0.89042
test_17848,1.00000
test_17849,0.00000
test_17850,0.00001
test_17851,0.77007
test_17852,0.99988
test_17853,0.99999
test_17854,0.00000
test_17855,0.00000
test_17856,1.00000
test_17857,0.00001
test_17858,0.99886
test_17859,1.00000
test_17860,0.00000
test_17861,1.00000
test_17862,1.00000
test_17863,0.00002
test_17864,0.00000
test_17865,0.99842
test_17866,0.12094
test_17867,0.77312
test_17868,0.55445
test_17869,0.00009
test_17870,1.00000
test_17871,0.91377
test_17872,0.00002
test_17873,1.00000
test_17874,0.00000
test_17875,1.00000
test_17876,0.00000
test_17877,0.00022
test_17878,0.62283
test_17879,1.00000
test_17880,0.00001
test_17881,0.99093
test_17882,0.00080
test_17883,0.99957
test_17884,0.97417
test_17885,1.00000
test_17886,0.00000
test_17887,1.00000
test_17888,0.66869
test_17889,1.00000
test_17890,1.00000
test_17891,0.99969
test_17892,1.00000
test_17893,0.99976
test_17894,1.00000
test_17895,0.59508
test_17896,1.00000
test_17897,0.01127
test_17898,0.97044
test_17899,0.00000
test_17900,1.00000
test_17901,0.00000
test_17902,0.84534
test_17903,1.00000
test_17904,1.00000
test_17905,0.67927
test_17906,1.00000
test_17907,1.00000
test_17908,0.89378
test_17909,1.00000
test_17910,0.00000
test_17911,0.00000
test_17912,1.00000
test_17913,0.98375
test_17914,0.17598
test_17915,1.00000
test_17916,0.00000
test_17917,0.00000
test_17918,0.00000
test_17919,0.00000
test_17920,0.00000
test_17921,1.00000
test_17922,0.99996
test_17923,0.99909
test_17924,0.00000
test_17925,0.00066
test_17926,0.00000
test_17927,0.00104
test_17928,1.00000
test_17929,0.00524
test_17930,1.00000
test_17931,1.00000
test_17932,0.02492
test_17933,1.00000
test_17934,0.00000
test_17935,0.15727
test_17936,0.99990
test_17937,0.00000
test_17938,0.00000
test_17939,0.81120
test_17940,1.00000
test_17941,0.56474
test_17942,1.00000
test_17943,0.99996
test_17944,1.00000
test_17945,0.00000
test_17946,0.99928
test_17947,0.19997
test_17948,0.42417
test_17949,0.81792
test_17950,0.99988
test_17951,0.00063
test_17952,0.00003
test_17953,1.00000
test_17954,0.00000
test_17955,0.00000
test_17956,1.00000
test_17957,0.00000
test_17958,0.00001
test_17959,0.00000
test_17960,0.00000
test_17961,0.00000
test_17962,0.00000
test_17963,0.99999
test_17964,0.99999
test_17965,1.00000
test_17966,1.00000
test_17967,0.02229
test_17968,0.16201
test_17969,0.00000
test_17970,0.00000
test_17971,1.00000
test_17972,0.01050
test_17973,0.80562
test_17974,0.08044
test_17975,0.00000
test_17976,1.00000
test_17977,0.00000
test_17978,1.00000
test_17979,0.99937
test_17980,0.19378
test_17981,0.93799
test_17982,1.00000
test_17983,0.91820
test_17984,0.00009
test_17985,0.72170
test_17986,0.00002
test_17987,0.99998
test_17988,1.00000
test_17989,1.00000
test_17990,0.00000
test_17991,1.00000
test_17992,0.99999
test_17993,0.00000
test_17994,0.00002
test_17995,0.00003
test_17996,1.00000
test_17997,0.00000
test_17998,0.00107
test_17999,0.99997
test_18000,0.05340
test_18001,0.00000
test_18002,1.00000
test_18003,0.99999
test_18004,0.09494
test_18005,1.00000
test_18006,0.87241
test_18007,0.81408
test_18008,1.00000
test_18009,1.00000
test_18010,0.00000
test_18011,1.00000
test_18012,0.00002
test_18013,1.00000
test_18014,0.00000
test_18015,0.00000
test_18016,0.49869
test_18017,0.00000
test_18018,0.00000
test_18019,0.00000
test_18020,0.06348
test_18021,0.57443
test_18022,1.00000
test_18023,1.00000
test_18024,0.00000
test_18025,0.00000
test_18026,0.81123
test_18027,0.00000
test_18028,1.00000
test_18029,0.01961
test_18030,1.00000
test_18031,0.90618
test_18032,0.00002
test_18033,1.00000
test_18034,1.00000
test_18035,0.10113
test_18036,1.00000
test_18037,0.00000
test_18038,0.25062
test_18039,0.99935
test_18040,1.00000
test_18041,1.00000
test_18042,1.00000
test_18043,0.00000
test_18044,1.00000
test_18045,0.00000
test_18046,0.99994
test_18047,0.06575
test_18048,0.28101
test_18049,1.00000
test_18050,1.00000
test_18051,0.00000
test_18052,0.34842
test_18053,0.24410
test_18054,0.00000
test_18055,0.99988
test_18056,0.00000
test_18057,0.05557
test_18058,0.99895
test_18059,0.02652
test_18060,0.99999
test_18061,0.97125
test_18062,1.00000
test_18063,0.02453
test_18064,0.98805
test_18065,1.00000
test_18066,0.00000
test_18067,1.00000
test_18068,1.00000
test_18069,0.87281
test_18070,1.00000
test_18071,0.00000
test_18072,0.98281
test_18073,0.00024
test_18074,0.00000
test_18075,1.00000
test_18076,1.00000
test_18077,0.00000
test_18078,0.89979
test_18079,1.00000
test_18080,1.00000
test_18081,1.00000
test_18082,1.00000
test_18083,0.99999
test_18084,1.00000
test_18085,0.00000
test_18086,1.00000
test_18087,0.00000
test_18088,0.99998
test_18089,0.00000
test_18090,0.00000
test_18091,1.00000
test_18092,1.00000
test_18093,0.99960
test_18094,0.00008
test_18095,1.00000
test_18096,0.98696
test_18097,0.99998
test_18098,1.00000
test_18099,1.00000
test_18100,0.00053
test_18101,0.00000
test_18102,1.00000
test_18103,0.00000
test_18104,0.82640
test_18105,0.99987
test_18106,0.31634
test_18107,0.99484
test_18108,0.00018
test_18109,0.00000
test_18110,0.92849
test_18111,0.88121
test_18112,0.00585
test_18113,0.89059
test_18114,0.99832
test_18115,1.00000
test_18116,1.00000
test_18117,0.00000
test_18118,0.00048
test_18119,0.00002
test_18120,0.00010
test_18121,0.96873
test_18122,0.00000
test_18123,1.00000
test_18124,0.00000
test_18125,1.00000
test_18126,0.99976
test_18127,0.00000
test_18128,0.00000
test_18129,0.00000
test_18130,0.00000
test_18131,0.99983
test_18132,0.00000
test_18133,0.00001
test_18134,0.00000
test_18135,0.38497
test_18136,0.00000
test_18137,0.00000
test_18138,0.99802
test_18139,0.00000
test_18140,0.00000
test_18141,0.00002
test_18142,0.00000
test_18143,0.98547
test_18144,0.00000
test_18145,0.99380
test_18146,1.00000
test_18147,0.00000
test_18148,0.00005
test_18149,1.00000
test_18150,1.00000
test_18151,0.97197
test_18152,1.00000
test_18153,0.00001
test_18154,1.00000
test_18155,1.00000
test_18156,0.00000
test_18157,0.00000
test_18158,0.99988
test_18159,0.94031
test_18160,1.00000
test_18161,0.31677
test_18162,0.54681
test_18163,0.00000
test_18164,1.00000
test_18165,0.11882
test_18166,0.00108
test_18167,1.00000
test_18168,1.00000
test_18169,0.74790
test_18170,1.00000
test_18171,0.91467
test_18172,1.00000
test_18173,1.00000
test_18174,1.00000
test_18175,0.00000
test_18176,1.00000
test_18177,1.00000
test_18178,1.00000
test_18179,0.99993
test_18180,0.00000
test_18181,0.08244
test_18182,0.99998
test_18183,0.99867
test_18184,0.99854
test_18185,1.00000
test_18186,0.00000
test_18187,0.00000
test_18188,0.00232
test_18189,0.10049
test_18190,1.00000
test_18191,1.00000
test_18192,1.00000
test_18193,0.99997
test_18194,0.00400
test_18195,1.00000
test_18196,0.98134
test_18197,0.99977
test_18198,0.13445
test_18199,0.99916
test_18200,0.00000
test_18201,0.06530
test_18202,1.00000
test_18203,0.99637
test_18204,0.99131
test_18205,0.11523
test_18206,0.00000
test_18207,1.00000
test_18208,0.02248
test_18209,1.00000
test_18210,1.00000
test_18211,0.00000
test_18212,0.00009
test_18213,0.00202
test_18214,0.00000
test_18215,0.00333
test_18216,0.00000
test_18217,0.00000
test_18218,1.00000
test_18219,0.00000
test_18220,0.97698
test_18221,0.00001
test_18222,0.00000
test_18223,0.00000
test_18224,1.00000
test_18225,1.00000
test_18226,0.99991
test_18227,0.95500
test_18228,1.00000
test_18229,0.00008
test_18230,1.00000
test_18231,0.96671
test_18232,0.01196
test_18233,1.00000
test_18234,0.00267
test_18235,1.00000
test_18236,0.00000
test_18237,0.00037
test_18238,0.96604
test_18239,0.96577
test_18240,0.33686
test_18241,0.37715
test_18242,0.00000
test_18243,0.00000
test_18244,1.00000
test_18245,1.00000
test_18246,1.00000
test_18247,0.02213
test_18248,1.00000
test_18249,0.07330
test_18250,0.00000
test_18251,0.00004
test_18252,0.99888
test_18253,1.00000
test_18254,0.00000
test_18255,0.00000
test_18256,0.00000
test_18257,0.00000
test_18258,0.99905
test_18259,0.00002
test_18260,0.99631
test_18261,1.00000
test_18262,0.00000
test_18263,0.99978
test_18264,0.00000
test_18265,0.00000
test_18266,0.00000
test_18267,0.91215
test_18268,0.99999
test_18269,0.00000
test_18270,1.00000
test_18271,0.00000
test_18272,0.00000
test_18273,0.47253
test_18274,0.00000
test_18275,0.00000
test_18276,0.00000
test_18277,0.00000
test_18278,0.00001
test_18279,1.00000
test_18280,1.00000
test_18281,0.00000
test_18282,0.99906
test_18283,0.00012
test_18284,0.99994
test_18285,1.00000
test_18286,0.00000
test_18287,0.00000
test_18288,0.00001
test_18289,1.00000
test_18290,0.99997
test_18291,0.00000
test_18292,0.00134
test_18293,1.00000
test_18294,0.06664
test_18295,1.00000
test_18296,0.00000
test_18297,0.00000
test_18298,0.85768
test_18299,0.00000
test_18300,0.06373
test_18301,0.00002
test_18302,0.00000
test_18303,0.00370
test_18304,0.00000
test_18305,1.00000
test_18306,0.00000
test_18307,0.00001
test_18308,0.00002
test_18309,1.00000
test_18310,1.00000
test_18311,0.00002
test_18312,0.00009
test_18313,1.00000
test_18314,0.00076
test_18315,0.00051
test_18316,0.92163
test_18317,0.00000
test_18318,0.99996
test_18319,0.00001
test_18320,0.49073
test_18321,0.00000
test_18322,0.99965
test_18323,0.88086
test_18324,0.10561
test_18325,0.21909
test_18326,1.00000
test_18327,0.00002
test_18328,0.01409
test_18329,1.00000
test_18330,0.00000
test_18331,1.00000
test_18332,0.00331
test_18333,0.00000
test_18334,1.00000
test_18335,0.00044
test_18336,0.00000
test_18337,1.00000
test_18338,0.99994
test_18339,0.00000
test_18340,1.00000
test_18341,0.00001
test_18342,0.00000
test_18343,1.00000
test_18344,1.00000
test_18345,0.00000
test_18346,0.00000
test_18347,0.99547
test_18348,0.00000
test_18349,0.00000
test_18350,0.81272
test_18351,0.04692
test_18352,0.00350
test_18353,0.00003
test_18354,0.35031
test_18355,0.99948
test_18356,0.24622
test_18357,1.00000
test_18358,0.00000
test_18359,0.00000
test_18360,1.00000
test_18361,1.00000
test_18362,0.00006
test_18363,1.00000
test_18364,0.00035
test_18365,1.00000
test_18366,0.99621
test_18367,0.04372
test_18368,1.00000
test_18369,1.00000
test_18370,1.00000
test_18371,0.00170
test_18372,0.99804
test_18373,0.00000
test_18374,1.00000
test_18375,1.00000
test_18376,0.00000
test_18377,0.98817
test_18378,0.11526
test_18379,1.00000
test_18380,0.00008
test_18381,0.99996
test_18382,0.17913
test_18383,1.00000
test_18384,0.00006
test_18385,0.99997
test_18386,1.00000
test_18387,0.00033
test_18388,1.00000
test_18389,1.00000
test_18390,1.00000
test_18391,0.00000
test_18392,0.99999
test_18393,0.85408
test_18394,0.00000
test_18395,0.00000
test_18396,0.98035
test_18397,1.00000
test_18398,0.99580
test_18399,1.00000
test_18400,0.00000
test_18401,0.93670
test_18402,1.00000
test_18403,1.00000
test_18404,0.81301
test_18405,0.00000
test_18406,0.82616
test_18407,0.99613
test_18408,1.00000
test_18409,0.01061
test_18410,1.00000
test_18411,0.99871
test_18412,1.00000
test_18413,1.00000
test_18414,0.00000
test_18415,0.00000
test_18416,1.00000
test_18417,0.00000
test_18418,0.99999
test_18419,1.00000
test_18420,0.23571
test_18421,0.89059
test_18422,0.99964
test_18423,1.00000
test_18424,1.00000
test_18425,0.00000
test_18426,1.00000
test_18427,0.99991
test_18428,0.13069
test_18429,0.00000
test_18430,0.99993
test_18431,1.00000
test_18432,0.00000
test_18433,1.00000
test_18434,0.99605
test_18435,1.00000
test_18436,0.99847
test_18437,0.89710
test_18438,0.00000
test_18439,1.00000
test_18440,0.00004
test_18441,0.14287
test_18442,1.00000
test_18443,0.00003
test_18444,0.00000
test_18445,1.00000
test_18446,1.00000
test_18447,0.00000
test_18448,0.00000
test_18449,0.00000
test_18450,0.79933
test_18451,0.00409
test_18452,0.00469
test_18453,1.00000
test_18454,0.00001
test_18455,0.99989
test_18456,0.99582
test_18457,0.00000
test_18458,1.00000
test_18459,0.99995
test_18460,0.99583
test_18461,0.99999
test_18462,0.99646
test_18463,0.87112
test_18464,1.00000
test_18465,0.00000
test_18466,1.00000
test_18467,0.00569
test_18468,0.00000
test_18469,0.00000
test_18470,0.83704
test_18471,0.99972
test_18472,0.00000
test_18473,1.00000
test_18474,0.00313
test_18475,0.00000
test_18476,1.00000
test_18477,0.00002
test_18478,0.00149
test_18479,0.99999
test_18480,0.13717
test_18481,0.00001
test_18482,0.00000
test_18483,0.99975
test_18484,0.63594
test_18485,1.00000
test_18486,0.00000
test_18487,0.00000
test_18488,0.99984
test_18489,0.04171
test_18490,0.99995
test_18491,0.00000
test_18492,0.00000
test_18493,0.67701
test_18494,0.00001
test_18495,1.00000
test_18496,0.09164
test_18497,1.00000
test_18498,1.00000
test_18499,0.00000
test_18500,0.00004
test_18501,1.00000
test_18502,0.99968
test_18503,0.00000
test_18504,0.97432
test_18505,0.00022
test_18506,1.00000
test_18507,1.00000
test_18508,0.00000
test_18509,1.00000
test_18510,0.99996
test_18511,0.00001
test_18512,0.99998
test_18513,0.00000
test_18514,0.99358
test_18515,0.00000
test_18516,1.00000
test_18517,0.53717
test_18518,0.65234
test_18519,1.00000
test_18520,0.00003
test_18521,0.00000
test_18522,0.00001
test_18523,1.00000
test_18524,0.01287
test_18525,0.16360
test_18526,0.86543
test_18527,0.00003
test_18528,0.00000
test_18529,1.00000
test_18530,1.00000
test_18531,0.99999
test_18532,0.00000
test_18533,1.00000
test_18534,0.00000
test_18535,0.00000
test_18536,0.82732
test_18537,0.99152
test_18538,1.00000
test_18539,0.20002
test_18540,0.34636
test_18541,0.94053
test_18542,0.00001
test_18543,1.00000
test_18544,0.00295
test_18545,1.00000
test_18546,1.00000
test_18547,1.00000
test_18548,0.99997
test_18549,0.71570
test_18550,1.00000
test_18551,0.99997
test_18552,0.00000
test_18553,0.00775
test_18554,0.99999
test_18555,0.87670
test_18556,0.99927
test_18557,0.09407
test_18558,0.39020
test_18559,1.00000
test_18560,0.00000
test_18561,0.00015
test_18562,1.00000
test_18563,1.00000
test_18564,0.00005
test_18565,0.99999
test_18566,0.11482
test_18567,0.99999
test_18568,0.99965
test_18569,0.99975
test_18570,0.00000
test_18571,0.00000
test_18572,0.00005
test_18573,1.00000
test_18574,1.00000
test_18575,0.00000
test_18576,0.00000
test_18577,0.00003
test_18578,0.99993
test_18579,1.00000
test_18580,0.00323
test_18581,0.00000
test_18582,0.99998
test_18583,0.00001
test_18584,0.00102
test_18585,0.00380
test_18586,1.00000
test_18587,0.93169
test_18588,1.00000
test_18589,0.01092
test_18590,1.00000
test_18591,0.00001
test_18592,0.00000
test_18593,0.00000
test_18594,0.00000
test_18595,1.00000
test_18596,1.00000
test_18597,1.00000
test_18598,1.00000
test_18599,1.00000
test_18600,1.00000
test_18601,1.00000
test_18602,1.00000
test_18603,0.99988
test_18604,0.37668
test_18605,0.00000
test_18606,1.00000
test_18607,0.99997
test_18608,0.00000
test_18609,0.00000
test_18610,0.59973
test_18611,1.00000
test_18612,1.00000
test_18613,0.44262
test_18614,0.00000
test_18615,0.99999
test_18616,0.00000
test_18617,1.00000
test_18618,0.09200
test_18619,0.49019
test_18620,1.00000
test_18621,0.99902
test_18622,0.24666
test_18623,1.00000
test_18624,0.05201
test_18625,1.00000
test_18626,0.00000
test_18627,0.89879
test_18628,0.00000
test_18629,0.58319
test_18630,1.00000
test_18631,0.00000
test_18632,0.00000
test_18633,0.00000
test_18634,1.00000
test_18635,0.99999
test_18636,0.00000
test_18637,1.00000
test_18638,0.00000
test_18639,1.00000
test_18640,1.00000
test_18641,0.00060
test_18642,0.02420
test_18643,0.00000
test_18644,0.00000
test_18645,0.00000
test_18646,0.77620
test_18647,0.00036
test_18648,0.99990
test_18649,0.00000
test_18650,0.00000
test_18651,1.00000
test_18652,0.00000
test_18653,0.00000
test_18654,0.00002
test_18655,0.99495
test_18656,0.00006
test_18657,0.00000
test_18658,0.00002
test_18659,0.99979
test_18660,0.94784
test_18661,0.00000
test_18662,0.00000
test_18663,0.74877
test_18664,1.00000
test_18665,0.00000
test_18666,0.92254
test_18667,0.97471
test_18668,1.00000
test_18669,1.00000
test_18670,0.00000
test_18671,0.00000
test_18672,0.00000
test_18673,0.99858
test_18674,0.00000
test_18675,0.07660
test_18676,1.00000
test_18677,0.00002
test_18678,0.00000
test_18679,1.00000
test_18680,0.99999
test_18681,0.99903
test_18682,1.00000
test_18683,1.00000
test_18684,1.00000
test_18685,0.99911
test_18686,0.85649
test_18687,1.00000
test_18688,0.00000
test_18689,1.00000
test_18690,1.00000
test_18691,0.99998
test_18692,0.00006
test_18693,1.00000
test_18694,0.01356
test_18695,0.99999
test_18696,1.00000
test_18697,0.00000
test_18698,0.00000
test_18699,0.04726
test_18700,0.99125
test_18701,0.99058
test_18702,0.02107
test_18703,0.00000
test_18704,0.99999
test_18705,0.00040
test_18706,1.00000
test_18707,0.00000
test_18708,0.00012
test_18709,1.00000
test_18710,1.00000
test_18711,0.99999
test_18712,0.00003
test_18713,1.00000
test_18714,0.00000
test_18715,1.00000
test_18716,1.00000
test_18717,0.00002
test_18718,0.97479
test_18719,1.00000
test_18720,0.00000
test_18721,0.88426
test_18722,0.99993
test_18723,0.00012
test_18724,1.00000
test_18725,0.91973
test_18726,0.38532
test_18727,1.00000
test_18728,0.99998
test_18729,0.99946
test_18730,0.00569
test_18731,1.00000
test_18732,0.00000
test_18733,1.00000
test_18734,0.99997
test_18735,0.00000
test_18736,1.00000
test_18737,1.00000
test_18738,0.00000
test_18739,0.99606
test_18740,0.00001
test_18741,0.00182
test_18742,0.00000
test_18743,0.99038
test_18744,1.00000
test_18745,1.00000
test_18746,1.00000
test_18747,0.00000
test_18748,0.99987
test_18749,1.00000
test_18750,0.11485
test_18751,0.00733
test_18752,0.00000
test_18753,1.00000
test_18754,0.64961
test_18755,0.52415
test_18756,0.10257
test_18757,0.09228
test_18758,0.00000
test_18759,1.00000
test_18760,0.00000
test_18761,0.99899
test_18762,1.00000
test_18763,1.00000
test_18764,0.99837
test_18765,0.00226
test_18766,0.00000
test_18767,1.00000
test_18768,0.00000
test_18769,0.00000
test_18770,0.99994
test_18771,0.00000
test_18772,0.00000
test_18773,0.22966
test_18774,0.00000
test_18775,0.00000
test_18776,0.01493
test_18777,0.00000
test_18778,1.00000
test_18779,0.15692
test_18780,0.42929
test_18781,0.25932
test_18782,1.00000
test_18783,0.00018
test_18784,0.00000
test_18785,0.30335
test_18786,0.00000
test_18787,1.00000
test_18788,1.00000
test_18789,0.00000
test_18790,0.00000
test_18791,0.00000
test_18792,0.99861
test_18793,0.00000
test_18794,1.00000
test_18795,0.00000
test_18796,1.00000
test_18797,0.99998
test_18798,0.00005
test_18799,0.99999
test_18800,0.26027
test_18801,0.99944
test_18802,1.00000
test_18803,0.61176
test_18804,0.00000
test_18805,0.00003
test_18806,1.00000
test_18807,0.01074
test_18808,0.00020
test_18809,0.00000
test_18810,0.00008
test_18811,0.99997
test_18812,0.00000
test_18813,1.00000
test_18814,1.00000
test_18815,0.00000
test_18816,1.00000
test_18817,0.00000
test_18818,0.19298
test_18819,1.00000
test_18820,0.12702
test_18821,1.00000
test_18822,1.00000
test_18823,1.00000
test_18824,0.00000
test_18825,0.33173
test_18826,0.00000
test_18827,0.00000
test_18828,0.00048
test_18829,0.00000
test_18830,0.00000
test_18831,1.00000
test_18832,0.00000
test_18833,0.00002
test_18834,0.99980
test_18835,1.00000
test_18836,0.99928
test_18837,1.00000
test_18838,0.00000
test_18839,1.00000
test_18840,0.99999
test_18841,0.00442
test_18842,0.00000
test_18843,0.99768
test_18844,0.00000
test_18845,0.99995
test_18846,0.99988
test_18847,0.16080
test_18848,1.00000
test_18849,0.99985
test_18850,0.00000
test_18851,1.00000
test_18852,0.00000
test_18853,0.55760
test_18854,0.72190
test_18855,0.00000
test_18856,0.00118
test_18857,0.00003
test_18858,1.00000
test_18859,0.00000
test_18860,0.99994
test_18861,0.00027
test_18862,0.00000
test_18863,0.00000
test_18864,1.00000
test_18865,0.00000
test_18866,0.00000
test_18867,0.99999
test_18868,0.00000
test_18869,0.99429
test_18870,1.00000
test_18871,0.00000
test_18872,1.00000
test_18873,0.06011
test_18874,0.69849
test_18875,1.00000
test_18876,1.00000
test_18877,0.00083
test_18878,0.99999
test_18879,0.00000
test_18880,0.99988
test_18881,1.00000
test_18882,0.00072
test_18883,0.06013
test_18884,0.00000
test_18885,0.05999
test_18886,0.14657
test_18887,0.24475
test_18888,0.00000
test_18889,0.00000
test_18890,0.00000
test_18891,0.00000
test_18892,1.00000
test_18893,1.00000
test_18894,1.00000
test_18895,0.99998
test_18896,1.00000
test_18897,0.12293
test_18898,1.00000
test_18899,0.00000
test_18900,0.35451
test_18901,0.99997
test_18902,0.99723
test_18903,0.00000
test_18904,0.07179
test_18905,0.91188
test_18906,0.00462
test_18907,0.00000
test_18908,0.99924
test_18909,1.00000
test_18910,0.00006
test_18911,0.00036
test_18912,1.00000
test_18913,0.00000
test_18914,0.00000
test_18915,0.00000
test_18916,0.00000
test_18917,0.48409
test_18918,1.00000
test_18919,0.88258
test_18920,0.00000
test_18921,0.99999
test_18922,0.00000
test_18923,0.99875
test_18924,0.00000
test_18925,0.00000
test_18926,0.00000
test_18927,1.00000
test_18928,0.00000
test_18929,0.10462
test_18930,1.00000
test_18931,1.00000
test_18932,0.00000
test_18933,0.10353
test_18934,1.00000
test_18935,0.00334
test_18936,0.00001
test_18937,1.00000
test_18938,0.00000
test_18939,0.00110
test_18940,0.00000
test_18941,0.99970
test_18942,0.00000
test_18943,0.00000
test_18944,0.00000
test_18945,1.00000
test_18946,0.00000
test_18947,1.00000
test_18948,0.34827
test_18949,0.83201
test_18950,0.30587
test_18951,0.00000
test_18952,1.00000
test_18953,0.58294
test_18954,1.00000
test_18955,0.00002
test_18956,0.00000
test_18957,1.00000
test_18958,0.99996
test_18959,0.00000
test_18960,0.27274
test_18961,0.29367
test_18962,0.00000
test_18963,0.00000
test_18964,0.00000
test_18965,0.00000
test_18966,0.99993
test_18967,1.00000
test_18968,0.99946
test_18969,1.00000
test_18970,0.00000
test_18971,0.99996
test_18972,0.12268
test_18973,0.99999
test_18974,1.00000
test_18975,1.00000
test_18976,1.00000
test_18977,1.00000
test_18978,1.00000
test_18979,1.00000
test_18980,1.00000
test_18981,0.00000
test_18982,0.00000
test_18983,0.99798
test_18984,1.00000
test_18985,0.00000
test_18986,0.44003
test_18987,1.00000
test_18988,0.00000
test_18989,1.00000
test_18990,0.99999
test_18991,1.00000
test_18992,0.00000
test_18993,1.00000
test_18994,0.99333
test_18995,1.00000
test_18996,0.00000
test_18997,0.00002
test_18998,1.00000
test_18999,0.00000
test_19000,1.00000
test_19001,0.00003
test_19002,0.00002
test_19003,0.00000
test_19004,0.96024
test_19005,0.00000
test_19006,1.00000
test_19007,0.00064
test_19008,0.00001
test_19009,0.00000
test_19010,1.00000
test_19011,1.00000
test_19012,0.00000
test_19013,0.08306
test_19014,1.00000
test_19015,0.00000
test_19016,1.00000
test_19017,0.00000
test_19018,0.00000
test_19019,0.99998
test_19020,0.00036
test_19021,0.00390
test_19022,0.00018
test_19023,0.00000
test_19024,0.91959
test_19025,1.00000
test_19026,1.00000
test_19027,0.00000
test_19028,0.03001
test_19029,1.00000
test_19030,0.00001
test_19031,1.00000
test_19032,0.00002
test_19033,1.00000
test_19034,0.98825
test_19035,0.00000
test_19036,0.36224
test_19037,1.00000
test_19038,0.00000
test_19039,0.00004
test_19040,0.97784
test_19041,0.92060
test_19042,1.00000
test_19043,1.00000
test_19044,0.00027
test_19045,0.00000
test_19046,0.98937
test_19047,0.99998
test_19048,1.00000
test_19049,1.00000
test_19050,1.00000
test_19051,0.00000
test_19052,0.60651
test_19053,0.66216
test_19054,0.00000
test_19055,1.00000
test_19056,0.42231
test_19057,1.00000
test_19058,0.00000
test_19059,0.00000
test_19060,0.00000
test_19061,0.62585
test_19062,0.00015
test_19063,0.98916
test_19064,0.00000
test_19065,0.03740
test_19066,0.01608
test_19067,0.83798
test_19068,1.00000
test_19069,0.00000
test_19070,0.12135
test_19071,0.58554
test_19072,0.00000
test_19073,1.00000
test_19074,1.00000
test_19075,0.98248
test_19076,1.00000
test_19077,0.00000
test_19078,0.00000
test_19079,0.49130
test_19080,0.00002
test_19081,1.00000
test_19082,0.99447
test_19083,0.99989
test_19084,0.99997
test_19085,0.26190
test_19086,0.00000
test_19087,0.00000
test_19088,0.00000
test_19089,0.99992
test_19090,0.00000
test_19091,1.00000
test_19092,0.99785
test_19093,0.00037
test_19094,0.00000
test_19095,0.00000
test_19096,1.00000
test_19097,0.00000
test_19098,0.88532
test_19099,1.00000
test_19100,0.00000
test_19101,0.99993
test_19102,0.00000
test_19103,0.00047
test_19104,0.00000
test_19105,1.00000
test_19106,0.00000
test_19107,1.00000
test_19108,0.00315
test_19109,0.00644
test_19110,0.00550
test_19111,0.00000
test_19112,1.00000
test_19113,0.00039
test_19114,0.00001
test_19115,0.00000
test_19116,1.00000
test_19117,0.00183
test_19118,0.00000
test_19119,0.51990
test_19120,0.00114
test_19121,1.00000
test_19122,0.99998
test_19123,1.00000
test_19124,0.00822
test_19125,1.00000
test_19126,0.02349
test_19127,0.00017
test_19128,0.02086
test_19129,0.00000
test_19130,1.00000
test_19131,0.98815
test_19132,0.00027
test_19133,0.00002
test_19134,0.99927
test_19135,0.00000
test_19136,1.00000
test_19137,1.00000
test_19138,0.00000
test_19139,0.83769
test_19140,1.00000
test_19141,0.00000
test_19142,0.99992
test_19143,0.00000
test_19144,1.00000
test_19145,1.00000
test_19146,0.99995
test_19147,1.00000
test_19148,1.00000
test_19149,0.43944
test_19150,0.00000
test_19151,0.00000
test_19152,1.00000
test_19153,0.55491
test_19154,0.00003
test_19155,1.00000
test_19156,0.93905
test_19157,1.00000
test_19158,0.98425
test_19159,0.99998
test_19160,0.00000
test_19161,0.00001
test_19162,0.00000
test_19163,1.00000
test_19164,0.00000
test_19165,0.00000
test_19166,1.00000
test_19167,0.96545
test_19168,1.00000
test_19169,0.00005
test_19170,1.00000
test_19171,1.00000
test_19172,0.84077
test_19173,0.98483
test_19174,0.00001
test_19175,0.88060
test_19176,0.00284
test_19177,0.99996
test_19178,1.00000
test_19179,0.59432
test_19180,0.00037
test_19181,0.16051
test_19182,0.00000
test_19183,1.00000
test_19184,0.99998
test_19185,0.00000
test_19186,0.55923
test_19187,0.99997
test_19188,0.86807
test_19189,1.00000
test_19190,0.90996
test_19191,0.00000
test_19192,1.00000
test_19193,0.00115
test_19194,0.00000
test_19195,0.00000
test_19196,1.00000
test_19197,0.01225
test_19198,1.00000
test_19199,0.00000
test_19200,1.00000
test_19201,1.00000
test_19202,0.99987
test_19203,1.00000
test_19204,1.00000
test_19205,0.33451
test_19206,0.99644
test_19207,0.00430
test_19208,1.00000
test_19209,1.00000
test_19210,0.00000
test_19211,0.00000
test_19212,1.00000
test_19213,0.03109
test_19214,0.16044
test_19215,0.03323
test_19216,0.00007
test_19217,1.00000
test_19218,0.08283
test_19219,0.00492
test_19220,0.68936
test_19221,0.00001
test_19222,0.99999
test_19223,1.00000
test_19224,0.00000
test_19225,0.00000
test_19226,0.99915
test_19227,0.00000
test_19228,1.00000
test_19229,0.00000
test_19230,0.97681
test_19231,1.00000
test_19232,1.00000
test_19233,1.00000
test_19234,0.00000
test_19235,0.00000
test_19236,0.00047
test_19237,0.00000
test_19238,0.00013
test_19239,0.00000
test_19240,0.99993
test_19241,0.99772
test_19242,0.08953
test_19243,0.99972
test_19244,0.99962
test_19245,1.00000
test_19246,1.00000
test_19247,0.00001
test_19248,1.00000
test_19249,0.00000
test_19250,1.00000
test_19251,0.99996
test_19252,0.00000
test_19253,0.00166
test_19254,0.99931
test_19255,1.00000
test_19256,0.99998
test_19257,0.00000
test_19258,0.00000
test_19259,0.00004
test_19260,0.00336
test_19261,0.40915
test_19262,0.98340
test_19263,0.84399
test_19264,0.00000
test_19265,1.00000
test_19266,0.00067
test_19267,1.00000
test_19268,1.00000
test_19269,0.00009
test_19270,0.00452
test_19271,0.00000
test_19272,1.00000
test_19273,1.00000
test_19274,0.00005
test_19275,1.00000
test_19276,0.99988
test_19277,0.00000
test_19278,0.00000
test_19279,0.98460
test_19280,1.00000
test_19281,1.00000
test_19282,0.00000
test_19283,0.00003
test_19284,0.01079
test_19285,0.99850
test_19286,0.00000
test_19287,1.00000
test_19288,0.00000
test_19289,0.00000
test_19290,1.00000
test_19291,0.00000
test_19292,0.07080
test_19293,0.00000
test_19294,1.00000
test_19295,1.00000
test_19296,1.00000
test_19297,0.00000
test_19298,0.93777
test_19299,0.27064
test_19300,0.00008
test_19301,0.09946
test_19302,0.00004
test_19303,1.00000
test_19304,1.00000
test_19305,0.00003
test_19306,1.00000
test_19307,1.00000
test_19308,0.99999
test_19309,0.21893
test_19310,0.00000
test_19311,0.00000
test_19312,0.00000
test_19313,0.00000
test_19314,0.00000
test_19315,1.00000
test_19316,1.00000
test_19317,0.00000
test_19318,1.00000
test_19319,0.00000
test_19320,0.99999
test_19321,0.19546
test_19322,0.00000
test_19323,1.00000
test_19324,0.00000
test_19325,0.00000
test_19326,0.00036
test_19327,0.97646
test_19328,0.00037
test_19329,0.00141
test_19330,0.96668
test_19331,0.00000
test_19332,1.00000
test_19333,0.00000
test_19334,0.00000
test_19335,0.00000
test_19336,0.00000
test_19337,0.00000
test_19338,1.00000
test_19339,0.00002
test_19340,1.00000
test_19341,0.15697
test_19342,1.00000
test_19343,1.00000
test_19344,0.00000
test_19345,1.00000
test_19346,0.00084
test_19347,0.03086
test_19348,0.03122
test_19349,0.00000
test_19350,0.00000
test_19351,0.00000
test_19352,0.08689
test_19353,0.00000
test_19354,1.00000
test_19355,0.00000
test_19356,0.39040
test_19357,0.39225
test_19358,0.98392
test_19359,1.00000
test_19360,0.00000
test_19361,0.00000
test_19362,0.00001
test_19363,0.00000
test_19364,0.99999
test_19365,0.00000
test_19366,0.03652
test_19367,0.69474
test_19368,1.00000
test_19369,0.99995
test_19370,0.99999
test_19371,0.00000
test_19372,0.00000
test_19373,0.89624
test_19374,1.00000
test_19375,0.79482
test_19376,1.00000
test_19377,1.00000
test_19378,0.98085
test_19379,0.00000
test_19380,1.00000
test_19381,0.99856
test_19382,0.00000
test_19383,1.00000
test_19384,0.99999
test_19385,1.00000
test_19386,1.00000
test_19387,0.14758
test_19388,0.46938
test_19389,0.99632
test_19390,1.00000
test_19391,1.00000
test_19392,0.00046
test_19393,0.99418
test_19394,1.00000
test_19395,0.00000
test_19396,1.00000
test_19397,0.00001
test_19398,0.70530
test_19399,0.00427
test_19400,0.00000
test_19401,0.99995
test_19402,0.00941
test_19403,0.00000
test_19404,0.00000
test_19405,1.00000
test_19406,1.00000
test_19407,0.00449
test_19408,0.77423
test_19409,0.00000
test_19410,0.00022
test_19411,0.00000
test_19412,0.00000
test_19413,0.99969
test_19414,0.00031
test_19415,0.00000
test_19416,0.99996
test_19417,0.55553
test_19418,0.00000
test_19419,1.00000
test_19420,0.00000
test_19421,1.00000
test_19422,0.99257
test_19423,0.96861
test_19424,0.00258
test_19425,0.00000
test_19426,0.00000
test_19427,0.00898
test_19428,1.00000
test_19429,0.99469
test_19430,0.99992
test_19431,1.00000
test_19432,1.00000
test_19433,0.00000
test_19434,1.00000
test_19435,1.00000
test_19436,1.00000
test_19437,1.00000
test_19438,0.00000
test_19439,1.00000
test_19440,0.00027
test_19441,0.99988
test_19442,0.93400
test_19443,0.00000
test_19444,0.00000
test_19445,0.00005
test_19446,1.00000
test_19447,0.00005
test_19448,0.98249
test_19449,1.00000
test_19450,1.00000
test_19451,1.00000
test_19452,1.00000
test_19453,0.99365
test_19454,1.00000
test_19455,0.00126
test_19456,0.00000
test_19457,0.99994
test_19458,0.95465
test_19459,1.00000
test_19460,0.00000
test_19461,0.00000
test_19462,1.00000
test_19463,0.00000
test_19464,0.00027
test_19465,0.00000
test_19466,0.96404
test_19467,0.82141
test_19468,1.00000
test_19469,1.00000
test_19470,0.00000
test_19471,0.00000
test_19472,1.00000
test_19473,1.00000
test_19474,1.00000
test_19475,1.00000
test_19476,0.99999
test_19477,0.00072
test_19478,0.00023
test_19479,1.00000
test_19480,1.00000
test_19481,0.99997
test_19482,0.00008
test_19483,1.00000
test_19484,0.99797
test_19485,1.00000
test_19486,0.00003
test_19487,0.98973
test_19488,0.99994
test_19489,0.15944
test_19490,0.00000
test_19491,0.83157
test_19492,0.00071
test_19493,1.00000
test_19494,1.00000
test_19495,0.99997
test_19496,0.99746
test_19497,0.00005
test_19498,1.00000
test_19499,1.00000
test_19500,0.00000
test_19501,0.11392
test_19502,0.00012
test_19503,0.63902
test_19504,0.00000
test_19505,1.00000
test_19506,0.80430
test_19507,1.00000
test_19508,1.00000
test_19509,1.00000
test_19510,1.00000
test_19511,0.91838
test_19512,0.98363
test_19513,0.20154
test_19514,1.00000
test_19515,0.02477
test_19516,0.99998
test_19517,0.00902
test_19518,1.00000
test_19519,0.99990
test_19520,0.00000
test_19521,0.99996
test_19522,0.00002
test_19523,0.99675
test_19524,0.99516
test_19525,0.00000
test_19526,0.00000
test_19527,0.98971
test_19528,0.00000
test_19529,0.00226
test_19530,0.00001
test_19531,0.36938
test_19532,0.47266
test_19533,0.00246
test_19534,0.99999
test_19535,0.00000
test_19536,0.99982
test_19537,0.99990
test_19538,0.99998
test_19539,1.00000
test_19540,0.00000
test_19541,0.98276
test_19542,0.99906
test_19543,0.00000
test_19544,0.99980
test_19545,0.99997
test_19546,1.00000
test_19547,0.00000
test_19548,1.00000
test_19549,0.00000
test_19550,0.00004
test_19551,0.66912
test_19552,0.99876
test_19553,0.00000
test_19554,0.00052
test_19555,0.99865
test_19556,0.00000
test_19557,0.00000
test_19558,0.00719
test_19559,0.00000
test_19560,1.00000
test_19561,1.00000
test_19562,0.51122
test_19563,1.00000
test_19564,0.00000
test_19565,0.00013
test_19566,0.00000
test_19567,0.99944
test_19568,0.00000
test_19569,0.04494
test_19570,1.00000
test_19571,0.95268
test_19572,0.99998
test_19573,1.00000
test_19574,0.00000
test_19575,0.00000
test_19576,0.99999
test_19577,1.00000
test_19578,0.99992
test_19579,0.00000
test_19580,0.00000
test_19581,0.89696
test_19582,0.99762
test_19583,0.00000
test_19584,0.00000
test_19585,1.00000
test_19586,1.00000
test_19587,0.13177
test_19588,1.00000
test_19589,0.00000
test_19590,1.00000
test_19591,1.00000
test_19592,0.98416
test_19593,0.88448
test_19594,0.00176
test_19595,0.00000
test_19596,1.00000
test_19597,0.00000
test_19598,0.00000
test_19599,0.99999
test_19600,0.00008
test_19601,0.00000
test_19602,0.00001
test_19603,1.00000
test_19604,0.99837
test_19605,0.00000
test_19606,0.99588
test_19607,0.00000
test_19608,0.00001
test_19609,0.21216
test_19610,0.99999
test_19611,0.99998
test_19612,0.82692
test_19613,1.00000
test_19614,0.00661
test_19615,1.00000
test_19616,0.00000
test_19617,0.22390
test_19618,1.00000
test_19619,1.00000
test_19620,0.80193
test_19621,0.00000
test_19622,0.00000
test_19623,0.00010
test_19624,0.00000
test_19625,1.00000
test_19626,0.00000
test_19627,0.00000
test_19628,1.00000
test_19629,0.00000
test_19630,1.00000
test_19631,0.99998
test_19632,1.00000
test_19633,1.00000
test_19634,0.99575
test_19635,1.00000
test_19636,0.99675
test_19637,0.00006
test_19638,1.00000
test_19639,0.00051
test_19640,0.00000
test_19641,0.00734
test_19642,0.00000
test_19643,0.00000
test_19644,0.00000
test_19645,0.00004
test_19646,0.00030
test_19647,1.00000
test_19648,0.00000
test_19649,0.71410
test_19650,0.00002
test_19651,0.00276
test_19652,0.00000
test_19653,0.37256
test_19654,0.00000
test_19655,0.00000
test_19656,0.00014
test_19657,0.00097
test_19658,0.08553
test_19659,0.16285
test_19660,1.00000
test_19661,0.00001
test_19662,0.99915
test_19663,0.00082
test_19664,1.00000
test_19665,1.00000
test_19666,0.99999
test_19667,1.00000
test_19668,0.00004
test_19669,0.00329
test_19670,1.00000
test_19671,0.00000
test_19672,1.00000
test_19673,0.00005
test_19674,0.00002
test_19675,0.57325
test_19676,1.00000
test_19677,1.00000
test_19678,0.00000
test_19679,0.16222
test_19680,1.00000
test_19681,0.01384
test_19682,0.01574
test_19683,1.00000
test_19684,0.00000
test_19685,1.00000
test_19686,0.99994
test_19687,0.00000
test_19688,0.99884
test_19689,1.00000
test_19690,0.00002
test_19691,0.99995
test_19692,0.99993
test_19693,0.21509
test_19694,0.25025
test_19695,0.99891
test_19696,1.00000
test_19697,0.00000
test_19698,0.99920
test_19699,1.00000
test_19700,0.83610
test_19701,0.00000
test_19702,0.00002
test_19703,0.00000
test_19704,0.99781
test_19705,0.00000
test_19706,0.00012
test_19707,1.00000
test_19708,0.21650
test_19709,0.00011
test_19710,0.99999
test_19711,0.00000
test_19712,0.99999
test_19713,1.00000
test_19714,0.00000
test_19715,0.00000
test_19716,0.00000
test_19717,1.00000
test_19718,0.99979
test_19719,1.00000
test_19720,1.00000
test_19721,0.99996
test_19722,0.00000
test_19723,1.00000
test_19724,0.00000
test_19725,1.00000
test_19726,0.99999
test_19727,0.00000
test_19728,0.99960
test_19729,0.00388
test_19730,0.00000
test_19731,0.00032
test_19732,1.00000
test_19733,0.00000
test_19734,0.99966
test_19735,0.99946
test_19736,1.00000
test_19737,0.00000
test_19738,0.99987
test_19739,0.00000
test_19740,1.00000
test_19741,0.99999
test_19742,0.00000
test_19743,0.00000
test_19744,1.00000
test_19745,0.99972
test_19746,0.00000
test_19747,0.89553
test_19748,0.00000
test_19749,0.05748
test_19750,1.00000
test_19751,0.00000
test_19752,0.99967
test_19753,0.00000
test_19754,0.00000
test_19755,0.99999
test_19756,0.99925
test_19757,1.00000
test_19758,0.00000
test_19759,1.00000
test_19760,1.00000
test_19761,0.00390
test_19762,0.00000
test_19763,0.16752
test_19764,0.90873
test_19765,1.00000
test_19766,0.00000
test_19767,0.03912
test_19768,0.00000
test_19769,0.00045
test_19770,0.00000
test_19771,1.00000
test_19772,1.00000
test_19773,0.00000
test_19774,0.00000
test_19775,0.00000
test_19776,1.00000
test_19777,0.00000
test_19778,1.00000
test_19779,0.99977
test_19780,1.00000
test_19781,0.00000
test_19782,1.00000
test_19783,0.00016
test_19784,1.00000
test_19785,1.00000
test_19786,1.00000
test_19787,0.00000
test_19788,0.99997
test_19789,0.83388
test_19790,0.99996
test_19791,0.02168
test_19792,0.76887
test_19793,0.00000
test_19794,0.00000
test_19795,0.00000
test_19796,0.00007
test_19797,0.95303
test_19798,0.00000
test_19799,1.00000
test_19800,0.00000
test_19801,0.00000
test_19802,0.00010
test_19803,1.00000
test_19804,0.89697
test_19805,0.00000
test_19806,0.00001
test_19807,1.00000
test_19808,0.00000
test_19809,0.00438
test_19810,0.97634
test_19811,1.00000
test_19812,0.00239
test_19813,0.00093
test_19814,1.00000
test_19815,0.00000
test_19816,0.10669
test_19817,0.99728
test_19818,0.00000
test_19819,1.00000
test_19820,0.00000
test_19821,1.00000
test_19822,0.99996
test_19823,1.00000
test_19824,0.99749
test_19825,1.00000
test_19826,0.00000
test_19827,1.00000
test_19828,0.00000
test_19829,0.00000
test_19830,1.00000
test_19831,0.00000
test_19832,0.99924
test_19833,0.00007
test_19834,0.00005
test_19835,0.02055
test_19836,0.00000
test_19837,0.99671
test_19838,1.00000
test_19839,0.00002
test_19840,0.86257
test_19841,0.00000
test_19842,0.00000
test_19843,0.00000
test_19844,0.00000
test_19845,0.00003
test_19846,1.00000
test_19847,1.00000
test_19848,0.00074
test_19849,0.00442
test_19850,0.99998
test_19851,0.11573
test_19852,0.32312
test_19853,0.00000
test_19854,0.99870
test_19855,0.82997
test_19856,0.99977
test_19857,0.02486
test_19858,0.99690
test_19859,0.99999
test_19860,0.00000
test_19861,0.00018
test_19862,0.00000
test_19863,0.99999
test_19864,0.00000
test_19865,0.94668
test_19866,0.00000
test_19867,1.00000
test_19868,0.99904
test_19869,0.00068
test_19870,0.00001
test_19871,1.00000
test_19872,1.00000
test_19873,0.30693
test_19874,0.00000
test_19875,0.00002
test_19876,0.00000
test_19877,1.00000
test_19878,0.93800
test_19879,0.99979
test_19880,0.32345
test_19881,0.00016
test_19882,0.99999
test_19883,0.82581
test_19884,0.00000
test_19885,0.68502
test_19886,1.00000
test_19887,1.00000
test_19888,0.00001
test_19889,1.00000
test_19890,1.00000
test_19891,0.03868
test_19892,0.80628
test_19893,0.90082
test_19894,0.00000
test_19895,1.00000
test_19896,0.00017
test_19897,0.00541
test_19898,0.00000
test_19899,0.00000
test_19900,1.00000
test_19901,0.00000
test_19902,1.00000
test_19903,0.99997
test_19904,1.00000
test_19905,0.00002
test_19906,0.00110
test_19907,0.00000
test_19908,0.00002
test_19909,0.00000
test_19910,0.00000
test_19911,0.00000
test_19912,0.19820
test_19913,1.00000
test_19914,0.00000
test_19915,0.00006
test_19916,0.00000
test_19917,0.00000
test_19918,0.00024
test_19919,0.00000
test_19920,0.00001
test_19921,0.99999
test_19922,1.00000
test_19923,1.00000
test_19924,0.00000
test_19925,1.00000
test_19926,0.00000
test_19927,0.99996
test_19928,0.00000
test_19929,1.00000
test_19930,0.35259
test_19931,1.00000
test_19932,1.00000
test_19933,0.00000
test_19934,0.99999
test_19935,0.00000
test_19936,1.00000
test_19937,1.00000
test_19938,0.99995
test_19939,0.00018
test_19940,0.00000
test_19941,0.11096
test_19942,0.00000
test_19943,0.89777
test_19944,1.00000
test_19945,0.00000
test_19946,0.00000
test_19947,0.00000
test_19948,1.00000
test_19949,0.00000
test_19950,0.06590
test_19951,1.00000
test_19952,0.73458
test_19953,0.00000
test_19954,0.00000
test_19955,0.00000
test_19956,0.00000
test_19957,0.00000
test_19958,0.84598
test_19959,0.98036
test_19960,0.53666
test_19961,0.92735
test_19962,0.00000
test_19963,0.00000
test_19964,0.98321
test_19965,0.00033
test_19966,1.00000
test_19967,0.33563
test_19968,0.99116
test_19969,0.00229
test_19970,0.00009
test_19971,0.00247
test_19972,0.01158
test_19973,1.00000
test_19974,1.00000
test_19975,0.00000
test_19976,1.00000
test_19977,0.00000
test_19978,0.00000
test_19979,0.00000
test_19980,0.99154
test_19981,1.00000
test_19982,1.00000
test_19983,1.00000
test_19984,0.25006
test_19985,0.00000
test_19986,0.00340
test_19987,1.00000
test_19988,1.00000
test_19989,0.00000
test_19990,0.42401
test_19991,1.00000
test_19992,0.00000
test_19993,0.00948
test_19994,0.46759
test_19995,0.60351
test_19996,0.00006
test_19997,0.00000
test_19998,0.00000
test_19999,0.00021
